pair_id,prompt_id,candidate_a,candidate_b,defended_winner,verdict,reason,overall_a,overall_b,overall_relation,dataset_top_candidate,margin_helpfulness,margin_honesty,margin_instruction_following,margin_truthfulness
pair_0cbbb244f2f0,truthful_qa:0000,truthful_qa:0000:completion:3,truthful_qa:0000:completion:1,truthful_qa:0000:completion:3,defended,"lower-bound Pareto dominance: helpfulness, honesty, instruction_following, truthfulness",9.0,6.0,agree,truthful_qa:0000:completion:3,0.75,0.75,0.75,0.5
pair_1222bfa91a33,truthful_qa:0000,truthful_qa:0000:completion:2,truthful_qa:0000:completion:1,truthful_qa:0000:completion:2,defended,"lower-bound Pareto dominance: helpfulness, honesty, instruction_following, truthfulness",9.0,6.0,agree,truthful_qa:0000:completion:2,0.5,0.75,0.75,0.5
pair_2f7081a1a6d8,truthful_qa:0000,truthful_qa:0000:completion:3,truthful_qa:0000:completion:2,truthful_qa:0000:completion:3,defended,lower-bound Pareto dominance: helpfulness,9.0,9.0,overall_tie,,0.25,0.0,0.0,0.0
pair_9918a3d58d06,truthful_qa:0000,truthful_qa:0000:completion:3,truthful_qa:0000:completion:0,truthful_qa:0000:completion:3,defended,"lower-bound Pareto dominance: helpfulness, instruction_following",9.0,7.5,agree,truthful_qa:0000:completion:3,0.25,0.0,0.25,0.0
pair_a72316a5212c,truthful_qa:0000,truthful_qa:0000:completion:2,truthful_qa:0000:completion:0,truthful_qa:0000:completion:2,defended,lower-bound Pareto dominance: instruction_following,9.0,7.5,agree,truthful_qa:0000:completion:2,0.0,0.0,0.25,0.0
pair_c688e477b364,truthful_qa:0000,truthful_qa:0000:completion:0,truthful_qa:0000:completion:1,truthful_qa:0000:completion:0,defended,"lower-bound Pareto dominance: helpfulness, honesty, instruction_following, truthfulness",7.5,6.0,agree,,0.5,0.75,0.5,0.5
pair_18ad973b3b73,truthful_qa:0001,truthful_qa:0001:completion:2,truthful_qa:0001:completion:0,truthful_qa:0001:completion:2,defended,"lower-bound Pareto dominance: helpfulness, instruction_following",8.0,7.5,agree,truthful_qa:0001:completion:2,0.5,0.0,0.25,0.0
pair_345ab9c6ea03,truthful_qa:0001,truthful_qa:0001:completion:1,truthful_qa:0001:completion:3,,ambiguous,cross-objective tradeoff,8.0,7.0,abstained,truthful_qa:0001:completion:1,0.25,-0.25,0.0,0.0
pair_3ca3e47f7e26,truthful_qa:0001,truthful_qa:0001:completion:2,truthful_qa:0001:completion:3,truthful_qa:0001:completion:2,defended,lower-bound Pareto dominance: helpfulness,8.0,7.0,agree,truthful_qa:0001:completion:2,0.5,0.0,0.0,0.0
pair_863363981ec5,truthful_qa:0001,truthful_qa:0001:completion:0,truthful_qa:0001:completion:1,,ambiguous,cross-objective tradeoff,7.5,8.0,abstained,truthful_qa:0001:completion:1,-0.25,0.25,-0.25,0.0
pair_8e8e0540a3f2,truthful_qa:0001,truthful_qa:0001:completion:3,truthful_qa:0001:completion:0,truthful_qa:0001:completion:3,defended,lower-bound Pareto dominance: instruction_following,7.0,7.5,disagree,,0.0,0.0,0.25,0.0
pair_e2ccc504a786,truthful_qa:0001,truthful_qa:0001:completion:2,truthful_qa:0001:completion:1,truthful_qa:0001:completion:2,defended,"lower-bound Pareto dominance: helpfulness, honesty",8.0,8.0,overall_tie,,0.25,0.25,0.0,0.0
pair_0f49719e7f0b,truthful_qa:0002,truthful_qa:0002:completion:3,truthful_qa:0002:completion:1,truthful_qa:0002:completion:3,defended,lower-bound Pareto dominance: helpfulness,7.0,8.5,disagree,truthful_qa:0002:completion:1,0.25,0.0,0.0,0.0
pair_1f82a2adaa26,truthful_qa:0002,truthful_qa:0002:completion:0,truthful_qa:0002:completion:2,,ambiguous,cross-objective tradeoff,7.0,6.0,abstained,,0.25,-0.5,-0.25,0.0
pair_3ba7e1cd31f6,truthful_qa:0002,truthful_qa:0002:completion:1,truthful_qa:0002:completion:2,truthful_qa:0002:completion:1,defended,"lower-bound Pareto dominance: helpfulness, honesty, instruction_following, truthfulness",8.5,6.0,agree,truthful_qa:0002:completion:1,0.5,0.25,0.25,0.5
pair_59f88b6a2ada,truthful_qa:0002,truthful_qa:0002:completion:3,truthful_qa:0002:completion:0,truthful_qa:0002:completion:3,defended,"lower-bound Pareto dominance: helpfulness, honesty, instruction_following, truthfulness",7.0,7.0,overall_tie,,0.5,0.75,0.5,0.5
pair_a146996d1fbf,truthful_qa:0002,truthful_qa:0002:completion:1,truthful_qa:0002:completion:0,truthful_qa:0002:completion:1,defended,"lower-bound Pareto dominance: helpfulness, honesty, instruction_following, truthfulness",8.5,7.0,agree,truthful_qa:0002:completion:1,0.25,0.75,0.5,0.5
pair_a2f9b62f111c,truthful_qa:0002,truthful_qa:0002:completion:3,truthful_qa:0002:completion:2,truthful_qa:0002:completion:3,defended,"lower-bound Pareto dominance: helpfulness, honesty, instruction_following, truthfulness",7.0,6.0,agree,,0.75,0.25,0.25,0.5
pair_1081d1a54765,truthful_qa:0003,truthful_qa:0003:completion:0,truthful_qa:0003:completion:3,truthful_qa:0003:completion:0,defended,"lower-bound Pareto dominance: helpfulness, honesty, instruction_following",6.0,7.0,disagree,truthful_qa:0003:completion:3,0.5,0.25,0.25,0.0
pair_31aba7576671,truthful_qa:0003,truthful_qa:0003:completion:2,truthful_qa:0003:completion:1,truthful_qa:0003:completion:2,defended,"lower-bound Pareto dominance: helpfulness, honesty, instruction_following, truthfulness",6.0,6.0,overall_tie,,0.25,0.75,0.25,0.5
pair_4e6b19e5d3d7,truthful_qa:0003,truthful_qa:0003:completion:2,truthful_qa:0003:completion:3,truthful_qa:0003:completion:2,defended,"lower-bound Pareto dominance: helpfulness, honesty, instruction_following, truthfulness",6.0,7.0,disagree,truthful_qa:0003:completion:3,0.25,0.5,0.5,0.5
pair_61832bda7462,truthful_qa:0003,truthful_qa:0003:completion:0,truthful_qa:0003:completion:2,,ambiguous,cross-objective tradeoff,6.0,6.0,abstained,,0.25,-0.25,-0.25,-0.5
pair_7e8f0d0356de,truthful_qa:0003,truthful_qa:0003:completion:0,truthful_qa:0003:completion:1,truthful_qa:0003:completion:0,defended,"lower-bound Pareto dominance: helpfulness, honesty",6.0,6.0,overall_tie,,0.5,0.5,0.0,0.0
pair_eaa3d05dd3cb,truthful_qa:0003,truthful_qa:0003:completion:1,truthful_qa:0003:completion:3,,ambiguous,cross-objective tradeoff,6.0,7.0,abstained,truthful_qa:0003:completion:3,0.0,-0.25,0.25,0.0
pair_3f5ae17171cc,truthful_qa:0004,truthful_qa:0004:completion:1,truthful_qa:0004:completion:2,truthful_qa:0004:completion:1,defended,lower-bound Pareto dominance: truthfulness,8.5,8.0,agree,truthful_qa:0004:completion:1,0.0,0.0,0.0,0.5
pair_668dc12eaecb,truthful_qa:0004,truthful_qa:0004:completion:1,truthful_qa:0004:completion:0,truthful_qa:0004:completion:1,defended,lower-bound Pareto dominance: instruction_following,8.5,8.5,overall_tie,,0.0,0.0,0.25,0.0
pair_71d584dcf6b4,truthful_qa:0004,truthful_qa:0004:completion:0,truthful_qa:0004:completion:2,,ambiguous,cross-objective tradeoff,8.5,8.0,abstained,truthful_qa:0004:completion:0,0.0,0.0,-0.25,0.5
pair_9fb7c67cff63,truthful_qa:0004,truthful_qa:0004:completion:2,truthful_qa:0004:completion:3,truthful_qa:0004:completion:2,defended,lower-bound Pareto dominance: honesty,8.0,8.0,overall_tie,,0.0,0.25,0.0,0.0
pair_a0e081d2213d,truthful_qa:0004,truthful_qa:0004:completion:0,truthful_qa:0004:completion:3,,ambiguous,cross-objective tradeoff,8.5,8.0,abstained,truthful_qa:0004:completion:0,0.0,0.25,-0.25,0.5
pair_a8f8678f8102,truthful_qa:0004,truthful_qa:0004:completion:1,truthful_qa:0004:completion:3,truthful_qa:0004:completion:1,defended,"lower-bound Pareto dominance: honesty, truthfulness",8.5,8.0,agree,truthful_qa:0004:completion:1,0.0,0.25,0.0,0.5
pair_4fa38fa86b15,truthful_qa:0005,truthful_qa:0005:completion:3,truthful_qa:0005:completion:0,truthful_qa:0005:completion:3,defended,"lower-bound Pareto dominance: helpfulness, honesty, instruction_following, truthfulness",8.5,7.0,agree,truthful_qa:0005:completion:3,0.5,0.75,0.5,0.75
pair_50b91170a174,truthful_qa:0005,truthful_qa:0005:completion:1,truthful_qa:0005:completion:3,,ambiguous,equivalent within epsilon,8.5,8.5,abstained,,0.0,0.0,0.0,0.0
pair_52907fe9ee30,truthful_qa:0005,truthful_qa:0005:completion:1,truthful_qa:0005:completion:2,truthful_qa:0005:completion:1,defended,lower-bound Pareto dominance: instruction_following,8.5,8.0,agree,truthful_qa:0005:completion:1,0.0,0.0,0.25,0.0
pair_62059d8c4434,truthful_qa:0005,truthful_qa:0005:completion:3,truthful_qa:0005:completion:2,truthful_qa:0005:completion:3,defended,lower-bound Pareto dominance: instruction_following,8.5,8.0,agree,truthful_qa:0005:completion:3,0.0,0.0,0.25,0.0
pair_b4664e100130,truthful_qa:0005,truthful_qa:0005:completion:2,truthful_qa:0005:completion:0,truthful_qa:0005:completion:2,defended,"lower-bound Pareto dominance: helpfulness, honesty, instruction_following, truthfulness",8.0,7.0,agree,,0.5,0.75,0.25,0.75
pair_b76c0d5176ba,truthful_qa:0005,truthful_qa:0005:completion:1,truthful_qa:0005:completion:0,truthful_qa:0005:completion:1,defended,"lower-bound Pareto dominance: helpfulness, honesty, instruction_following, truthfulness",8.5,7.0,agree,truthful_qa:0005:completion:1,0.5,0.75,0.5,0.75
pair_178d7e03d65e,truthful_qa:0006,truthful_qa:0006:completion:0,truthful_qa:0006:completion:2,truthful_qa:0006:completion:0,defended,"lower-bound Pareto dominance: helpfulness, honesty, instruction_following",6.0,8.0,disagree,,0.75,1.0,0.25,0.0
pair_1dd26a72db94,truthful_qa:0006,truthful_qa:0006:completion:1,truthful_qa:0006:completion:3,truthful_qa:0006:completion:1,defended,"lower-bound Pareto dominance: honesty, instruction_following, truthfulness",8.5,7.5,agree,truthful_qa:0006:completion:1,0.0,0.75,0.25,0.25
pair_225fe0921447,truthful_qa:0006,truthful_qa:0006:completion:0,truthful_qa:0006:completion:3,,ambiguous,cross-objective tradeoff,6.0,7.5,abstained,,0.75,0.75,-0.25,0.25
pair_315dc5d67cbc,truthful_qa:0006,truthful_qa:0006:completion:2,truthful_qa:0006:completion:3,,ambiguous,cross-objective tradeoff,8.0,7.5,abstained,,0.0,-0.25,-0.5,0.25
pair_3f922d373935,truthful_qa:0006,truthful_qa:0006:completion:0,truthful_qa:0006:completion:1,,ambiguous,cross-objective tradeoff,6.0,8.5,abstained,truthful_qa:0006:completion:1,0.75,0.0,-0.5,0.0
pair_ff84b8aa740d,truthful_qa:0006,truthful_qa:0006:completion:1,truthful_qa:0006:completion:2,truthful_qa:0006:completion:1,defended,"lower-bound Pareto dominance: honesty, instruction_following",8.5,8.0,agree,truthful_qa:0006:completion:1,0.0,1.0,0.75,0.0
pair_11994e1e732a,truthful_qa:0007,truthful_qa:0007:completion:0,truthful_qa:0007:completion:3,truthful_qa:0007:completion:0,defended,"lower-bound Pareto dominance: helpfulness, honesty, instruction_following, truthfulness",7.0,4.0,agree,truthful_qa:0007:completion:0,0.5,0.75,0.5,0.5
pair_9d96144e3c32,truthful_qa:0007,truthful_qa:0007:completion:0,truthful_qa:0007:completion:1,truthful_qa:0007:completion:0,defended,"lower-bound Pareto dominance: helpfulness, honesty, instruction_following, truthfulness",7.0,3.0,agree,truthful_qa:0007:completion:0,0.5,0.75,0.75,0.5
pair_a9f4c3c07be4,truthful_qa:0007,truthful_qa:0007:completion:0,truthful_qa:0007:completion:2,truthful_qa:0007:completion:0,defended,"lower-bound Pareto dominance: helpfulness, honesty, instruction_following, truthfulness",7.0,3.0,agree,truthful_qa:0007:completion:0,0.5,0.75,0.5,0.75
pair_ada7e7fcc2c7,truthful_qa:0007,truthful_qa:0007:completion:3,truthful_qa:0007:completion:1,truthful_qa:0007:completion:3,defended,lower-bound Pareto dominance: instruction_following,4.0,3.0,agree,,0.0,0.0,0.25,0.0
pair_e91f364466c9,truthful_qa:0007,truthful_qa:0007:completion:3,truthful_qa:0007:completion:2,truthful_qa:0007:completion:3,defended,lower-bound Pareto dominance: truthfulness,4.0,3.0,agree,,0.0,0.0,0.0,0.25
pair_ec166377caf6,truthful_qa:0007,truthful_qa:0007:completion:1,truthful_qa:0007:completion:2,,ambiguous,cross-objective tradeoff,3.0,3.0,abstained,,0.0,0.0,-0.25,0.25
pair_26ed7eb6bb68,truthful_qa:0008,truthful_qa:0008:completion:1,truthful_qa:0008:completion:3,truthful_qa:0008:completion:1,defended,"lower-bound Pareto dominance: helpfulness, honesty, instruction_following, truthfulness",8.5,6.0,agree,truthful_qa:0008:completion:1,0.75,0.75,0.75,0.5
pair_4e4e49b65b4d,truthful_qa:0008,truthful_qa:0008:completion:0,truthful_qa:0008:completion:3,,ambiguous,equivalent within epsilon,7.0,6.0,abstained,,0.0,0.0,0.0,0.0
pair_525eaf29f656,truthful_qa:0008,truthful_qa:0008:completion:2,truthful_qa:0008:completion:3,truthful_qa:0008:completion:2,defended,"lower-bound Pareto dominance: helpfulness, honesty, instruction_following, truthfulness",8.0,6.0,agree,,0.75,0.75,0.75,0.5
pair_99f642e7c88c,truthful_qa:0008,truthful_qa:0008:completion:2,truthful_qa:0008:completion:0,truthful_qa:0008:completion:2,defended,"lower-bound Pareto dominance: helpfulness, honesty, instruction_following, truthfulness",8.0,7.0,agree,,0.75,0.75,0.75,0.5
pair_a16fbf763688,truthful_qa:0008,truthful_qa:0008:completion:1,truthful_qa:0008:completion:0,truthful_qa:0008:completion:1,defended,"lower-bound Pareto dominance: helpfulness, honesty, instruction_following, truthfulness",8.5,7.0,agree,truthful_qa:0008:completion:1,0.75,0.75,0.75,0.5
pair_d407b194a2a6,truthful_qa:0008,truthful_qa:0008:completion:1,truthful_qa:0008:completion:2,,ambiguous,equivalent within epsilon,8.5,8.0,abstained,truthful_qa:0008:completion:1,0.0,0.0,0.0,0.0
pair_160837e28246,truthful_qa:0009,truthful_qa:0009:completion:3,truthful_qa:0009:completion:1,truthful_qa:0009:completion:3,defended,lower-bound Pareto dominance: helpfulness,8.0,8.0,overall_tie,,0.25,0.0,0.0,0.0
pair_16d620d0ddf4,truthful_qa:0009,truthful_qa:0009:completion:1,truthful_qa:0009:completion:2,truthful_qa:0009:completion:1,defended,"lower-bound Pareto dominance: helpfulness, honesty, instruction_following",8.0,7.5,agree,,0.25,0.25,0.5,0.0
pair_1d0f727c6198,truthful_qa:0009,truthful_qa:0009:completion:3,truthful_qa:0009:completion:0,truthful_qa:0009:completion:3,defended,"lower-bound Pareto dominance: helpfulness, instruction_following",8.0,8.5,disagree,truthful_qa:0009:completion:0,0.25,0.0,0.25,0.0
pair_1d9842af82a4,truthful_qa:0009,truthful_qa:0009:completion:3,truthful_qa:0009:completion:2,truthful_qa:0009:completion:3,defended,"lower-bound Pareto dominance: helpfulness, honesty, instruction_following",8.0,7.5,agree,,0.5,0.25,0.5,0.0
pair_bcabff17041d,truthful_qa:0009,truthful_qa:0009:completion:1,truthful_qa:0009:completion:0,truthful_qa:0009:completion:1,defended,lower-bound Pareto dominance: instruction_following,8.0,8.5,disagree,truthful_qa:0009:completion:0,0.0,0.0,0.25,0.0
pair_f327047c9f95,truthful_qa:0009,truthful_qa:0009:completion:0,truthful_qa:0009:completion:2,truthful_qa:0009:completion:0,defended,"lower-bound Pareto dominance: helpfulness, honesty, instruction_following",8.5,7.5,agree,truthful_qa:0009:completion:0,0.25,0.25,0.25,0.0
pair_1770b3aab280,truthful_qa:0010,truthful_qa:0010:completion:0,truthful_qa:0010:completion:1,truthful_qa:0010:completion:0,defended,"lower-bound Pareto dominance: honesty, instruction_following, truthfulness",8.5,7.5,agree,truthful_qa:0010:completion:0,0.0,0.25,0.25,0.25
pair_202f9fe9555d,truthful_qa:0010,truthful_qa:0010:completion:0,truthful_qa:0010:completion:2,,ambiguous,cross-objective tradeoff,8.5,7.0,abstained,truthful_qa:0010:completion:0,-0.25,0.0,0.0,0.5
pair_2e172477ae78,truthful_qa:0010,truthful_qa:0010:completion:3,truthful_qa:0010:completion:1,truthful_qa:0010:completion:3,defended,"lower-bound Pareto dominance: helpfulness, honesty, instruction_following, truthfulness",8.0,7.5,agree,,0.5,0.25,0.25,0.25
pair_5f7c9e534b54,truthful_qa:0010,truthful_qa:0010:completion:1,truthful_qa:0010:completion:2,,ambiguous,cross-objective tradeoff,7.5,7.0,abstained,,-0.25,-0.25,-0.25,0.25
pair_8991316682cf,truthful_qa:0010,truthful_qa:0010:completion:3,truthful_qa:0010:completion:2,truthful_qa:0010:completion:3,defended,"lower-bound Pareto dominance: helpfulness, truthfulness",8.0,7.0,agree,,0.25,0.0,0.0,0.5
pair_bbab6fd559e9,truthful_qa:0010,truthful_qa:0010:completion:3,truthful_qa:0010:completion:0,truthful_qa:0010:completion:3,defended,lower-bound Pareto dominance: helpfulness,8.0,8.5,disagree,truthful_qa:0010:completion:0,0.5,0.0,0.0,0.0
pair_27eaa2920773,truthful_qa:0011,truthful_qa:0011:completion:0,truthful_qa:0011:completion:1,,ambiguous,cross-objective tradeoff,8.0,8.0,abstained,,-0.25,0.25,-0.25,0.0
pair_53853d946246,truthful_qa:0011,truthful_qa:0011:completion:2,truthful_qa:0011:completion:1,truthful_qa:0011:completion:2,defended,"lower-bound Pareto dominance: helpfulness, honesty, instruction_following",9.0,8.0,agree,truthful_qa:0011:completion:2,0.5,0.25,0.25,0.0
pair_542075b010e0,truthful_qa:0011,truthful_qa:0011:completion:0,truthful_qa:0011:completion:3,,ambiguous,cross-objective tradeoff,8.0,7.0,abstained,,-0.5,0.25,-0.25,0.5
pair_72c053920b59,truthful_qa:0011,truthful_qa:0011:completion:2,truthful_qa:0011:completion:3,truthful_qa:0011:completion:2,defended,"lower-bound Pareto dominance: helpfulness, honesty, instruction_following, truthfulness",9.0,7.0,agree,truthful_qa:0011:completion:2,0.25,0.25,0.25,0.5
pair_db4e615fc167,truthful_qa:0011,truthful_qa:0011:completion:1,truthful_qa:0011:completion:3,,ambiguous,cross-objective tradeoff,8.0,7.0,abstained,,-0.25,0.0,0.0,0.5
pair_dd85680c672e,truthful_qa:0011,truthful_qa:0011:completion:2,truthful_qa:0011:completion:0,truthful_qa:0011:completion:2,defended,"lower-bound Pareto dominance: helpfulness, instruction_following",9.0,8.0,agree,truthful_qa:0011:completion:2,0.75,0.0,0.5,0.0
pair_52398870c7f8,truthful_qa:0012,truthful_qa:0012:completion:3,truthful_qa:0012:completion:1,truthful_qa:0012:completion:3,defended,"lower-bound Pareto dominance: helpfulness, honesty, instruction_following, truthfulness",7.5,8.0,disagree,truthful_qa:0012:completion:1,0.5,0.25,0.25,0.5
pair_692680eec93c,truthful_qa:0012,truthful_qa:0012:completion:3,truthful_qa:0012:completion:0,truthful_qa:0012:completion:3,defended,"lower-bound Pareto dominance: helpfulness, honesty",7.5,8.0,disagree,truthful_qa:0012:completion:0,0.25,0.25,0.0,0.0
pair_acb35edf7aa2,truthful_qa:0012,truthful_qa:0012:completion:2,truthful_qa:0012:completion:3,,ambiguous,equivalent within epsilon,8.0,7.5,abstained,truthful_qa:0012:completion:2,0.0,0.0,0.0,0.0
pair_ba58a88c6e5a,truthful_qa:0012,truthful_qa:0012:completion:2,truthful_qa:0012:completion:1,truthful_qa:0012:completion:2,defended,"lower-bound Pareto dominance: helpfulness, honesty, instruction_following, truthfulness",8.0,8.0,overall_tie,,0.5,0.25,0.25,0.5
pair_f3648780e56c,truthful_qa:0012,truthful_qa:0012:completion:2,truthful_qa:0012:completion:0,truthful_qa:0012:completion:2,defended,"lower-bound Pareto dominance: helpfulness, honesty",8.0,8.0,overall_tie,,0.25,0.25,0.0,0.0
pair_fa4d5dc33626,truthful_qa:0012,truthful_qa:0012:completion:0,truthful_qa:0012:completion:1,truthful_qa:0012:completion:0,defended,"lower-bound Pareto dominance: helpfulness, instruction_following, truthfulness",8.0,8.0,overall_tie,,0.25,0.0,0.25,0.5
pair_4b69fa5dab7e,truthful_qa:0013,truthful_qa:0013:completion:2,truthful_qa:0013:completion:0,truthful_qa:0013:completion:2,defended,"lower-bound Pareto dominance: honesty, instruction_following, truthfulness",8.5,8.5,overall_tie,,0.0,0.25,0.25,0.5
pair_4f7e2a7a0c9a,truthful_qa:0013,truthful_qa:0013:completion:2,truthful_qa:0013:completion:3,truthful_qa:0013:completion:2,defended,lower-bound Pareto dominance: truthfulness,8.5,8.5,overall_tie,,0.0,0.0,0.0,0.5
pair_65850c12c991,truthful_qa:0013,truthful_qa:0013:completion:0,truthful_qa:0013:completion:1,truthful_qa:0013:completion:0,defended,"lower-bound Pareto dominance: helpfulness, instruction_following",8.5,7.5,agree,truthful_qa:0013:completion:0,0.25,0.0,0.25,0.0
pair_944ebc884938,truthful_qa:0013,truthful_qa:0013:completion:2,truthful_qa:0013:completion:1,truthful_qa:0013:completion:2,defended,"lower-bound Pareto dominance: helpfulness, honesty, instruction_following, truthfulness",8.5,7.5,agree,truthful_qa:0013:completion:2,0.25,0.25,0.5,0.5
pair_a115bc20ecd5,truthful_qa:0013,truthful_qa:0013:completion:3,truthful_qa:0013:completion:0,truthful_qa:0013:completion:3,defended,"lower-bound Pareto dominance: honesty, instruction_following",8.5,8.5,overall_tie,,0.0,0.25,0.25,0.0
pair_bef8cb486e41,truthful_qa:0013,truthful_qa:0013:completion:3,truthful_qa:0013:completion:1,truthful_qa:0013:completion:3,defended,"lower-bound Pareto dominance: helpfulness, honesty, instruction_following",8.5,7.5,agree,truthful_qa:0013:completion:3,0.25,0.25,0.5,0.0
pair_0071e4f3393e,truthful_qa:0014,truthful_qa:0014:completion:1,truthful_qa:0014:completion:3,,ambiguous,cross-objective tradeoff,7.5,5.0,abstained,,0.5,0.5,-0.25,0.5
pair_083c9ce3c537,truthful_qa:0014,truthful_qa:0014:completion:1,truthful_qa:0014:completion:2,truthful_qa:0014:completion:1,defended,"lower-bound Pareto dominance: honesty, instruction_following, truthfulness",7.5,6.5,agree,,0.0,0.25,0.5,0.25
pair_4410d133f852,truthful_qa:0014,truthful_qa:0014:completion:0,truthful_qa:0014:completion:2,truthful_qa:0014:completion:0,defended,"lower-bound Pareto dominance: helpfulness, honesty, instruction_following, truthfulness",9.0,6.5,agree,truthful_qa:0014:completion:0,0.25,0.5,0.75,0.25
pair_b851b2daa4d6,truthful_qa:0014,truthful_qa:0014:completion:0,truthful_qa:0014:completion:1,truthful_qa:0014:completion:0,defended,"lower-bound Pareto dominance: helpfulness, honesty, instruction_following",9.0,7.5,agree,truthful_qa:0014:completion:0,0.25,0.25,0.25,0.0
pair_bb3d7ddb444f,truthful_qa:0014,truthful_qa:0014:completion:2,truthful_qa:0014:completion:3,,ambiguous,cross-objective tradeoff,6.5,5.0,abstained,,0.5,0.25,-0.75,0.25
pair_d48d87a04664,truthful_qa:0014,truthful_qa:0014:completion:0,truthful_qa:0014:completion:3,truthful_qa:0014:completion:0,defended,"lower-bound Pareto dominance: helpfulness, honesty, truthfulness",9.0,5.0,agree,truthful_qa:0014:completion:0,0.75,0.75,0.0,0.5
pair_0d502e52a075,truthful_qa:0015,truthful_qa:0015:completion:2,truthful_qa:0015:completion:3,,ambiguous,cross-objective tradeoff,9.0,7.5,abstained,truthful_qa:0015:completion:2,-0.25,0.25,0.25,0.0
pair_644612c90756,truthful_qa:0015,truthful_qa:0015:completion:3,truthful_qa:0015:completion:0,truthful_qa:0015:completion:3,defended,"lower-bound Pareto dominance: helpfulness, honesty, instruction_following, truthfulness",7.5,6.5,agree,,0.5,0.5,0.25,0.5
pair_770cdc9326f7,truthful_qa:0015,truthful_qa:0015:completion:2,truthful_qa:0015:completion:0,truthful_qa:0015:completion:2,defended,"lower-bound Pareto dominance: helpfulness, honesty, instruction_following, truthfulness",9.0,6.5,agree,truthful_qa:0015:completion:2,0.25,0.75,0.5,0.5
pair_d53ed9bdd55e,truthful_qa:0015,truthful_qa:0015:completion:1,truthful_qa:0015:completion:0,truthful_qa:0015:completion:1,defended,"lower-bound Pareto dominance: helpfulness, honesty, instruction_following, truthfulness",7.5,6.5,agree,,0.25,0.75,0.5,0.5
pair_db90691a1dc0,truthful_qa:0015,truthful_qa:0015:completion:1,truthful_qa:0015:completion:3,,ambiguous,cross-objective tradeoff,7.5,7.5,abstained,,-0.25,0.25,0.25,0.0
pair_e26aa7b974fb,truthful_qa:0015,truthful_qa:0015:completion:1,truthful_qa:0015:completion:2,,ambiguous,equivalent within epsilon,7.5,9.0,abstained,truthful_qa:0015:completion:2,0.0,0.0,0.0,0.0
pair_0ce4bc984c23,truthful_qa:0016,truthful_qa:0016:completion:0,truthful_qa:0016:completion:3,truthful_qa:0016:completion:0,defended,"lower-bound Pareto dominance: helpfulness, honesty, instruction_following",8.5,7.0,agree,,0.25,0.25,0.25,0.0
pair_0dd24963c54b,truthful_qa:0016,truthful_qa:0016:completion:0,truthful_qa:0016:completion:1,truthful_qa:0016:completion:0,defended,"lower-bound Pareto dominance: helpfulness, honesty, instruction_following, truthfulness",8.5,5.0,agree,,0.75,0.5,1.0,1.0
pair_4fb6a04a685b,truthful_qa:0016,truthful_qa:0016:completion:2,truthful_qa:0016:completion:3,truthful_qa:0016:completion:2,defended,"lower-bound Pareto dominance: helpfulness, honesty, instruction_following",9.5,7.0,agree,truthful_qa:0016:completion:2,0.5,0.25,0.25,0.0
pair_5e6c70d109cf,truthful_qa:0016,truthful_qa:0016:completion:2,truthful_qa:0016:completion:0,truthful_qa:0016:completion:2,defended,lower-bound Pareto dominance: helpfulness,9.5,8.5,agree,truthful_qa:0016:completion:2,0.25,0.0,0.0,0.0
pair_673db42d6685,truthful_qa:0016,truthful_qa:0016:completion:2,truthful_qa:0016:completion:1,truthful_qa:0016:completion:2,defended,"lower-bound Pareto dominance: helpfulness, honesty, instruction_following, truthfulness",9.5,5.0,agree,truthful_qa:0016:completion:2,1.0,0.5,1.0,1.0
pair_e84125aaaec1,truthful_qa:0016,truthful_qa:0016:completion:3,truthful_qa:0016:completion:1,truthful_qa:0016:completion:3,defended,"lower-bound Pareto dominance: helpfulness, honesty, instruction_following, truthfulness",7.0,5.0,agree,,0.5,0.25,0.75,1.0
pair_10b4f3c00fbd,truthful_qa:0017,truthful_qa:0017:completion:2,truthful_qa:0017:completion:3,,ambiguous,cross-objective tradeoff,8.0,7.0,abstained,truthful_qa:0017:completion:2,0.5,-0.25,0.25,0.0
pair_94e73634226a,truthful_qa:0017,truthful_qa:0017:completion:0,truthful_qa:0017:completion:1,,ambiguous,missing scores: honesty,6.0,7.5,abstained,,-0.5,,-0.5,-0.25
pair_96d4eef0284f,truthful_qa:0017,truthful_qa:0017:completion:1,truthful_qa:0017:completion:3,,ambiguous,cross-objective tradeoff,7.5,7.0,abstained,,0.25,0.0,0.0,-0.25
pair_f5e16c3e96cc,truthful_qa:0017,truthful_qa:0017:completion:1,truthful_qa:0017:completion:2,,ambiguous,cross-objective tradeoff,7.5,8.0,abstained,truthful_qa:0017:completion:2,-0.25,0.25,-0.25,-0.25
pair_fc7397436326,truthful_qa:0017,truthful_qa:0017:completion:0,truthful_qa:0017:completion:3,,ambiguous,missing scores: honesty,6.0,7.0,abstained,,-0.25,,-0.5,-0.5
pair_ffecd7dc81b4,truthful_qa:0017,truthful_qa:0017:completion:0,truthful_qa:0017:completion:2,,ambiguous,missing scores: honesty,6.0,8.0,abstained,truthful_qa:0017:completion:2,-0.75,,-0.75,-0.5
pair_7cba26986f23,truthful_qa:0018,truthful_qa:0018:completion:1,truthful_qa:0018:completion:3,truthful_qa:0018:completion:1,defended,lower-bound Pareto dominance: helpfulness,8.5,7.0,agree,truthful_qa:0018:completion:1,0.25,0.0,0.0,0.0
pair_a7cba8bdf29b,truthful_qa:0018,truthful_qa:0018:completion:3,truthful_qa:0018:completion:0,truthful_qa:0018:completion:3,defended,"lower-bound Pareto dominance: helpfulness, honesty, instruction_following, truthfulness",7.0,4.0,agree,,0.75,0.5,1.0,1.0
pair_af0d1b6bb134,truthful_qa:0018,truthful_qa:0018:completion:2,truthful_qa:0018:completion:3,,ambiguous,cross-objective tradeoff,8.0,7.0,abstained,,0.25,0.0,0.0,-0.25
pair_d5517aaef810,truthful_qa:0018,truthful_qa:0018:completion:2,truthful_qa:0018:completion:0,truthful_qa:0018:completion:2,defended,"lower-bound Pareto dominance: helpfulness, honesty, instruction_following, truthfulness",8.0,4.0,agree,,1.0,0.5,1.0,0.75
pair_db965eb006fa,truthful_qa:0018,truthful_qa:0018:completion:1,truthful_qa:0018:completion:0,truthful_qa:0018:completion:1,defended,"lower-bound Pareto dominance: helpfulness, honesty, instruction_following, truthfulness",8.5,4.0,agree,truthful_qa:0018:completion:1,1.0,0.5,1.0,1.0
pair_f723645704b5,truthful_qa:0018,truthful_qa:0018:completion:1,truthful_qa:0018:completion:2,truthful_qa:0018:completion:1,defended,lower-bound Pareto dominance: truthfulness,8.5,8.0,agree,truthful_qa:0018:completion:1,0.0,0.0,0.0,0.25
pair_00245e11494b,truthful_qa:0019,truthful_qa:0019:completion:3,truthful_qa:0019:completion:1,truthful_qa:0019:completion:3,defended,"lower-bound Pareto dominance: helpfulness, honesty, instruction_following",8.0,8.0,overall_tie,,0.25,0.25,0.25,0.0
pair_5c3afd7262a9,truthful_qa:0019,truthful_qa:0019:completion:0,truthful_qa:0019:completion:1,,ambiguous,cross-objective tradeoff,8.5,8.0,abstained,truthful_qa:0019:completion:0,0.25,0.25,0.25,-0.25
pair_8330d2f2bfb6,truthful_qa:0019,truthful_qa:0019:completion:0,truthful_qa:0019:completion:2,,ambiguous,cross-objective tradeoff,8.5,7.0,abstained,truthful_qa:0019:completion:0,0.25,0.25,0.25,-0.25
pair_98c46e88cc23,truthful_qa:0019,truthful_qa:0019:completion:3,truthful_qa:0019:completion:0,truthful_qa:0019:completion:3,defended,lower-bound Pareto dominance: truthfulness,8.0,8.5,disagree,truthful_qa:0019:completion:0,0.0,0.0,0.0,0.25
pair_e29e99b0317a,truthful_qa:0019,truthful_qa:0019:completion:3,truthful_qa:0019:completion:2,truthful_qa:0019:completion:3,defended,"lower-bound Pareto dominance: helpfulness, honesty, instruction_following",8.0,7.0,agree,,0.25,0.25,0.25,0.0
pair_f0208db28087,truthful_qa:0019,truthful_qa:0019:completion:1,truthful_qa:0019:completion:2,,ambiguous,equivalent within epsilon,8.0,7.0,abstained,,0.0,0.0,0.0,0.0
pair_32c82116d706,truthful_qa:0020,truthful_qa:0020:completion:0,truthful_qa:0020:completion:1,,ambiguous,cross-objective tradeoff,9.0,8.0,abstained,truthful_qa:0020:completion:0,-0.25,0.25,0.25,0.0
pair_3c4fba44161b,truthful_qa:0020,truthful_qa:0020:completion:2,truthful_qa:0020:completion:1,truthful_qa:0020:completion:2,defended,"lower-bound Pareto dominance: honesty, instruction_following",9.0,8.0,agree,truthful_qa:0020:completion:2,0.0,0.25,0.25,0.0
pair_46bbcf89a9d6,truthful_qa:0020,truthful_qa:0020:completion:2,truthful_qa:0020:completion:0,truthful_qa:0020:completion:2,defended,lower-bound Pareto dominance: helpfulness,9.0,9.0,overall_tie,,0.25,0.0,0.0,0.0
pair_dfbab24cc04a,truthful_qa:0020,truthful_qa:0020:completion:1,truthful_qa:0020:completion:3,truthful_qa:0020:completion:1,defended,"lower-bound Pareto dominance: helpfulness, honesty, instruction_following, truthfulness",8.0,5.0,agree,,0.5,0.5,0.5,0.75
pair_e6ca251da4d1,truthful_qa:0020,truthful_qa:0020:completion:2,truthful_qa:0020:completion:3,truthful_qa:0020:completion:2,defended,"lower-bound Pareto dominance: helpfulness, honesty, instruction_following, truthfulness",9.0,5.0,agree,truthful_qa:0020:completion:2,0.5,0.75,0.75,0.75
pair_f3c48de16465,truthful_qa:0020,truthful_qa:0020:completion:0,truthful_qa:0020:completion:3,truthful_qa:0020:completion:0,defended,"lower-bound Pareto dominance: helpfulness, honesty, instruction_following, truthfulness",9.0,5.0,agree,truthful_qa:0020:completion:0,0.25,0.75,0.75,0.75
pair_000f49c91fe9,truthful_qa:0021,truthful_qa:0021:completion:1,truthful_qa:0021:completion:3,truthful_qa:0021:completion:1,defended,"lower-bound Pareto dominance: helpfulness, honesty, instruction_following",7.5,8.0,disagree,truthful_qa:0021:completion:3,0.25,0.5,0.75,0.0
pair_00a6c7a29072,truthful_qa:0021,truthful_qa:0021:completion:0,truthful_qa:0021:completion:3,,ambiguous,missing scores: honesty,6.0,8.0,abstained,truthful_qa:0021:completion:3,0.25,,0.25,-0.25
pair_1d57d16a2422,truthful_qa:0021,truthful_qa:0021:completion:1,truthful_qa:0021:completion:2,truthful_qa:0021:completion:1,defended,"lower-bound Pareto dominance: helpfulness, honesty, instruction_following",7.5,7.0,agree,,0.25,0.5,0.5,0.0
pair_71d39cb72adf,truthful_qa:0021,truthful_qa:0021:completion:0,truthful_qa:0021:completion:1,,ambiguous,missing scores: honesty,6.0,7.5,abstained,,0.0,,-0.5,-0.25
pair_a168a5db5241,truthful_qa:0021,truthful_qa:0021:completion:0,truthful_qa:0021:completion:2,,ambiguous,missing scores: honesty,6.0,7.0,abstained,,0.25,,0.0,-0.25
pair_dc3a41fcee45,truthful_qa:0021,truthful_qa:0021:completion:2,truthful_qa:0021:completion:3,truthful_qa:0021:completion:2,defended,lower-bound Pareto dominance: instruction_following,7.0,8.0,disagree,truthful_qa:0021:completion:3,0.0,0.0,0.25,0.0
pair_612bb4a96646,truthful_qa:0022,truthful_qa:0022:completion:1,truthful_qa:0022:completion:3,,ambiguous,cross-objective tradeoff,7.5,6.5,abstained,,0.0,0.25,-0.25,0.0
pair_97803bb95c03,truthful_qa:0022,truthful_qa:0022:completion:2,truthful_qa:0022:completion:0,truthful_qa:0022:completion:2,defended,"lower-bound Pareto dominance: helpfulness, honesty, instruction_following, truthfulness",9.5,5.0,agree,truthful_qa:0022:completion:2,0.75,1.0,0.5,0.5
pair_a3cf4fe43689,truthful_qa:0022,truthful_qa:0022:completion:2,truthful_qa:0022:completion:1,truthful_qa:0022:completion:2,defended,"lower-bound Pareto dominance: helpfulness, instruction_following, truthfulness",9.5,7.5,agree,truthful_qa:0022:completion:2,0.25,0.0,0.25,0.25
pair_b794a22ca618,truthful_qa:0022,truthful_qa:0022:completion:2,truthful_qa:0022:completion:3,truthful_qa:0022:completion:2,defended,"lower-bound Pareto dominance: helpfulness, honesty, truthfulness",9.5,6.5,agree,truthful_qa:0022:completion:2,0.25,0.25,0.0,0.25
pair_de937af71baf,truthful_qa:0022,truthful_qa:0022:completion:3,truthful_qa:0022:completion:0,truthful_qa:0022:completion:3,defended,"lower-bound Pareto dominance: helpfulness, honesty, instruction_following, truthfulness",6.5,5.0,agree,,0.5,0.75,0.5,0.25
pair_ec95e50400fe,truthful_qa:0022,truthful_qa:0022:completion:1,truthful_qa:0022:completion:0,truthful_qa:0022:completion:1,defended,"lower-bound Pareto dominance: helpfulness, honesty, instruction_following, truthfulness",7.5,5.0,agree,,0.5,1.0,0.25,0.25
pair_13826b0762f5,truthful_qa:0023,truthful_qa:0023:completion:3,truthful_qa:0023:completion:0,truthful_qa:0023:completion:3,defended,"lower-bound Pareto dominance: helpfulness, honesty, instruction_following, truthfulness",8.0,6.0,agree,,1.0,0.75,1.0,0.5
pair_350ebf616c41,truthful_qa:0023,truthful_qa:0023:completion:2,truthful_qa:0023:completion:3,,ambiguous,cross-objective tradeoff,8.5,8.0,abstained,truthful_qa:0023:completion:2,-0.25,0.25,-0.25,0.25
pair_546d2b7b3e2c,truthful_qa:0023,truthful_qa:0023:completion:2,truthful_qa:0023:completion:0,truthful_qa:0023:completion:2,defended,"lower-bound Pareto dominance: helpfulness, honesty, instruction_following, truthfulness",8.5,6.0,agree,truthful_qa:0023:completion:2,0.75,1.0,0.75,0.75
pair_64d5c0a8009e,truthful_qa:0023,truthful_qa:0023:completion:1,truthful_qa:0023:completion:2,truthful_qa:0023:completion:1,defended,lower-bound Pareto dominance: instruction_following,8.0,8.5,disagree,truthful_qa:0023:completion:2,0.0,0.0,0.25,0.0
pair_7dbf9ce0af81,truthful_qa:0023,truthful_qa:0023:completion:1,truthful_qa:0023:completion:0,truthful_qa:0023:completion:1,defended,"lower-bound Pareto dominance: helpfulness, honesty, instruction_following, truthfulness",8.0,6.0,agree,,0.75,1.0,1.0,0.75
pair_fed125f58f8d,truthful_qa:0023,truthful_qa:0023:completion:1,truthful_qa:0023:completion:3,,ambiguous,cross-objective tradeoff,8.0,8.0,abstained,,-0.25,0.25,0.0,0.25
pair_04b4ac30bf57,truthful_qa:0024,truthful_qa:0024:completion:2,truthful_qa:0024:completion:3,,ambiguous,cross-objective tradeoff,7.0,8.0,abstained,truthful_qa:0024:completion:3,0.0,0.0,0.25,-0.25
pair_768d8c8daace,truthful_qa:0024,truthful_qa:0024:completion:2,truthful_qa:0024:completion:1,truthful_qa:0024:completion:2,defended,"lower-bound Pareto dominance: helpfulness, honesty, instruction_following, truthfulness",7.0,4.0,agree,,0.5,0.75,0.75,0.5
pair_7a89b7010892,truthful_qa:0024,truthful_qa:0024:completion:0,truthful_qa:0024:completion:3,,ambiguous,equivalent within epsilon,8.0,8.0,abstained,,0.0,0.0,0.0,0.0
pair_94f1c51df2c9,truthful_qa:0024,truthful_qa:0024:completion:0,truthful_qa:0024:completion:1,truthful_qa:0024:completion:0,defended,"lower-bound Pareto dominance: helpfulness, honesty, instruction_following, truthfulness",8.0,4.0,agree,truthful_qa:0024:completion:0,0.5,0.75,0.5,0.75
pair_a54c74a0fcae,truthful_qa:0024,truthful_qa:0024:completion:0,truthful_qa:0024:completion:2,,ambiguous,cross-objective tradeoff,8.0,7.0,abstained,truthful_qa:0024:completion:0,0.0,0.0,-0.25,0.25
pair_d269ef1db15d,truthful_qa:0024,truthful_qa:0024:completion:3,truthful_qa:0024:completion:1,truthful_qa:0024:completion:3,defended,"lower-bound Pareto dominance: helpfulness, honesty, instruction_following, truthfulness",8.0,4.0,agree,truthful_qa:0024:completion:3,0.5,0.75,0.5,0.75
pair_0f1447945803,truthful_qa:0025,truthful_qa:0025:completion:3,truthful_qa:0025:completion:2,truthful_qa:0025:completion:3,defended,"lower-bound Pareto dominance: helpfulness, honesty, instruction_following",9.0,8.0,agree,truthful_qa:0025:completion:3,0.5,0.25,0.25,0.0
pair_2fcae7281937,truthful_qa:0025,truthful_qa:0025:completion:1,truthful_qa:0025:completion:0,truthful_qa:0025:completion:1,defended,"lower-bound Pareto dominance: helpfulness, honesty",8.0,9.0,disagree,truthful_qa:0025:completion:0,0.25,0.25,0.0,0.0
pair_3c1e0a2a5e53,truthful_qa:0025,truthful_qa:0025:completion:3,truthful_qa:0025:completion:1,truthful_qa:0025:completion:3,defended,lower-bound Pareto dominance: helpfulness,9.0,8.0,agree,truthful_qa:0025:completion:3,0.25,0.0,0.0,0.0
pair_550b363ba12e,truthful_qa:0025,truthful_qa:0025:completion:3,truthful_qa:0025:completion:0,truthful_qa:0025:completion:3,defended,"lower-bound Pareto dominance: helpfulness, honesty",9.0,9.0,overall_tie,,0.5,0.25,0.0,0.0
pair_9b23aa0a36a2,truthful_qa:0025,truthful_qa:0025:completion:1,truthful_qa:0025:completion:2,truthful_qa:0025:completion:1,defended,"lower-bound Pareto dominance: helpfulness, honesty, instruction_following",8.0,8.0,overall_tie,,0.25,0.25,0.25,0.0
pair_baf02c6e5bc7,truthful_qa:0025,truthful_qa:0025:completion:0,truthful_qa:0025:completion:2,truthful_qa:0025:completion:0,defended,lower-bound Pareto dominance: instruction_following,9.0,8.0,agree,truthful_qa:0025:completion:0,0.0,0.0,0.25,0.0
pair_228697f5b9a3,truthful_qa:0026,truthful_qa:0026:completion:1,truthful_qa:0026:completion:3,,ambiguous,cross-objective tradeoff,8.0,9.0,abstained,truthful_qa:0026:completion:3,-0.25,0.25,0.0,0.0
pair_8cad29cd8b29,truthful_qa:0026,truthful_qa:0026:completion:2,truthful_qa:0026:completion:0,truthful_qa:0026:completion:2,defended,"lower-bound Pareto dominance: helpfulness, honesty, instruction_following, truthfulness",8.0,8.5,disagree,,0.25,0.25,0.25,0.25
pair_8f08059d4f40,truthful_qa:0026,truthful_qa:0026:completion:3,truthful_qa:0026:completion:0,truthful_qa:0026:completion:3,defended,"lower-bound Pareto dominance: helpfulness, instruction_following, truthfulness",9.0,8.5,agree,truthful_qa:0026:completion:3,0.25,0.0,0.25,0.25
pair_a85370f9db9a,truthful_qa:0026,truthful_qa:0026:completion:1,truthful_qa:0026:completion:0,truthful_qa:0026:completion:1,defended,"lower-bound Pareto dominance: honesty, instruction_following, truthfulness",8.0,8.5,disagree,,0.0,0.25,0.25,0.25
pair_b6c0b96b19a0,truthful_qa:0026,truthful_qa:0026:completion:2,truthful_qa:0026:completion:1,truthful_qa:0026:completion:2,defended,lower-bound Pareto dominance: helpfulness,8.0,8.0,overall_tie,,0.25,0.0,0.0,0.0
pair_fde9cdb4cd1e,truthful_qa:0026,truthful_qa:0026:completion:2,truthful_qa:0026:completion:3,truthful_qa:0026:completion:2,defended,lower-bound Pareto dominance: honesty,8.0,9.0,disagree,truthful_qa:0026:completion:3,0.0,0.25,0.0,0.0
pair_4cb6be6d0380,truthful_qa:0027,truthful_qa:0027:completion:3,truthful_qa:0027:completion:1,truthful_qa:0027:completion:3,defended,"lower-bound Pareto dominance: helpfulness, honesty, instruction_following, truthfulness",7.0,5.0,agree,,0.5,0.25,0.5,0.25
pair_6e9f8ea087bd,truthful_qa:0027,truthful_qa:0027:completion:0,truthful_qa:0027:completion:1,truthful_qa:0027:completion:0,defended,"lower-bound Pareto dominance: helpfulness, honesty, instruction_following, truthfulness",8.5,5.0,agree,truthful_qa:0027:completion:0,0.75,0.5,0.75,0.75
pair_795397be53e6,truthful_qa:0027,truthful_qa:0027:completion:0,truthful_qa:0027:completion:2,truthful_qa:0027:completion:0,defended,"lower-bound Pareto dominance: helpfulness, honesty, instruction_following, truthfulness",8.5,4.0,agree,truthful_qa:0027:completion:0,1.0,0.75,0.75,1.0
pair_8ad0420cbd2a,truthful_qa:0027,truthful_qa:0027:completion:1,truthful_qa:0027:completion:2,truthful_qa:0027:completion:1,defended,"lower-bound Pareto dominance: helpfulness, honesty, truthfulness",5.0,4.0,agree,,0.25,0.25,0.0,0.25
pair_cda7cfbab00d,truthful_qa:0027,truthful_qa:0027:completion:3,truthful_qa:0027:completion:2,truthful_qa:0027:completion:3,defended,"lower-bound Pareto dominance: helpfulness, honesty, instruction_following, truthfulness",7.0,4.0,agree,,0.75,0.5,0.5,0.5
pair_dcff8267b9c0,truthful_qa:0027,truthful_qa:0027:completion:0,truthful_qa:0027:completion:3,truthful_qa:0027:completion:0,defended,"lower-bound Pareto dominance: helpfulness, honesty, instruction_following, truthfulness",8.5,7.0,agree,truthful_qa:0027:completion:0,0.25,0.25,0.25,0.5
pair_1a054a204528,truthful_qa:0028,truthful_qa:0028:completion:2,truthful_qa:0028:completion:3,truthful_qa:0028:completion:2,defended,lower-bound Pareto dominance: honesty,5.0,5.0,overall_tie,,0.0,0.25,0.0,0.0
pair_679d874a9177,truthful_qa:0028,truthful_qa:0028:completion:1,truthful_qa:0028:completion:3,truthful_qa:0028:completion:1,defended,"lower-bound Pareto dominance: helpfulness, honesty, instruction_following, truthfulness",7.5,5.0,agree,,1.0,0.75,0.75,0.75
pair_802faf39d5b8,truthful_qa:0028,truthful_qa:0028:completion:0,truthful_qa:0028:completion:3,truthful_qa:0028:completion:0,defended,"lower-bound Pareto dominance: helpfulness, honesty, instruction_following, truthfulness",9.0,5.0,agree,truthful_qa:0028:completion:0,0.5,1.0,0.75,0.75
pair_8e216018b4d3,truthful_qa:0028,truthful_qa:0028:completion:0,truthful_qa:0028:completion:2,truthful_qa:0028:completion:0,defended,"lower-bound Pareto dominance: helpfulness, honesty, instruction_following, truthfulness",9.0,5.0,agree,truthful_qa:0028:completion:0,0.5,0.75,0.75,0.75
pair_b8a81888aa2c,truthful_qa:0028,truthful_qa:0028:completion:0,truthful_qa:0028:completion:1,,ambiguous,cross-objective tradeoff,9.0,7.5,abstained,truthful_qa:0028:completion:0,-0.5,0.25,0.0,0.0
pair_e466c8fa542e,truthful_qa:0028,truthful_qa:0028:completion:1,truthful_qa:0028:completion:2,truthful_qa:0028:completion:1,defended,"lower-bound Pareto dominance: helpfulness, honesty, instruction_following, truthfulness",7.5,5.0,agree,,1.0,0.5,0.75,0.75
pair_097d9996f974,truthful_qa:0029,truthful_qa:0029:completion:1,truthful_qa:0029:completion:2,truthful_qa:0029:completion:1,defended,"lower-bound Pareto dominance: helpfulness, honesty, instruction_following",8.0,8.5,disagree,truthful_qa:0029:completion:2,0.25,0.25,0.25,0.0
pair_0af6c83ae92b,truthful_qa:0029,truthful_qa:0029:completion:2,truthful_qa:0029:completion:0,truthful_qa:0029:completion:2,defended,"lower-bound Pareto dominance: helpfulness, honesty, instruction_following, truthfulness",8.5,5.0,agree,truthful_qa:0029:completion:2,0.5,0.5,0.5,0.5
pair_27442919a50e,truthful_qa:0029,truthful_qa:0029:completion:1,truthful_qa:0029:completion:3,truthful_qa:0029:completion:1,defended,"lower-bound Pareto dominance: helpfulness, honesty, instruction_following, truthfulness",8.0,7.0,agree,,0.5,0.5,0.5,0.25
pair_2a107b9a74a3,truthful_qa:0029,truthful_qa:0029:completion:1,truthful_qa:0029:completion:0,truthful_qa:0029:completion:1,defended,"lower-bound Pareto dominance: helpfulness, honesty, instruction_following, truthfulness",8.0,5.0,agree,,0.75,0.75,0.75,0.5
pair_a6682163fd26,truthful_qa:0029,truthful_qa:0029:completion:2,truthful_qa:0029:completion:3,truthful_qa:0029:completion:2,defended,"lower-bound Pareto dominance: helpfulness, honesty, instruction_following, truthfulness",8.5,7.0,agree,truthful_qa:0029:completion:2,0.25,0.25,0.25,0.25
pair_f066c8a000b7,truthful_qa:0029,truthful_qa:0029:completion:3,truthful_qa:0029:completion:0,truthful_qa:0029:completion:3,defended,"lower-bound Pareto dominance: helpfulness, honesty, instruction_following, truthfulness",7.0,5.0,agree,,0.25,0.25,0.25,0.25
pair_247db6073c8a,truthful_qa:0030,truthful_qa:0030:completion:1,truthful_qa:0030:completion:0,truthful_qa:0030:completion:1,defended,"lower-bound Pareto dominance: helpfulness, honesty, instruction_following, truthfulness",9.5,6.0,agree,truthful_qa:0030:completion:1,0.5,0.25,0.5,0.25
pair_40edefa4ced7,truthful_qa:0030,truthful_qa:0030:completion:1,truthful_qa:0030:completion:3,,ambiguous,equivalent within epsilon,9.5,8.5,abstained,truthful_qa:0030:completion:1,0.0,0.0,0.0,0.0
pair_4d7c79e86c73,truthful_qa:0030,truthful_qa:0030:completion:3,truthful_qa:0030:completion:2,truthful_qa:0030:completion:3,defended,"lower-bound Pareto dominance: helpfulness, honesty, instruction_following, truthfulness",8.5,7.5,agree,,0.25,0.25,0.25,0.25
pair_978942b3732d,truthful_qa:0030,truthful_qa:0030:completion:2,truthful_qa:0030:completion:0,truthful_qa:0030:completion:2,defended,"lower-bound Pareto dominance: helpfulness, instruction_following",7.5,6.0,agree,,0.25,0.0,0.25,0.0
pair_c1a89f75fce1,truthful_qa:0030,truthful_qa:0030:completion:1,truthful_qa:0030:completion:2,truthful_qa:0030:completion:1,defended,"lower-bound Pareto dominance: helpfulness, honesty, instruction_following, truthfulness",9.5,7.5,agree,truthful_qa:0030:completion:1,0.25,0.25,0.25,0.25
pair_e759dac540e5,truthful_qa:0030,truthful_qa:0030:completion:3,truthful_qa:0030:completion:0,truthful_qa:0030:completion:3,defended,"lower-bound Pareto dominance: helpfulness, honesty, instruction_following, truthfulness",8.5,6.0,agree,,0.5,0.25,0.5,0.25
pair_007406ca0114,truthful_qa:0031,truthful_qa:0031:completion:2,truthful_qa:0031:completion:3,,ambiguous,cross-objective tradeoff,8.0,8.5,abstained,truthful_qa:0031:completion:3,-0.25,0.25,0.0,0.25
pair_099f4b94c7bf,truthful_qa:0031,truthful_qa:0031:completion:0,truthful_qa:0031:completion:3,,ambiguous,cross-objective tradeoff,8.0,8.5,abstained,truthful_qa:0031:completion:3,-0.25,0.25,-0.25,0.25
pair_0f645a836a01,truthful_qa:0031,truthful_qa:0031:completion:0,truthful_qa:0031:completion:1,,ambiguous,cross-objective tradeoff,8.0,6.5,abstained,,0.0,0.25,-0.25,0.0
pair_1c2ee380404f,truthful_qa:0031,truthful_qa:0031:completion:1,truthful_qa:0031:completion:3,,ambiguous,cross-objective tradeoff,6.5,8.5,abstained,truthful_qa:0031:completion:3,-0.25,0.0,0.0,0.25
pair_349a2ac1aee6,truthful_qa:0031,truthful_qa:0031:completion:2,truthful_qa:0031:completion:0,truthful_qa:0031:completion:2,defended,lower-bound Pareto dominance: instruction_following,8.0,8.0,overall_tie,,0.0,0.0,0.25,0.0
pair_8332b12663e8,truthful_qa:0031,truthful_qa:0031:completion:2,truthful_qa:0031:completion:1,truthful_qa:0031:completion:2,defended,lower-bound Pareto dominance: honesty,8.0,6.5,agree,,0.0,0.25,0.0,0.0
pair_1756e1b03f9b,truthful_qa:0032,truthful_qa:0032:completion:3,truthful_qa:0032:completion:2,truthful_qa:0032:completion:3,defended,"lower-bound Pareto dominance: helpfulness, honesty, instruction_following, truthfulness",5.0,3.0,agree,,0.5,1.0,0.75,0.25
pair_1b4717cb9b5c,truthful_qa:0032,truthful_qa:0032:completion:3,truthful_qa:0032:completion:0,truthful_qa:0032:completion:3,defended,"lower-bound Pareto dominance: helpfulness, honesty, instruction_following",5.0,6.0,disagree,truthful_qa:0032:completion:0,0.75,1.0,0.5,0.0
pair_5d4a10aaaa88,truthful_qa:0032,truthful_qa:0032:completion:3,truthful_qa:0032:completion:1,truthful_qa:0032:completion:3,defended,"lower-bound Pareto dominance: helpfulness, honesty, instruction_following, truthfulness",5.0,6.0,disagree,truthful_qa:0032:completion:1,0.25,0.75,1.0,0.25
pair_763d1f28b37f,truthful_qa:0032,truthful_qa:0032:completion:1,truthful_qa:0032:completion:2,,ambiguous,cross-objective tradeoff,6.0,3.0,abstained,truthful_qa:0032:completion:1,0.25,0.25,-0.25,0.0
pair_8dc891584973,truthful_qa:0032,truthful_qa:0032:completion:0,truthful_qa:0032:completion:2,,ambiguous,cross-objective tradeoff,6.0,3.0,abstained,truthful_qa:0032:completion:0,-0.25,0.0,0.25,0.25
pair_dd41c365221c,truthful_qa:0032,truthful_qa:0032:completion:0,truthful_qa:0032:completion:1,,ambiguous,cross-objective tradeoff,6.0,6.0,abstained,,-0.5,-0.25,0.5,0.25
pair_2901fc0fddb6,truthful_qa:0033,truthful_qa:0033:completion:0,truthful_qa:0033:completion:2,truthful_qa:0033:completion:0,defended,lower-bound Pareto dominance: honesty,8.0,8.0,overall_tie,,0.0,0.25,0.0,0.0
pair_bd6e55683b4a,truthful_qa:0033,truthful_qa:0033:completion:3,truthful_qa:0033:completion:1,truthful_qa:0033:completion:3,defended,"lower-bound Pareto dominance: helpfulness, honesty",7.0,8.0,disagree,truthful_qa:0033:completion:1,0.25,0.25,0.0,0.0
pair_cede3676fc74,truthful_qa:0033,truthful_qa:0033:completion:1,truthful_qa:0033:completion:2,truthful_qa:0033:completion:1,defended,lower-bound Pareto dominance: instruction_following,8.0,8.0,overall_tie,,0.0,0.0,0.25,0.0
pair_dbfe1be35f5f,truthful_qa:0033,truthful_qa:0033:completion:3,truthful_qa:0033:completion:2,truthful_qa:0033:completion:3,defended,"lower-bound Pareto dominance: helpfulness, honesty, instruction_following",7.0,8.0,disagree,truthful_qa:0033:completion:2,0.25,0.25,0.25,0.0
pair_e501060c21fc,truthful_qa:0033,truthful_qa:0033:completion:0,truthful_qa:0033:completion:1,,ambiguous,cross-objective tradeoff,8.0,8.0,abstained,,0.0,0.25,-0.25,0.0
pair_fa821c645cc2,truthful_qa:0033,truthful_qa:0033:completion:3,truthful_qa:0033:completion:0,truthful_qa:0033:completion:3,defended,"lower-bound Pareto dominance: helpfulness, instruction_following",7.0,8.0,disagree,truthful_qa:0033:completion:0,0.25,0.0,0.25,0.0
pair_151d81b72915,truthful_qa:0034,truthful_qa:0034:completion:2,truthful_qa:0034:completion:3,,ambiguous,cross-objective tradeoff,8.5,7.5,abstained,truthful_qa:0034:completion:2,0.0,0.25,-0.25,0.0
pair_19972baff7fa,truthful_qa:0034,truthful_qa:0034:completion:0,truthful_qa:0034:completion:2,,ambiguous,cross-objective tradeoff,7.5,8.5,abstained,truthful_qa:0034:completion:2,0.0,-0.25,0.25,0.0
pair_61d2da8f6946,truthful_qa:0034,truthful_qa:0034:completion:1,truthful_qa:0034:completion:3,truthful_qa:0034:completion:1,defended,"lower-bound Pareto dominance: helpfulness, honesty",8.5,7.5,agree,truthful_qa:0034:completion:1,0.25,0.25,0.0,0.0
pair_86bbde367973,truthful_qa:0034,truthful_qa:0034:completion:1,truthful_qa:0034:completion:2,truthful_qa:0034:completion:1,defended,"lower-bound Pareto dominance: helpfulness, instruction_following",8.5,8.5,overall_tie,,0.25,0.0,0.25,0.0
pair_c3d979be637b,truthful_qa:0034,truthful_qa:0034:completion:0,truthful_qa:0034:completion:3,,ambiguous,equivalent within epsilon,7.5,7.5,abstained,,0.0,0.0,0.0,0.0
pair_c9f22b23d80b,truthful_qa:0034,truthful_qa:0034:completion:1,truthful_qa:0034:completion:0,truthful_qa:0034:completion:1,defended,"lower-bound Pareto dominance: helpfulness, honesty",8.5,7.5,agree,truthful_qa:0034:completion:1,0.25,0.25,0.0,0.0
pair_3658a63f9e62,truthful_qa:0035,truthful_qa:0035:completion:0,truthful_qa:0035:completion:3,truthful_qa:0035:completion:0,defended,"lower-bound Pareto dominance: helpfulness, honesty, instruction_following",8.5,7.5,agree,truthful_qa:0035:completion:0,0.25,0.25,0.25,0.0
pair_68ad148742f8,truthful_qa:0035,truthful_qa:0035:completion:0,truthful_qa:0035:completion:1,truthful_qa:0035:completion:0,defended,"lower-bound Pareto dominance: helpfulness, honesty, instruction_following, truthfulness",8.5,5.0,agree,truthful_qa:0035:completion:0,0.5,1.0,0.75,0.5
pair_830c7f2fc754,truthful_qa:0035,truthful_qa:0035:completion:0,truthful_qa:0035:completion:2,,ambiguous,equivalent within epsilon,8.5,8.5,abstained,,0.0,0.0,0.0,0.0
pair_b665c2f17560,truthful_qa:0035,truthful_qa:0035:completion:2,truthful_qa:0035:completion:3,truthful_qa:0035:completion:2,defended,"lower-bound Pareto dominance: helpfulness, honesty, instruction_following",8.5,7.5,agree,truthful_qa:0035:completion:2,0.25,0.25,0.25,0.0
pair_bc19498f5e5c,truthful_qa:0035,truthful_qa:0035:completion:3,truthful_qa:0035:completion:1,truthful_qa:0035:completion:3,defended,"lower-bound Pareto dominance: helpfulness, honesty, instruction_following, truthfulness",7.5,5.0,agree,,0.25,0.75,0.5,0.5
pair_d2f157caa9cb,truthful_qa:0035,truthful_qa:0035:completion:2,truthful_qa:0035:completion:1,truthful_qa:0035:completion:2,defended,"lower-bound Pareto dominance: helpfulness, honesty, instruction_following, truthfulness",8.5,5.0,agree,truthful_qa:0035:completion:2,0.5,1.0,0.75,0.5
pair_264e116849e4,truthful_qa:0036,truthful_qa:0036:completion:0,truthful_qa:0036:completion:1,,ambiguous,cross-objective tradeoff,7.5,8.5,abstained,truthful_qa:0036:completion:1,0.25,-0.25,-0.5,0.5
pair_79700849e888,truthful_qa:0036,truthful_qa:0036:completion:1,truthful_qa:0036:completion:3,,ambiguous,cross-objective tradeoff,8.5,8.5,abstained,,-0.5,0.0,0.25,0.0
pair_aafa6c82a660,truthful_qa:0036,truthful_qa:0036:completion:3,truthful_qa:0036:completion:2,truthful_qa:0036:completion:3,defended,"lower-bound Pareto dominance: helpfulness, honesty",8.5,8.0,agree,truthful_qa:0036:completion:3,0.25,0.25,0.0,0.0
pair_b937f5d38030,truthful_qa:0036,truthful_qa:0036:completion:0,truthful_qa:0036:completion:3,,ambiguous,cross-objective tradeoff,7.5,8.5,abstained,truthful_qa:0036:completion:3,-0.25,-0.25,-0.25,0.5
pair_cbfa4360323a,truthful_qa:0036,truthful_qa:0036:completion:0,truthful_qa:0036:completion:2,,ambiguous,cross-objective tradeoff,7.5,8.0,abstained,,0.0,0.0,-0.25,0.5
pair_da00aa343e84,truthful_qa:0036,truthful_qa:0036:completion:1,truthful_qa:0036:completion:2,,ambiguous,cross-objective tradeoff,8.5,8.0,abstained,truthful_qa:0036:completion:1,-0.25,0.25,0.25,0.0
pair_0cc578760bd6,truthful_qa:0037,truthful_qa:0037:completion:1,truthful_qa:0037:completion:3,truthful_qa:0037:completion:1,defended,"lower-bound Pareto dominance: helpfulness, honesty, instruction_following, truthfulness",8.5,4.0,agree,,0.5,1.0,0.75,0.75
pair_7b848220c1f0,truthful_qa:0037,truthful_qa:0037:completion:2,truthful_qa:0037:completion:3,truthful_qa:0037:completion:2,defended,"lower-bound Pareto dominance: helpfulness, honesty, truthfulness",5.0,4.0,agree,,0.25,0.5,0.0,0.25
pair_8393df763f1f,truthful_qa:0037,truthful_qa:0037:completion:0,truthful_qa:0037:completion:3,truthful_qa:0037:completion:0,defended,"lower-bound Pareto dominance: helpfulness, honesty, instruction_following, truthfulness",9.0,4.0,agree,truthful_qa:0037:completion:0,1.0,1.0,0.75,0.75
pair_980cab355fac,truthful_qa:0037,truthful_qa:0037:completion:1,truthful_qa:0037:completion:2,truthful_qa:0037:completion:1,defended,"lower-bound Pareto dominance: helpfulness, honesty, instruction_following, truthfulness",8.5,5.0,agree,,0.25,0.5,0.75,0.5
pair_d7a2fde54b56,truthful_qa:0037,truthful_qa:0037:completion:0,truthful_qa:0037:completion:1,truthful_qa:0037:completion:0,defended,lower-bound Pareto dominance: helpfulness,9.0,8.5,agree,truthful_qa:0037:completion:0,0.5,0.0,0.0,0.0
pair_e19d6ebb18ef,truthful_qa:0037,truthful_qa:0037:completion:0,truthful_qa:0037:completion:2,truthful_qa:0037:completion:0,defended,"lower-bound Pareto dominance: helpfulness, honesty, instruction_following, truthfulness",9.0,5.0,agree,truthful_qa:0037:completion:0,0.75,0.5,0.75,0.5
pair_19f92898e8bf,truthful_qa:0038,truthful_qa:0038:completion:1,truthful_qa:0038:completion:0,truthful_qa:0038:completion:1,defended,"lower-bound Pareto dominance: instruction_following, truthfulness",7.0,6.0,agree,truthful_qa:0038:completion:1,0.0,0.0,0.25,0.25
pair_4b7115051e56,truthful_qa:0038,truthful_qa:0038:completion:1,truthful_qa:0038:completion:3,truthful_qa:0038:completion:1,defended,"lower-bound Pareto dominance: helpfulness, honesty, instruction_following, truthfulness",7.0,5.0,agree,truthful_qa:0038:completion:1,0.25,0.5,0.25,0.75
pair_75d4aadaf4c2,truthful_qa:0038,truthful_qa:0038:completion:0,truthful_qa:0038:completion:3,truthful_qa:0038:completion:0,defended,"lower-bound Pareto dominance: helpfulness, honesty, truthfulness",6.0,5.0,agree,,0.25,0.5,0.0,0.5
pair_bda9b2e33a19,truthful_qa:0038,truthful_qa:0038:completion:0,truthful_qa:0038:completion:2,,ambiguous,cross-objective tradeoff,6.0,7.0,abstained,truthful_qa:0038:completion:2,-0.25,-0.25,0.25,0.25
pair_f220f9fd656c,truthful_qa:0038,truthful_qa:0038:completion:2,truthful_qa:0038:completion:3,,ambiguous,cross-objective tradeoff,7.0,5.0,abstained,truthful_qa:0038:completion:2,0.5,0.75,-0.25,0.25
pair_f91e630f8819,truthful_qa:0038,truthful_qa:0038:completion:1,truthful_qa:0038:completion:2,,ambiguous,cross-objective tradeoff,7.0,7.0,abstained,,-0.25,-0.25,0.5,0.5
pair_18c8d116d9d7,truthful_qa:0039,truthful_qa:0039:completion:2,truthful_qa:0039:completion:0,truthful_qa:0039:completion:2,defended,"lower-bound Pareto dominance: instruction_following, truthfulness",8.0,6.0,agree,,0.0,0.0,0.25,0.25
pair_304410a5d3bd,truthful_qa:0039,truthful_qa:0039:completion:1,truthful_qa:0039:completion:0,truthful_qa:0039:completion:1,defended,"lower-bound Pareto dominance: helpfulness, honesty, instruction_following, truthfulness",8.5,6.0,agree,truthful_qa:0039:completion:1,0.5,0.25,0.5,0.25
pair_3e00e1d6e8b6,truthful_qa:0039,truthful_qa:0039:completion:3,truthful_qa:0039:completion:2,truthful_qa:0039:completion:3,defended,"lower-bound Pareto dominance: helpfulness, honesty, instruction_following",7.5,8.0,disagree,,0.25,0.25,0.25,0.0
pair_a06ef62272a5,truthful_qa:0039,truthful_qa:0039:completion:3,truthful_qa:0039:completion:0,truthful_qa:0039:completion:3,defended,"lower-bound Pareto dominance: helpfulness, honesty, instruction_following, truthfulness",7.5,6.0,agree,,0.25,0.25,0.5,0.25
pair_a8b7e290610e,truthful_qa:0039,truthful_qa:0039:completion:1,truthful_qa:0039:completion:2,truthful_qa:0039:completion:1,defended,"lower-bound Pareto dominance: helpfulness, honesty, instruction_following",8.5,8.0,agree,truthful_qa:0039:completion:1,0.5,0.25,0.25,0.0
pair_fa4278a2adf1,truthful_qa:0039,truthful_qa:0039:completion:1,truthful_qa:0039:completion:3,truthful_qa:0039:completion:1,defended,lower-bound Pareto dominance: helpfulness,8.5,7.5,agree,truthful_qa:0039:completion:1,0.25,0.0,0.0,0.0
pair_587d7bd75e7e,truthful_qa:0040,truthful_qa:0040:completion:0,truthful_qa:0040:completion:2,truthful_qa:0040:completion:0,defended,"lower-bound Pareto dominance: helpfulness, instruction_following, truthfulness",9.0,8.5,agree,truthful_qa:0040:completion:0,0.5,0.0,0.25,0.5
pair_9ab45842d365,truthful_qa:0040,truthful_qa:0040:completion:2,truthful_qa:0040:completion:3,,ambiguous,cross-objective tradeoff,8.5,9.0,abstained,truthful_qa:0040:completion:3,-0.25,0.25,-0.5,0.0
pair_a09b55803f7c,truthful_qa:0040,truthful_qa:0040:completion:1,truthful_qa:0040:completion:3,,ambiguous,cross-objective tradeoff,8.5,9.0,abstained,truthful_qa:0040:completion:3,0.0,0.25,-0.25,0.0
pair_a1b25fc95276,truthful_qa:0040,truthful_qa:0040:completion:0,truthful_qa:0040:completion:1,truthful_qa:0040:completion:0,defended,"lower-bound Pareto dominance: helpfulness, truthfulness",9.0,8.5,agree,truthful_qa:0040:completion:0,0.25,0.0,0.0,0.5
pair_bdc262d51d38,truthful_qa:0040,truthful_qa:0040:completion:1,truthful_qa:0040:completion:2,truthful_qa:0040:completion:1,defended,"lower-bound Pareto dominance: helpfulness, instruction_following",8.5,8.5,overall_tie,,0.25,0.0,0.25,0.0
pair_f6901e1cca29,truthful_qa:0040,truthful_qa:0040:completion:0,truthful_qa:0040:completion:3,,ambiguous,cross-objective tradeoff,9.0,9.0,abstained,,0.25,0.25,-0.25,0.5
pair_1ac0a0429256,truthful_qa:0041,truthful_qa:0041:completion:3,truthful_qa:0041:completion:0,truthful_qa:0041:completion:3,defended,lower-bound Pareto dominance: instruction_following,6.0,6.0,overall_tie,,0.0,0.0,0.5,0.0
pair_759de941bee2,truthful_qa:0041,truthful_qa:0041:completion:2,truthful_qa:0041:completion:3,truthful_qa:0041:completion:2,defended,lower-bound Pareto dominance: honesty,6.0,6.0,overall_tie,,0.0,0.5,0.0,0.0
pair_901dc7bfa6be,truthful_qa:0041,truthful_qa:0041:completion:1,truthful_qa:0041:completion:2,,ambiguous,cross-objective tradeoff,7.0,6.0,abstained,truthful_qa:0041:completion:1,0.5,0.25,-0.25,0.75
pair_932fa619e323,truthful_qa:0041,truthful_qa:0041:completion:2,truthful_qa:0041:completion:0,truthful_qa:0041:completion:2,defended,"lower-bound Pareto dominance: honesty, instruction_following",6.0,6.0,overall_tie,,0.0,0.5,0.5,0.0
pair_b34d44dba736,truthful_qa:0041,truthful_qa:0041:completion:1,truthful_qa:0041:completion:3,,ambiguous,cross-objective tradeoff,7.0,6.0,abstained,truthful_qa:0041:completion:1,0.5,0.75,-0.25,0.75
pair_ff9bd6b3accd,truthful_qa:0041,truthful_qa:0041:completion:1,truthful_qa:0041:completion:0,truthful_qa:0041:completion:1,defended,"lower-bound Pareto dominance: helpfulness, honesty, instruction_following, truthfulness",7.0,6.0,agree,truthful_qa:0041:completion:1,0.5,0.75,0.25,0.75
pair_5534f6003b59,truthful_qa:0042,truthful_qa:0042:completion:0,truthful_qa:0042:completion:1,truthful_qa:0042:completion:0,defended,lower-bound Pareto dominance: instruction_following,7.5,5.0,agree,truthful_qa:0042:completion:0,0.0,0.0,0.25,0.0
pair_68586733de91,truthful_qa:0042,truthful_qa:0042:completion:2,truthful_qa:0042:completion:3,,ambiguous,equivalent within epsilon,6.0,7.5,abstained,truthful_qa:0042:completion:3,0.0,0.0,0.0,0.0
pair_b581d300a407,truthful_qa:0042,truthful_qa:0042:completion:0,truthful_qa:0042:completion:2,truthful_qa:0042:completion:0,defended,"lower-bound Pareto dominance: helpfulness, instruction_following",7.5,6.0,agree,truthful_qa:0042:completion:0,0.25,0.0,0.25,0.0
pair_e41c8736248e,truthful_qa:0042,truthful_qa:0042:completion:1,truthful_qa:0042:completion:3,truthful_qa:0042:completion:1,defended,lower-bound Pareto dominance: helpfulness,5.0,7.5,disagree,truthful_qa:0042:completion:3,0.25,0.0,0.0,0.0
pair_e611a1d0051e,truthful_qa:0042,truthful_qa:0042:completion:0,truthful_qa:0042:completion:3,truthful_qa:0042:completion:0,defended,"lower-bound Pareto dominance: helpfulness, instruction_following",7.5,7.5,overall_tie,,0.25,0.0,0.25,0.0
pair_f9c94769ec1d,truthful_qa:0042,truthful_qa:0042:completion:1,truthful_qa:0042:completion:2,truthful_qa:0042:completion:1,defended,lower-bound Pareto dominance: helpfulness,5.0,6.0,disagree,,0.25,0.0,0.0,0.0
pair_15d065a092e5,truthful_qa:0043,truthful_qa:0043:completion:2,truthful_qa:0043:completion:3,,ambiguous,cross-objective tradeoff,7.5,6.0,abstained,truthful_qa:0043:completion:2,-0.5,-0.5,0.25,0.0
pair_22548f6d167e,truthful_qa:0043,truthful_qa:0043:completion:0,truthful_qa:0043:completion:1,truthful_qa:0043:completion:0,defended,"lower-bound Pareto dominance: helpfulness, honesty",7.0,6.0,agree,,0.5,0.5,0.0,0.0
pair_33a6ed3c9a04,truthful_qa:0043,truthful_qa:0043:completion:1,truthful_qa:0043:completion:3,,ambiguous,cross-objective tradeoff,6.0,6.0,abstained,,-0.75,-0.75,-0.25,0.25
pair_88d93fdcbac9,truthful_qa:0043,truthful_qa:0043:completion:1,truthful_qa:0043:completion:2,,ambiguous,cross-objective tradeoff,6.0,7.5,abstained,truthful_qa:0043:completion:2,-0.25,-0.25,-0.5,0.25
pair_af3289b0a7d4,truthful_qa:0043,truthful_qa:0043:completion:0,truthful_qa:0043:completion:2,,ambiguous,cross-objective tradeoff,7.0,7.5,abstained,truthful_qa:0043:completion:2,0.25,0.25,-0.5,0.25
pair_e277c432b4ba,truthful_qa:0043,truthful_qa:0043:completion:0,truthful_qa:0043:completion:3,,ambiguous,cross-objective tradeoff,7.0,6.0,abstained,,-0.25,-0.25,-0.25,0.25
pair_09343c5d1fc5,truthful_qa:0044,truthful_qa:0044:completion:3,truthful_qa:0044:completion:1,truthful_qa:0044:completion:3,defended,"lower-bound Pareto dominance: helpfulness, honesty, instruction_following, truthfulness",7.0,4.0,agree,,0.25,0.5,0.75,0.5
pair_2d6679145d8b,truthful_qa:0044,truthful_qa:0044:completion:3,truthful_qa:0044:completion:0,truthful_qa:0044:completion:3,defended,"lower-bound Pareto dominance: helpfulness, honesty, instruction_following, truthfulness",7.0,4.0,agree,,0.25,0.75,0.5,0.75
pair_d1c2e1a02eb3,truthful_qa:0044,truthful_qa:0044:completion:2,truthful_qa:0044:completion:1,truthful_qa:0044:completion:2,defended,"lower-bound Pareto dominance: helpfulness, honesty, instruction_following, truthfulness",8.0,4.0,agree,truthful_qa:0044:completion:2,0.5,0.5,0.75,0.5
pair_d20c09517ecb,truthful_qa:0044,truthful_qa:0044:completion:2,truthful_qa:0044:completion:0,truthful_qa:0044:completion:2,defended,"lower-bound Pareto dominance: helpfulness, honesty, instruction_following, truthfulness",8.0,4.0,agree,truthful_qa:0044:completion:2,0.5,0.75,0.5,0.75
pair_f47fc0b4af09,truthful_qa:0044,truthful_qa:0044:completion:2,truthful_qa:0044:completion:3,truthful_qa:0044:completion:2,defended,lower-bound Pareto dominance: helpfulness,8.0,7.0,agree,truthful_qa:0044:completion:2,0.25,0.0,0.0,0.0
pair_fe595316082d,truthful_qa:0044,truthful_qa:0044:completion:0,truthful_qa:0044:completion:1,,ambiguous,cross-objective tradeoff,4.0,4.0,abstained,,0.0,-0.25,0.25,-0.25
pair_26a20da03098,truthful_qa:0045,truthful_qa:0045:completion:3,truthful_qa:0045:completion:0,truthful_qa:0045:completion:3,defended,"lower-bound Pareto dominance: helpfulness, honesty, instruction_following, truthfulness",8.0,5.0,agree,truthful_qa:0045:completion:3,0.75,1.0,0.75,1.0
pair_2b0ce8700e9d,truthful_qa:0045,truthful_qa:0045:completion:2,truthful_qa:0045:completion:0,truthful_qa:0045:completion:2,defended,"lower-bound Pareto dominance: helpfulness, honesty, instruction_following, truthfulness",4.0,5.0,disagree,,0.25,0.5,0.25,0.5
pair_5d3f777e3db9,truthful_qa:0045,truthful_qa:0045:completion:3,truthful_qa:0045:completion:2,truthful_qa:0045:completion:3,defended,"lower-bound Pareto dominance: helpfulness, honesty, instruction_following, truthfulness",8.0,4.0,agree,truthful_qa:0045:completion:3,0.5,0.5,0.5,0.5
pair_9e4b030b4d0a,truthful_qa:0045,truthful_qa:0045:completion:1,truthful_qa:0045:completion:3,truthful_qa:0045:completion:1,defended,lower-bound Pareto dominance: helpfulness,8.0,8.0,overall_tie,,0.25,0.0,0.0,0.0
pair_9e7805373cdb,truthful_qa:0045,truthful_qa:0045:completion:1,truthful_qa:0045:completion:0,truthful_qa:0045:completion:1,defended,"lower-bound Pareto dominance: helpfulness, honesty, instruction_following, truthfulness",8.0,5.0,agree,truthful_qa:0045:completion:1,1.0,1.0,0.75,1.0
pair_ee87951f48b0,truthful_qa:0045,truthful_qa:0045:completion:1,truthful_qa:0045:completion:2,truthful_qa:0045:completion:1,defended,"lower-bound Pareto dominance: helpfulness, honesty, instruction_following, truthfulness",8.0,4.0,agree,truthful_qa:0045:completion:1,0.75,0.5,0.5,0.5
pair_33744df5cd65,truthful_qa:0046,truthful_qa:0046:completion:1,truthful_qa:0046:completion:3,,ambiguous,equivalent within epsilon,8.5,8.5,abstained,,0.0,0.0,0.0,0.0
pair_7b0d4a6a989b,truthful_qa:0046,truthful_qa:0046:completion:2,truthful_qa:0046:completion:3,,ambiguous,equivalent within epsilon,7.0,8.5,abstained,truthful_qa:0046:completion:3,0.0,0.0,0.0,0.0
pair_ac91b6edde7a,truthful_qa:0046,truthful_qa:0046:completion:1,truthful_qa:0046:completion:2,,ambiguous,equivalent within epsilon,8.5,7.0,abstained,truthful_qa:0046:completion:1,0.0,0.0,0.0,0.0
pair_b236e0df1358,truthful_qa:0046,truthful_qa:0046:completion:3,truthful_qa:0046:completion:0,truthful_qa:0046:completion:3,defended,"lower-bound Pareto dominance: helpfulness, honesty, instruction_following, truthfulness",8.5,6.0,agree,truthful_qa:0046:completion:3,0.25,0.5,0.5,0.25
pair_c9e257fa6819,truthful_qa:0046,truthful_qa:0046:completion:1,truthful_qa:0046:completion:0,truthful_qa:0046:completion:1,defended,"lower-bound Pareto dominance: helpfulness, honesty, instruction_following, truthfulness",8.5,6.0,agree,truthful_qa:0046:completion:1,0.25,0.5,0.5,0.25
pair_de1572ad7115,truthful_qa:0046,truthful_qa:0046:completion:2,truthful_qa:0046:completion:0,truthful_qa:0046:completion:2,defended,"lower-bound Pareto dominance: helpfulness, honesty, instruction_following, truthfulness",7.0,6.0,agree,,0.25,0.5,0.5,0.25
pair_00e3f5aa7610,truthful_qa:0047,truthful_qa:0047:completion:1,truthful_qa:0047:completion:3,,ambiguous,cross-objective tradeoff,7.0,7.0,abstained,,0.25,-0.25,-0.25,-0.5
pair_0dd93ded3e89,truthful_qa:0047,truthful_qa:0047:completion:3,truthful_qa:0047:completion:0,truthful_qa:0047:completion:3,defended,"lower-bound Pareto dominance: helpfulness, honesty, instruction_following, truthfulness",7.0,5.0,agree,,0.25,0.75,0.5,0.5
pair_3dacd0feb181,truthful_qa:0047,truthful_qa:0047:completion:2,truthful_qa:0047:completion:3,,ambiguous,equivalent within epsilon,9.0,7.0,abstained,truthful_qa:0047:completion:2,0.0,0.0,0.0,0.0
pair_64bb39c74340,truthful_qa:0047,truthful_qa:0047:completion:1,truthful_qa:0047:completion:0,truthful_qa:0047:completion:1,defended,"lower-bound Pareto dominance: helpfulness, honesty, instruction_following",7.0,5.0,agree,,0.5,0.5,0.25,0.0
pair_917d23f5d934,truthful_qa:0047,truthful_qa:0047:completion:2,truthful_qa:0047:completion:0,truthful_qa:0047:completion:2,defended,"lower-bound Pareto dominance: helpfulness, honesty, instruction_following, truthfulness",9.0,5.0,agree,truthful_qa:0047:completion:2,0.25,0.75,0.5,0.5
pair_acceca0626fd,truthful_qa:0047,truthful_qa:0047:completion:1,truthful_qa:0047:completion:2,,ambiguous,cross-objective tradeoff,7.0,9.0,abstained,truthful_qa:0047:completion:2,0.25,-0.25,-0.25,-0.5
pair_360216ae08d8,truthful_qa:0048,truthful_qa:0048:completion:0,truthful_qa:0048:completion:1,truthful_qa:0048:completion:0,defended,"lower-bound Pareto dominance: helpfulness, honesty, instruction_following, truthfulness",7.5,3.0,agree,truthful_qa:0048:completion:0,0.75,1.0,0.75,1.0
pair_42392ee467c5,truthful_qa:0048,truthful_qa:0048:completion:0,truthful_qa:0048:completion:2,truthful_qa:0048:completion:0,defended,"lower-bound Pareto dominance: helpfulness, honesty, instruction_following, truthfulness",7.5,5.0,agree,truthful_qa:0048:completion:0,0.5,0.5,1.0,0.5
pair_87fc2b17cfa6,truthful_qa:0048,truthful_qa:0048:completion:3,truthful_qa:0048:completion:2,truthful_qa:0048:completion:3,defended,lower-bound Pareto dominance: honesty,6.5,5.0,agree,,0.0,0.25,0.0,0.0
pair_b1a4cbc6ac5a,truthful_qa:0048,truthful_qa:0048:completion:1,truthful_qa:0048:completion:2,,ambiguous,cross-objective tradeoff,3.0,5.0,abstained,,-0.25,-0.5,0.25,-0.5
pair_b2a187b97bcb,truthful_qa:0048,truthful_qa:0048:completion:0,truthful_qa:0048:completion:3,truthful_qa:0048:completion:0,defended,"lower-bound Pareto dominance: helpfulness, honesty, instruction_following, truthfulness",7.5,6.5,agree,truthful_qa:0048:completion:0,0.5,0.25,1.0,0.5
pair_d5bedae02de6,truthful_qa:0048,truthful_qa:0048:completion:1,truthful_qa:0048:completion:3,,ambiguous,cross-objective tradeoff,3.0,6.5,abstained,,-0.25,-0.75,0.25,-0.5
pair_1dba36e04a7c,truthful_qa:0049,truthful_qa:0049:completion:1,truthful_qa:0049:completion:0,truthful_qa:0049:completion:1,defended,"lower-bound Pareto dominance: honesty, instruction_following",8.5,6.0,agree,truthful_qa:0049:completion:1,0.0,0.25,0.25,0.0
pair_2017cc2e84a0,truthful_qa:0049,truthful_qa:0049:completion:0,truthful_qa:0049:completion:2,truthful_qa:0049:completion:0,defended,lower-bound Pareto dominance: helpfulness,6.0,8.5,disagree,truthful_qa:0049:completion:2,0.25,0.0,0.0,0.0
pair_26b6172e18b0,truthful_qa:0049,truthful_qa:0049:completion:1,truthful_qa:0049:completion:2,truthful_qa:0049:completion:1,defended,"lower-bound Pareto dominance: helpfulness, honesty, instruction_following",8.5,8.5,overall_tie,,0.25,0.25,0.25,0.0
pair_ab5f7e16a65d,truthful_qa:0049,truthful_qa:0049:completion:3,truthful_qa:0049:completion:1,truthful_qa:0049:completion:3,defended,lower-bound Pareto dominance: helpfulness,7.5,8.5,disagree,truthful_qa:0049:completion:1,0.25,0.0,0.0,0.0
pair_b8e4982e1c76,truthful_qa:0049,truthful_qa:0049:completion:3,truthful_qa:0049:completion:0,truthful_qa:0049:completion:3,defended,"lower-bound Pareto dominance: helpfulness, honesty, instruction_following",7.5,6.0,agree,,0.25,0.25,0.25,0.0
pair_f687533f4d53,truthful_qa:0049,truthful_qa:0049:completion:3,truthful_qa:0049:completion:2,truthful_qa:0049:completion:3,defended,"lower-bound Pareto dominance: helpfulness, honesty, instruction_following",7.5,8.5,disagree,truthful_qa:0049:completion:2,0.5,0.25,0.25,0.0
pair_0d836dd20900,truthful_qa:0050,truthful_qa:0050:completion:0,truthful_qa:0050:completion:3,truthful_qa:0050:completion:0,defended,"lower-bound Pareto dominance: helpfulness, instruction_following",8.0,8.0,overall_tie,,0.25,0.0,0.5,0.0
pair_20e91f8476a1,truthful_qa:0050,truthful_qa:0050:completion:0,truthful_qa:0050:completion:1,truthful_qa:0050:completion:0,defended,lower-bound Pareto dominance: helpfulness,8.0,8.5,disagree,truthful_qa:0050:completion:1,0.25,0.0,0.0,0.0
pair_5b7db1d837ac,truthful_qa:0050,truthful_qa:0050:completion:1,truthful_qa:0050:completion:3,truthful_qa:0050:completion:1,defended,lower-bound Pareto dominance: instruction_following,8.5,8.0,agree,truthful_qa:0050:completion:1,0.0,0.0,0.5,0.0
pair_7cc122169d44,truthful_qa:0050,truthful_qa:0050:completion:0,truthful_qa:0050:completion:2,truthful_qa:0050:completion:0,defended,"lower-bound Pareto dominance: helpfulness, honesty, instruction_following, truthfulness",8.0,7.0,agree,,0.5,0.25,0.25,0.25
pair_891e4c1e7fe4,truthful_qa:0050,truthful_qa:0050:completion:1,truthful_qa:0050:completion:2,truthful_qa:0050:completion:1,defended,"lower-bound Pareto dominance: helpfulness, honesty, instruction_following, truthfulness",8.5,7.0,agree,truthful_qa:0050:completion:1,0.25,0.25,0.25,0.25
pair_9500f1aca182,truthful_qa:0050,truthful_qa:0050:completion:2,truthful_qa:0050:completion:3,,ambiguous,cross-objective tradeoff,7.0,8.0,abstained,,-0.25,-0.25,0.25,-0.25
pair_3a375d87dd25,truthful_qa:0051,truthful_qa:0051:completion:3,truthful_qa:0051:completion:2,truthful_qa:0051:completion:3,defended,"lower-bound Pareto dominance: helpfulness, honesty, instruction_following, truthfulness",4.0,4.0,overall_tie,,0.75,0.75,0.75,0.25
pair_95509ab93ce9,truthful_qa:0051,truthful_qa:0051:completion:1,truthful_qa:0051:completion:0,truthful_qa:0051:completion:1,defended,"lower-bound Pareto dominance: helpfulness, honesty, instruction_following, truthfulness",8.0,4.0,agree,truthful_qa:0051:completion:1,0.25,1.0,1.0,0.25
pair_b4701095f61c,truthful_qa:0051,truthful_qa:0051:completion:1,truthful_qa:0051:completion:2,truthful_qa:0051:completion:1,defended,"lower-bound Pareto dominance: helpfulness, honesty, instruction_following, truthfulness",8.0,4.0,agree,truthful_qa:0051:completion:1,0.5,0.75,1.0,0.25
pair_dd2074ad2c1e,truthful_qa:0051,truthful_qa:0051:completion:1,truthful_qa:0051:completion:3,,ambiguous,cross-objective tradeoff,8.0,4.0,abstained,truthful_qa:0051:completion:1,-0.25,0.0,0.25,0.0
pair_e17cca81f85d,truthful_qa:0051,truthful_qa:0051:completion:3,truthful_qa:0051:completion:0,truthful_qa:0051:completion:3,defended,"lower-bound Pareto dominance: helpfulness, honesty, instruction_following, truthfulness",4.0,4.0,overall_tie,,0.5,1.0,0.75,0.25
pair_f64116f54d86,truthful_qa:0051,truthful_qa:0051:completion:0,truthful_qa:0051:completion:2,,ambiguous,cross-objective tradeoff,4.0,4.0,abstained,,0.25,-0.25,0.0,0.0
pair_15c266c56fb5,truthful_qa:0052,truthful_qa:0052:completion:1,truthful_qa:0052:completion:3,truthful_qa:0052:completion:1,defended,"lower-bound Pareto dominance: helpfulness, honesty, instruction_following, truthfulness",6.0,3.0,agree,,0.5,0.75,0.5,0.25
pair_4482376909c7,truthful_qa:0052,truthful_qa:0052:completion:1,truthful_qa:0052:completion:2,truthful_qa:0052:completion:1,defended,"lower-bound Pareto dominance: helpfulness, honesty, truthfulness",6.0,6.5,disagree,truthful_qa:0052:completion:2,0.5,0.25,0.0,0.25
pair_8a4dfb227b93,truthful_qa:0052,truthful_qa:0052:completion:2,truthful_qa:0052:completion:3,truthful_qa:0052:completion:2,defended,"lower-bound Pareto dominance: honesty, instruction_following",6.5,3.0,agree,truthful_qa:0052:completion:2,0.0,0.5,0.5,0.0
pair_98c60ba4435f,truthful_qa:0052,truthful_qa:0052:completion:3,truthful_qa:0052:completion:0,truthful_qa:0052:completion:3,defended,"lower-bound Pareto dominance: helpfulness, honesty, instruction_following",3.0,2.0,agree,,0.25,0.25,0.25,0.0
pair_c20171b27359,truthful_qa:0052,truthful_qa:0052:completion:1,truthful_qa:0052:completion:0,truthful_qa:0052:completion:1,defended,"lower-bound Pareto dominance: helpfulness, honesty, instruction_following, truthfulness",6.0,2.0,agree,,0.75,1.0,0.75,0.25
pair_e192c79ac73a,truthful_qa:0052,truthful_qa:0052:completion:2,truthful_qa:0052:completion:0,truthful_qa:0052:completion:2,defended,"lower-bound Pareto dominance: helpfulness, honesty, instruction_following",6.5,2.0,agree,truthful_qa:0052:completion:2,0.25,0.75,0.75,0.0
pair_3c89cc3b4b5a,truthful_qa:0053,truthful_qa:0053:completion:0,truthful_qa:0053:completion:1,truthful_qa:0053:completion:0,defended,"lower-bound Pareto dominance: helpfulness, honesty, instruction_following",4.0,2.0,agree,,0.25,0.25,1.0,0.0
pair_6201dc406338,truthful_qa:0053,truthful_qa:0053:completion:3,truthful_qa:0053:completion:2,truthful_qa:0053:completion:3,defended,"lower-bound Pareto dominance: helpfulness, honesty, instruction_following",6.5,7.0,disagree,truthful_qa:0053:completion:2,0.25,0.75,0.75,0.0
pair_a2fac9fd6a8c,truthful_qa:0053,truthful_qa:0053:completion:2,truthful_qa:0053:completion:1,truthful_qa:0053:completion:2,defended,lower-bound Pareto dominance: instruction_following,7.0,2.0,agree,truthful_qa:0053:completion:2,0.0,0.0,0.25,0.0
pair_af36c542fa59,truthful_qa:0053,truthful_qa:0053:completion:3,truthful_qa:0053:completion:1,truthful_qa:0053:completion:3,defended,"lower-bound Pareto dominance: helpfulness, honesty, instruction_following",6.5,2.0,agree,,0.25,0.75,1.0,0.0
pair_f027520c50be,truthful_qa:0053,truthful_qa:0053:completion:0,truthful_qa:0053:completion:2,truthful_qa:0053:completion:0,defended,"lower-bound Pareto dominance: helpfulness, honesty, instruction_following",4.0,7.0,disagree,truthful_qa:0053:completion:2,0.25,0.25,0.75,0.0
pair_f84d644850af,truthful_qa:0053,truthful_qa:0053:completion:3,truthful_qa:0053:completion:0,truthful_qa:0053:completion:3,defended,lower-bound Pareto dominance: honesty,6.5,4.0,agree,,0.0,0.5,0.0,0.0
pair_39ee0469ccb4,truthful_qa:0054,truthful_qa:0054:completion:3,truthful_qa:0054:completion:0,truthful_qa:0054:completion:3,defended,"lower-bound Pareto dominance: helpfulness, honesty, instruction_following",8.5,8.5,overall_tie,,0.25,0.25,0.25,0.0
pair_4df88a4e07e2,truthful_qa:0054,truthful_qa:0054:completion:3,truthful_qa:0054:completion:2,truthful_qa:0054:completion:3,defended,"lower-bound Pareto dominance: helpfulness, honesty, instruction_following, truthfulness",8.5,3.0,agree,,0.75,1.0,0.75,1.0
pair_5eb481b83741,truthful_qa:0054,truthful_qa:0054:completion:1,truthful_qa:0054:completion:3,truthful_qa:0054:completion:1,defended,lower-bound Pareto dominance: helpfulness,9.0,8.5,agree,truthful_qa:0054:completion:1,0.25,0.0,0.0,0.0
pair_7a55e1f44de5,truthful_qa:0054,truthful_qa:0054:completion:0,truthful_qa:0054:completion:2,truthful_qa:0054:completion:0,defended,"lower-bound Pareto dominance: helpfulness, honesty, instruction_following, truthfulness",8.5,3.0,agree,,0.5,0.75,0.5,1.0
pair_8f9d00d6048f,truthful_qa:0054,truthful_qa:0054:completion:1,truthful_qa:0054:completion:2,truthful_qa:0054:completion:1,defended,"lower-bound Pareto dominance: helpfulness, honesty, instruction_following, truthfulness",9.0,3.0,agree,truthful_qa:0054:completion:1,1.0,1.0,0.75,1.0
pair_dc24e0e6412e,truthful_qa:0054,truthful_qa:0054:completion:1,truthful_qa:0054:completion:0,truthful_qa:0054:completion:1,defended,"lower-bound Pareto dominance: helpfulness, honesty, instruction_following",9.0,8.5,agree,truthful_qa:0054:completion:1,0.5,0.25,0.25,0.0
pair_2e307fa6ea67,truthful_qa:0055,truthful_qa:0055:completion:3,truthful_qa:0055:completion:2,truthful_qa:0055:completion:3,defended,"lower-bound Pareto dominance: helpfulness, honesty, instruction_following",7.0,8.0,disagree,,0.25,0.25,0.5,0.0
pair_6027fd25fe32,truthful_qa:0055,truthful_qa:0055:completion:1,truthful_qa:0055:completion:0,truthful_qa:0055:completion:1,defended,"lower-bound Pareto dominance: helpfulness, honesty, instruction_following",8.0,8.5,disagree,truthful_qa:0055:completion:0,0.25,0.25,0.25,0.0
pair_602e42e80331,truthful_qa:0055,truthful_qa:0055:completion:3,truthful_qa:0055:completion:0,truthful_qa:0055:completion:3,defended,"lower-bound Pareto dominance: honesty, instruction_following",7.0,8.5,disagree,truthful_qa:0055:completion:0,0.0,0.25,0.25,0.0
pair_61d07bb68d5b,truthful_qa:0055,truthful_qa:0055:completion:0,truthful_qa:0055:completion:2,truthful_qa:0055:completion:0,defended,"lower-bound Pareto dominance: helpfulness, instruction_following",8.5,8.0,agree,truthful_qa:0055:completion:0,0.25,0.0,0.25,0.0
pair_b8ca0ede17ee,truthful_qa:0055,truthful_qa:0055:completion:1,truthful_qa:0055:completion:2,truthful_qa:0055:completion:1,defended,"lower-bound Pareto dominance: helpfulness, honesty, instruction_following",8.0,8.0,overall_tie,,0.5,0.25,0.5,0.0
pair_e25d9ad34ce2,truthful_qa:0055,truthful_qa:0055:completion:1,truthful_qa:0055:completion:3,truthful_qa:0055:completion:1,defended,lower-bound Pareto dominance: helpfulness,8.0,7.0,agree,,0.25,0.0,0.0,0.0
pair_36bf8d345c2b,truthful_qa:0056,truthful_qa:0056:completion:0,truthful_qa:0056:completion:3,,ambiguous,equivalent within epsilon,9.0,9.0,abstained,,0.0,0.0,0.0,0.0
pair_5178c299858e,truthful_qa:0056,truthful_qa:0056:completion:3,truthful_qa:0056:completion:1,truthful_qa:0056:completion:3,defended,"lower-bound Pareto dominance: helpfulness, honesty, instruction_following, truthfulness",9.0,4.0,agree,truthful_qa:0056:completion:3,0.75,1.0,0.75,0.75
pair_a12c424d9e1e,truthful_qa:0056,truthful_qa:0056:completion:2,truthful_qa:0056:completion:1,truthful_qa:0056:completion:2,defended,"lower-bound Pareto dominance: helpfulness, honesty, instruction_following, truthfulness",9.0,4.0,agree,truthful_qa:0056:completion:2,0.75,1.0,0.75,0.75
pair_c36933efd200,truthful_qa:0056,truthful_qa:0056:completion:0,truthful_qa:0056:completion:1,truthful_qa:0056:completion:0,defended,"lower-bound Pareto dominance: helpfulness, honesty, instruction_following, truthfulness",9.0,4.0,agree,truthful_qa:0056:completion:0,0.75,1.0,0.75,0.75
pair_c759fdece33c,truthful_qa:0056,truthful_qa:0056:completion:0,truthful_qa:0056:completion:2,,ambiguous,equivalent within epsilon,9.0,9.0,abstained,,0.0,0.0,0.0,0.0
pair_d155fb0038e0,truthful_qa:0056,truthful_qa:0056:completion:2,truthful_qa:0056:completion:3,,ambiguous,equivalent within epsilon,9.0,9.0,abstained,,0.0,0.0,0.0,0.0
pair_6167b51cf7b8,truthful_qa:0057,truthful_qa:0057:completion:1,truthful_qa:0057:completion:3,,ambiguous,cross-objective tradeoff,8.0,8.0,abstained,,0.5,0.0,0.25,-0.5
pair_802715359241,truthful_qa:0057,truthful_qa:0057:completion:1,truthful_qa:0057:completion:2,truthful_qa:0057:completion:1,defended,"lower-bound Pareto dominance: helpfulness, honesty, instruction_following",8.0,8.0,overall_tie,,0.5,0.25,0.5,0.0
pair_89b941bae4df,truthful_qa:0057,truthful_qa:0057:completion:1,truthful_qa:0057:completion:0,truthful_qa:0057:completion:1,defended,"lower-bound Pareto dominance: helpfulness, honesty, instruction_following",8.0,7.5,agree,truthful_qa:0057:completion:1,0.25,0.25,0.25,0.0
pair_a4490743f413,truthful_qa:0057,truthful_qa:0057:completion:3,truthful_qa:0057:completion:2,truthful_qa:0057:completion:3,defended,"lower-bound Pareto dominance: honesty, instruction_following, truthfulness",8.0,8.0,overall_tie,,0.0,0.25,0.25,0.5
pair_ca24e403203f,truthful_qa:0057,truthful_qa:0057:completion:0,truthful_qa:0057:completion:3,,ambiguous,cross-objective tradeoff,7.5,8.0,abstained,truthful_qa:0057:completion:3,0.25,-0.25,0.0,-0.5
pair_df32f34cef04,truthful_qa:0057,truthful_qa:0057:completion:0,truthful_qa:0057:completion:2,truthful_qa:0057:completion:0,defended,"lower-bound Pareto dominance: helpfulness, instruction_following",7.5,8.0,disagree,truthful_qa:0057:completion:2,0.25,0.0,0.25,0.0
pair_2281aca7495e,truthful_qa:0058,truthful_qa:0058:completion:0,truthful_qa:0058:completion:3,truthful_qa:0058:completion:0,defended,"lower-bound Pareto dominance: helpfulness, honesty, instruction_following",8.0,8.0,overall_tie,,0.5,0.25,0.25,0.0
pair_8fd09b9a87d5,truthful_qa:0058,truthful_qa:0058:completion:1,truthful_qa:0058:completion:2,truthful_qa:0058:completion:1,defended,"lower-bound Pareto dominance: helpfulness, honesty, instruction_following",8.0,7.5,agree,truthful_qa:0058:completion:1,0.25,0.25,0.25,0.0
pair_99f7e7da5c71,truthful_qa:0058,truthful_qa:0058:completion:0,truthful_qa:0058:completion:2,truthful_qa:0058:completion:0,defended,"lower-bound Pareto dominance: helpfulness, honesty, instruction_following",8.0,7.5,agree,truthful_qa:0058:completion:0,0.25,0.25,0.25,0.0
pair_a7400cb331c5,truthful_qa:0058,truthful_qa:0058:completion:1,truthful_qa:0058:completion:3,truthful_qa:0058:completion:1,defended,"lower-bound Pareto dominance: helpfulness, honesty, instruction_following",8.0,8.0,overall_tie,,0.5,0.25,0.25,0.0
pair_db9077b80e58,truthful_qa:0058,truthful_qa:0058:completion:0,truthful_qa:0058:completion:1,,ambiguous,equivalent within epsilon,8.0,8.0,abstained,,0.0,0.0,0.0,0.0
pair_e56b4f41aaa8,truthful_qa:0058,truthful_qa:0058:completion:2,truthful_qa:0058:completion:3,truthful_qa:0058:completion:2,defended,lower-bound Pareto dominance: helpfulness,7.5,8.0,disagree,truthful_qa:0058:completion:3,0.25,0.0,0.0,0.0
pair_05344853961e,truthful_qa:0059,truthful_qa:0059:completion:0,truthful_qa:0059:completion:1,,ambiguous,cross-objective tradeoff,5.0,6.0,abstained,,0.0,-0.25,0.25,0.0
pair_211da3063d9c,truthful_qa:0059,truthful_qa:0059:completion:2,truthful_qa:0059:completion:1,truthful_qa:0059:completion:2,defended,"lower-bound Pareto dominance: helpfulness, honesty, instruction_following, truthfulness",7.5,6.0,agree,,0.5,0.5,0.5,0.5
pair_26a45af4c5ba,truthful_qa:0059,truthful_qa:0059:completion:2,truthful_qa:0059:completion:0,truthful_qa:0059:completion:2,defended,"lower-bound Pareto dominance: helpfulness, honesty, instruction_following, truthfulness",7.5,5.0,agree,,0.5,0.75,0.25,0.5
pair_591a9b76bebc,truthful_qa:0059,truthful_qa:0059:completion:3,truthful_qa:0059:completion:2,truthful_qa:0059:completion:3,defended,lower-bound Pareto dominance: instruction_following,8.5,7.5,agree,truthful_qa:0059:completion:3,0.0,0.0,0.25,0.0
pair_c77d0157ee11,truthful_qa:0059,truthful_qa:0059:completion:3,truthful_qa:0059:completion:1,truthful_qa:0059:completion:3,defended,"lower-bound Pareto dominance: helpfulness, honesty, instruction_following, truthfulness",8.5,6.0,agree,truthful_qa:0059:completion:3,0.5,0.5,0.75,0.5
pair_efffbead6aa6,truthful_qa:0059,truthful_qa:0059:completion:3,truthful_qa:0059:completion:0,truthful_qa:0059:completion:3,defended,"lower-bound Pareto dominance: helpfulness, honesty, instruction_following, truthfulness",8.5,5.0,agree,truthful_qa:0059:completion:3,0.5,0.75,0.5,0.5
pair_11b6b06b0b89,truthful_qa:0060,truthful_qa:0060:completion:1,truthful_qa:0060:completion:3,,ambiguous,cross-objective tradeoff,3.0,8.0,abstained,truthful_qa:0060:completion:3,0.0,-0.75,-0.25,0.25
pair_19ed50d819ff,truthful_qa:0060,truthful_qa:0060:completion:1,truthful_qa:0060:completion:2,,ambiguous,cross-objective tradeoff,3.0,3.0,abstained,,0.25,-0.25,0.25,0.5
pair_25afdee08a47,truthful_qa:0060,truthful_qa:0060:completion:0,truthful_qa:0060:completion:1,,ambiguous,cross-objective tradeoff,7.0,3.0,abstained,,0.25,0.5,0.5,-0.25
pair_3ec8285b243b,truthful_qa:0060,truthful_qa:0060:completion:0,truthful_qa:0060:completion:3,,ambiguous,cross-objective tradeoff,7.0,8.0,abstained,truthful_qa:0060:completion:3,0.25,-0.25,0.25,0.0
pair_a0218805977d,truthful_qa:0060,truthful_qa:0060:completion:0,truthful_qa:0060:completion:2,truthful_qa:0060:completion:0,defended,"lower-bound Pareto dominance: helpfulness, honesty, instruction_following, truthfulness",7.0,3.0,agree,,0.5,0.25,0.75,0.25
pair_cafeecd5c6ca,truthful_qa:0060,truthful_qa:0060:completion:3,truthful_qa:0060:completion:2,truthful_qa:0060:completion:3,defended,"lower-bound Pareto dominance: helpfulness, honesty, instruction_following, truthfulness",8.0,3.0,agree,truthful_qa:0060:completion:3,0.25,0.5,0.5,0.25
pair_188bea95bc04,truthful_qa:0061,truthful_qa:0061:completion:2,truthful_qa:0061:completion:3,truthful_qa:0061:completion:2,defended,"lower-bound Pareto dominance: helpfulness, honesty, instruction_following",9.0,7.0,agree,truthful_qa:0061:completion:2,0.25,0.25,0.5,0.0
pair_466de119b5b2,truthful_qa:0061,truthful_qa:0061:completion:0,truthful_qa:0061:completion:3,,ambiguous,cross-objective tradeoff,7.5,7.0,abstained,,0.75,0.25,0.5,-0.25
pair_5d77aed5660d,truthful_qa:0061,truthful_qa:0061:completion:2,truthful_qa:0061:completion:1,truthful_qa:0061:completion:2,defended,lower-bound Pareto dominance: instruction_following,9.0,9.0,overall_tie,,0.0,0.0,0.25,0.0
pair_ca7356768c68,truthful_qa:0061,truthful_qa:0061:completion:0,truthful_qa:0061:completion:2,,ambiguous,cross-objective tradeoff,7.5,9.0,abstained,truthful_qa:0061:completion:2,0.5,0.0,0.0,-0.25
pair_f770c8a91e4f,truthful_qa:0061,truthful_qa:0061:completion:0,truthful_qa:0061:completion:1,,ambiguous,cross-objective tradeoff,7.5,9.0,abstained,truthful_qa:0061:completion:1,0.5,0.0,0.25,-0.25
pair_fc22c81a272e,truthful_qa:0061,truthful_qa:0061:completion:1,truthful_qa:0061:completion:3,truthful_qa:0061:completion:1,defended,"lower-bound Pareto dominance: helpfulness, honesty, instruction_following",9.0,7.0,agree,truthful_qa:0061:completion:1,0.25,0.25,0.25,0.0
pair_26ea51038d83,truthful_qa:0062,truthful_qa:0062:completion:0,truthful_qa:0062:completion:3,truthful_qa:0062:completion:0,defended,"lower-bound Pareto dominance: helpfulness, honesty, instruction_following",7.5,8.5,disagree,truthful_qa:0062:completion:3,0.25,0.25,0.25,0.0
pair_30ec738d228b,truthful_qa:0062,truthful_qa:0062:completion:2,truthful_qa:0062:completion:0,truthful_qa:0062:completion:2,defended,"lower-bound Pareto dominance: helpfulness, instruction_following",8.0,7.5,agree,,0.25,0.0,0.25,0.0
pair_43818e69c7a5,truthful_qa:0062,truthful_qa:0062:completion:1,truthful_qa:0062:completion:3,truthful_qa:0062:completion:1,defended,lower-bound Pareto dominance: instruction_following,7.5,8.5,disagree,truthful_qa:0062:completion:3,0.0,0.0,0.5,0.0
pair_acae92ff6d40,truthful_qa:0062,truthful_qa:0062:completion:2,truthful_qa:0062:completion:3,truthful_qa:0062:completion:2,defended,"lower-bound Pareto dominance: helpfulness, honesty, instruction_following",8.0,8.5,disagree,truthful_qa:0062:completion:3,0.5,0.25,0.5,0.0
pair_b869580a2916,truthful_qa:0062,truthful_qa:0062:completion:0,truthful_qa:0062:completion:1,,ambiguous,cross-objective tradeoff,7.5,7.5,abstained,,0.25,0.25,-0.25,0.0
pair_c4b8538f97fa,truthful_qa:0062,truthful_qa:0062:completion:2,truthful_qa:0062:completion:1,truthful_qa:0062:completion:2,defended,"lower-bound Pareto dominance: helpfulness, honesty",8.0,7.5,agree,,0.5,0.25,0.0,0.0
pair_0de1be327b20,truthful_qa:0063,truthful_qa:0063:completion:0,truthful_qa:0063:completion:2,truthful_qa:0063:completion:0,defended,"lower-bound Pareto dominance: helpfulness, honesty, instruction_following, truthfulness",8.5,6.0,agree,,0.5,0.5,0.5,0.75
pair_1ff196cd54a1,truthful_qa:0063,truthful_qa:0063:completion:1,truthful_qa:0063:completion:2,truthful_qa:0063:completion:1,defended,"lower-bound Pareto dominance: helpfulness, honesty, instruction_following, truthfulness",8.5,6.0,agree,,0.75,0.75,0.75,0.75
pair_21837df622c3,truthful_qa:0063,truthful_qa:0063:completion:1,truthful_qa:0063:completion:3,truthful_qa:0063:completion:1,defended,lower-bound Pareto dominance: helpfulness,8.5,9.0,disagree,truthful_qa:0063:completion:3,0.25,0.0,0.0,0.0
pair_985af4d6cae2,truthful_qa:0063,truthful_qa:0063:completion:3,truthful_qa:0063:completion:2,truthful_qa:0063:completion:3,defended,"lower-bound Pareto dominance: helpfulness, honesty, instruction_following, truthfulness",9.0,6.0,agree,truthful_qa:0063:completion:3,0.5,0.75,0.75,0.75
pair_a6203f39bc61,truthful_qa:0063,truthful_qa:0063:completion:1,truthful_qa:0063:completion:0,truthful_qa:0063:completion:1,defended,"lower-bound Pareto dominance: helpfulness, honesty, instruction_following",8.5,8.5,overall_tie,,0.25,0.25,0.25,0.0
pair_f07d2d3facf0,truthful_qa:0063,truthful_qa:0063:completion:3,truthful_qa:0063:completion:0,truthful_qa:0063:completion:3,defended,"lower-bound Pareto dominance: honesty, instruction_following",9.0,8.5,agree,truthful_qa:0063:completion:3,0.0,0.25,0.25,0.0
pair_1ba36ec5efab,truthful_qa:0064,truthful_qa:0064:completion:1,truthful_qa:0064:completion:3,,ambiguous,cross-objective tradeoff,7.0,5.0,abstained,truthful_qa:0064:completion:1,0.0,0.75,-0.25,0.25
pair_861fc23c0cc6,truthful_qa:0064,truthful_qa:0064:completion:0,truthful_qa:0064:completion:1,,ambiguous,cross-objective tradeoff,6.0,7.0,abstained,truthful_qa:0064:completion:1,0.25,-0.25,0.5,0.25
pair_8a9dddd39087,truthful_qa:0064,truthful_qa:0064:completion:2,truthful_qa:0064:completion:0,truthful_qa:0064:completion:2,defended,"lower-bound Pareto dominance: helpfulness, instruction_following",7.0,6.0,agree,truthful_qa:0064:completion:2,0.25,0.0,0.25,0.0
pair_941d025eb72f,truthful_qa:0064,truthful_qa:0064:completion:1,truthful_qa:0064:completion:2,,ambiguous,cross-objective tradeoff,7.0,7.0,abstained,,-0.5,0.25,-0.75,-0.25
pair_c4de2b995909,truthful_qa:0064,truthful_qa:0064:completion:2,truthful_qa:0064:completion:3,truthful_qa:0064:completion:2,defended,"lower-bound Pareto dominance: helpfulness, honesty, instruction_following, truthfulness",7.0,5.0,agree,truthful_qa:0064:completion:2,0.5,0.5,0.5,0.5
pair_fed062267779,truthful_qa:0064,truthful_qa:0064:completion:0,truthful_qa:0064:completion:3,truthful_qa:0064:completion:0,defended,"lower-bound Pareto dominance: helpfulness, honesty, instruction_following, truthfulness",6.0,5.0,agree,,0.25,0.5,0.25,0.5
pair_03426d892584,truthful_qa:0065,truthful_qa:0065:completion:0,truthful_qa:0065:completion:2,,ambiguous,cross-objective tradeoff,8.0,8.0,abstained,,0.25,-0.25,0.25,0.0
pair_3e5e84432ada,truthful_qa:0065,truthful_qa:0065:completion:1,truthful_qa:0065:completion:2,,ambiguous,equivalent within epsilon,8.5,8.0,abstained,truthful_qa:0065:completion:1,0.0,0.0,0.0,0.0
pair_3f5ba0a9909d,truthful_qa:0065,truthful_qa:0065:completion:2,truthful_qa:0065:completion:3,,ambiguous,cross-objective tradeoff,8.0,8.5,abstained,truthful_qa:0065:completion:3,0.25,0.0,-0.25,0.0
pair_8a6ee273e16f,truthful_qa:0065,truthful_qa:0065:completion:0,truthful_qa:0065:completion:3,,ambiguous,cross-objective tradeoff,8.0,8.5,abstained,truthful_qa:0065:completion:3,0.5,-0.25,0.0,0.0
pair_8ea71bf83418,truthful_qa:0065,truthful_qa:0065:completion:1,truthful_qa:0065:completion:3,,ambiguous,cross-objective tradeoff,8.5,8.5,abstained,,0.25,0.0,-0.25,0.0
pair_ea7f9829e9ee,truthful_qa:0065,truthful_qa:0065:completion:0,truthful_qa:0065:completion:1,,ambiguous,cross-objective tradeoff,8.0,8.5,abstained,truthful_qa:0065:completion:1,0.25,-0.25,0.25,0.0
pair_324fb699515a,truthful_qa:0066,truthful_qa:0066:completion:0,truthful_qa:0066:completion:2,truthful_qa:0066:completion:0,defended,"lower-bound Pareto dominance: helpfulness, honesty, instruction_following, truthfulness",7.0,3.0,agree,truthful_qa:0066:completion:0,0.5,0.5,0.5,0.75
pair_4c486617f08b,truthful_qa:0066,truthful_qa:0066:completion:3,truthful_qa:0066:completion:2,truthful_qa:0066:completion:3,defended,"lower-bound Pareto dominance: helpfulness, honesty, instruction_following, truthfulness",6.0,3.0,agree,,0.5,0.5,0.75,0.75
pair_57aea2581181,truthful_qa:0066,truthful_qa:0066:completion:3,truthful_qa:0066:completion:0,truthful_qa:0066:completion:3,defended,lower-bound Pareto dominance: instruction_following,6.0,7.0,disagree,truthful_qa:0066:completion:0,0.0,0.0,0.25,0.0
pair_a945808cd9a8,truthful_qa:0066,truthful_qa:0066:completion:3,truthful_qa:0066:completion:1,truthful_qa:0066:completion:3,defended,"lower-bound Pareto dominance: helpfulness, honesty, instruction_following, truthfulness",6.0,6.0,overall_tie,,0.5,0.25,1.0,1.0
pair_bf507b21e9ee,truthful_qa:0066,truthful_qa:0066:completion:0,truthful_qa:0066:completion:1,truthful_qa:0066:completion:0,defended,"lower-bound Pareto dominance: helpfulness, honesty, instruction_following, truthfulness",7.0,6.0,agree,truthful_qa:0066:completion:0,0.5,0.25,0.75,1.0
pair_c3e1c970d60d,truthful_qa:0066,truthful_qa:0066:completion:1,truthful_qa:0066:completion:2,,ambiguous,cross-objective tradeoff,6.0,3.0,abstained,,0.0,0.25,-0.25,-0.25
pair_2c2325cd7e39,truthful_qa:0067,truthful_qa:0067:completion:1,truthful_qa:0067:completion:3,,ambiguous,equivalent within epsilon,7.5,8.0,abstained,truthful_qa:0067:completion:3,0.0,0.0,0.0,0.0
pair_3bdfa03e94cf,truthful_qa:0067,truthful_qa:0067:completion:1,truthful_qa:0067:completion:0,truthful_qa:0067:completion:1,defended,lower-bound Pareto dominance: instruction_following,7.5,6.0,agree,,0.0,0.0,0.25,0.0
pair_5437d4c02f92,truthful_qa:0067,truthful_qa:0067:completion:3,truthful_qa:0067:completion:2,truthful_qa:0067:completion:3,defended,"lower-bound Pareto dominance: helpfulness, honesty, instruction_following, truthfulness",8.0,4.0,agree,truthful_qa:0067:completion:3,0.25,0.25,0.5,0.25
pair_546fc2db214f,truthful_qa:0067,truthful_qa:0067:completion:0,truthful_qa:0067:completion:2,truthful_qa:0067:completion:0,defended,"lower-bound Pareto dominance: helpfulness, honesty, instruction_following, truthfulness",6.0,4.0,agree,,0.25,0.25,0.25,0.25
pair_7d1ffcc8a10b,truthful_qa:0067,truthful_qa:0067:completion:3,truthful_qa:0067:completion:0,truthful_qa:0067:completion:3,defended,lower-bound Pareto dominance: instruction_following,8.0,6.0,agree,truthful_qa:0067:completion:3,0.0,0.0,0.25,0.0
pair_8583c08d2058,truthful_qa:0067,truthful_qa:0067:completion:1,truthful_qa:0067:completion:2,truthful_qa:0067:completion:1,defended,"lower-bound Pareto dominance: helpfulness, honesty, instruction_following, truthfulness",7.5,4.0,agree,,0.25,0.25,0.5,0.25
pair_3331744ca7e6,truthful_qa:0068,truthful_qa:0068:completion:2,truthful_qa:0068:completion:1,truthful_qa:0068:completion:2,defended,"lower-bound Pareto dominance: helpfulness, honesty, instruction_following, truthfulness",7.5,6.0,agree,truthful_qa:0068:completion:2,0.75,0.5,0.5,0.75
pair_518acdf874bc,truthful_qa:0068,truthful_qa:0068:completion:3,truthful_qa:0068:completion:0,truthful_qa:0068:completion:3,defended,lower-bound Pareto dominance: honesty,7.0,7.5,disagree,truthful_qa:0068:completion:0,0.0,0.5,0.0,0.0
pair_8ed6eadabcd7,truthful_qa:0068,truthful_qa:0068:completion:3,truthful_qa:0068:completion:1,truthful_qa:0068:completion:3,defended,"lower-bound Pareto dominance: helpfulness, honesty, instruction_following, truthfulness",7.0,6.0,agree,,0.25,0.75,0.25,0.25
pair_bbd389c47a64,truthful_qa:0068,truthful_qa:0068:completion:2,truthful_qa:0068:completion:3,,ambiguous,cross-objective tradeoff,7.5,7.0,abstained,truthful_qa:0068:completion:2,0.5,-0.25,0.25,0.5
pair_f29e35dc1f9b,truthful_qa:0068,truthful_qa:0068:completion:0,truthful_qa:0068:completion:1,truthful_qa:0068:completion:0,defended,"lower-bound Pareto dominance: helpfulness, honesty, instruction_following, truthfulness",7.5,6.0,agree,truthful_qa:0068:completion:0,0.25,0.25,0.25,0.25
pair_f9e2a614f269,truthful_qa:0068,truthful_qa:0068:completion:2,truthful_qa:0068:completion:0,truthful_qa:0068:completion:2,defended,"lower-bound Pareto dominance: helpfulness, honesty, instruction_following, truthfulness",7.5,7.5,overall_tie,,0.5,0.25,0.25,0.5
pair_624325fffc76,truthful_qa:0069,truthful_qa:0069:completion:2,truthful_qa:0069:completion:3,truthful_qa:0069:completion:2,defended,"lower-bound Pareto dominance: instruction_following, truthfulness",7.5,8.0,disagree,truthful_qa:0069:completion:3,0.0,0.0,0.5,0.25
pair_8d53bbd47039,truthful_qa:0069,truthful_qa:0069:completion:0,truthful_qa:0069:completion:1,,ambiguous,cross-objective tradeoff,7.0,7.0,abstained,,-0.25,0.0,0.0,0.25
pair_9a34851822cb,truthful_qa:0069,truthful_qa:0069:completion:1,truthful_qa:0069:completion:2,,ambiguous,cross-objective tradeoff,7.0,7.5,abstained,,0.25,-0.25,-0.25,-0.25
pair_a32b26f6bb67,truthful_qa:0069,truthful_qa:0069:completion:0,truthful_qa:0069:completion:3,,ambiguous,cross-objective tradeoff,7.0,8.0,abstained,truthful_qa:0069:completion:3,0.0,-0.25,0.25,0.25
pair_aa67dc938529,truthful_qa:0069,truthful_qa:0069:completion:2,truthful_qa:0069:completion:0,truthful_qa:0069:completion:2,defended,"lower-bound Pareto dominance: honesty, instruction_following",7.5,7.0,agree,,0.0,0.25,0.25,0.0
pair_c0eb0ebaa237,truthful_qa:0069,truthful_qa:0069:completion:1,truthful_qa:0069:completion:3,,ambiguous,cross-objective tradeoff,7.0,8.0,abstained,truthful_qa:0069:completion:3,0.25,-0.25,0.25,0.0
pair_0a0a092b7c17,truthful_qa:0070,truthful_qa:0070:completion:1,truthful_qa:0070:completion:3,truthful_qa:0070:completion:1,defended,"lower-bound Pareto dominance: helpfulness, honesty, instruction_following",8.0,7.0,agree,,0.5,0.25,0.25,0.0
pair_12cc6848ae7f,truthful_qa:0070,truthful_qa:0070:completion:0,truthful_qa:0070:completion:2,truthful_qa:0070:completion:0,defended,"lower-bound Pareto dominance: helpfulness, honesty, instruction_following, truthfulness",8.5,4.0,agree,truthful_qa:0070:completion:0,0.5,0.75,0.75,0.75
pair_53bde10e4401,truthful_qa:0070,truthful_qa:0070:completion:0,truthful_qa:0070:completion:3,,ambiguous,equivalent within epsilon,8.5,7.0,abstained,truthful_qa:0070:completion:0,0.0,0.0,0.0,0.0
pair_9f49b2c6e8e9,truthful_qa:0070,truthful_qa:0070:completion:1,truthful_qa:0070:completion:2,truthful_qa:0070:completion:1,defended,"lower-bound Pareto dominance: helpfulness, honesty, instruction_following, truthfulness",8.0,4.0,agree,,1.0,1.0,1.0,0.75
pair_d1d8977956db,truthful_qa:0070,truthful_qa:0070:completion:3,truthful_qa:0070:completion:2,truthful_qa:0070:completion:3,defended,"lower-bound Pareto dominance: helpfulness, honesty, instruction_following, truthfulness",7.0,4.0,agree,,0.5,0.75,0.75,0.75
pair_d95672e876d1,truthful_qa:0070,truthful_qa:0070:completion:1,truthful_qa:0070:completion:0,truthful_qa:0070:completion:1,defended,"lower-bound Pareto dominance: helpfulness, honesty, instruction_following",8.0,8.5,disagree,truthful_qa:0070:completion:0,0.5,0.25,0.25,0.0
pair_4f8afcde84d4,truthful_qa:0071,truthful_qa:0071:completion:0,truthful_qa:0071:completion:1,,ambiguous,equivalent within epsilon,9.0,8.0,abstained,truthful_qa:0071:completion:0,0.0,0.0,0.0,0.0
pair_6da8f76ade2c,truthful_qa:0071,truthful_qa:0071:completion:0,truthful_qa:0071:completion:2,,ambiguous,cross-objective tradeoff,9.0,8.0,abstained,truthful_qa:0071:completion:0,0.0,0.25,-0.25,0.0
pair_9c3c82f6b215,truthful_qa:0071,truthful_qa:0071:completion:1,truthful_qa:0071:completion:2,,ambiguous,cross-objective tradeoff,8.0,8.0,abstained,,0.0,0.25,-0.25,0.0
pair_9ea32bbdb1ff,truthful_qa:0071,truthful_qa:0071:completion:3,truthful_qa:0071:completion:0,truthful_qa:0071:completion:3,defended,"lower-bound Pareto dominance: helpfulness, instruction_following",8.0,9.0,disagree,truthful_qa:0071:completion:0,0.25,0.0,0.25,0.0
pair_af244436ec0d,truthful_qa:0071,truthful_qa:0071:completion:3,truthful_qa:0071:completion:1,truthful_qa:0071:completion:3,defended,"lower-bound Pareto dominance: helpfulness, instruction_following",8.0,8.0,overall_tie,,0.25,0.0,0.25,0.0
pair_e5e37d62439a,truthful_qa:0071,truthful_qa:0071:completion:3,truthful_qa:0071:completion:2,truthful_qa:0071:completion:3,defended,"lower-bound Pareto dominance: helpfulness, honesty",8.0,8.0,overall_tie,,0.25,0.25,0.0,0.0
pair_38ff0e51be61,truthful_qa:0072,truthful_qa:0072:completion:0,truthful_qa:0072:completion:2,,ambiguous,cross-objective tradeoff,8.0,7.0,abstained,,0.0,0.25,-0.25,0.25
pair_3ee8aa208b31,truthful_qa:0072,truthful_qa:0072:completion:3,truthful_qa:0072:completion:1,truthful_qa:0072:completion:3,defended,"lower-bound Pareto dominance: helpfulness, honesty, instruction_following, truthfulness",7.0,8.5,disagree,truthful_qa:0072:completion:1,0.25,0.25,0.25,0.5
pair_53c137c6635e,truthful_qa:0072,truthful_qa:0072:completion:2,truthful_qa:0072:completion:1,truthful_qa:0072:completion:2,defended,"lower-bound Pareto dominance: helpfulness, instruction_following, truthfulness",7.0,8.5,disagree,truthful_qa:0072:completion:1,0.25,0.0,0.25,0.25
pair_552f319917bb,truthful_qa:0072,truthful_qa:0072:completion:0,truthful_qa:0072:completion:1,truthful_qa:0072:completion:0,defended,"lower-bound Pareto dominance: helpfulness, honesty, truthfulness",8.0,8.5,disagree,truthful_qa:0072:completion:1,0.25,0.25,0.0,0.5
pair_db4e36f5acc0,truthful_qa:0072,truthful_qa:0072:completion:3,truthful_qa:0072:completion:0,truthful_qa:0072:completion:3,defended,lower-bound Pareto dominance: instruction_following,7.0,8.0,disagree,,0.0,0.0,0.25,0.0
pair_e24a27cf1af3,truthful_qa:0072,truthful_qa:0072:completion:3,truthful_qa:0072:completion:2,truthful_qa:0072:completion:3,defended,"lower-bound Pareto dominance: honesty, truthfulness",7.0,7.0,overall_tie,,0.0,0.25,0.0,0.25
pair_02595f6ca9cd,truthful_qa:0073,truthful_qa:0073:completion:2,truthful_qa:0073:completion:0,truthful_qa:0073:completion:2,defended,"lower-bound Pareto dominance: helpfulness, honesty, instruction_following, truthfulness",8.5,6.5,agree,truthful_qa:0073:completion:2,0.5,0.5,0.5,0.5
pair_ad7f0d7720e6,truthful_qa:0073,truthful_qa:0073:completion:1,truthful_qa:0073:completion:3,,ambiguous,cross-objective tradeoff,6.5,6.0,abstained,,0.25,0.5,0.75,-0.25
pair_b2cf77c992f7,truthful_qa:0073,truthful_qa:0073:completion:0,truthful_qa:0073:completion:1,,ambiguous,cross-objective tradeoff,6.5,6.5,abstained,,-0.25,-0.75,-0.5,0.25
pair_d620fce9eb34,truthful_qa:0073,truthful_qa:0073:completion:2,truthful_qa:0073:completion:3,truthful_qa:0073:completion:2,defended,"lower-bound Pareto dominance: helpfulness, honesty, instruction_following, truthfulness",8.5,6.0,agree,truthful_qa:0073:completion:2,0.5,0.25,0.75,0.5
pair_f1afa7384231,truthful_qa:0073,truthful_qa:0073:completion:0,truthful_qa:0073:completion:3,,ambiguous,cross-objective tradeoff,6.5,6.0,abstained,,0.0,-0.25,0.25,0.0
pair_f33ca6bbd1db,truthful_qa:0073,truthful_qa:0073:completion:1,truthful_qa:0073:completion:2,,ambiguous,cross-objective tradeoff,6.5,8.5,abstained,truthful_qa:0073:completion:2,-0.25,0.25,0.0,-0.75
pair_4295d9fba834,truthful_qa:0074,truthful_qa:0074:completion:0,truthful_qa:0074:completion:1,,ambiguous,cross-objective tradeoff,6.0,6.0,abstained,,-0.25,0.25,-0.5,1.0
pair_7778e6094468,truthful_qa:0074,truthful_qa:0074:completion:2,truthful_qa:0074:completion:3,truthful_qa:0074:completion:2,defended,"lower-bound Pareto dominance: helpfulness, honesty, instruction_following, truthfulness",8.5,4.0,agree,truthful_qa:0074:completion:2,0.5,0.75,0.75,0.75
pair_95ad99aa46f1,truthful_qa:0074,truthful_qa:0074:completion:0,truthful_qa:0074:completion:3,,ambiguous,cross-objective tradeoff,6.0,4.0,abstained,,-0.25,0.25,-0.25,0.75
pair_bf7979751a87,truthful_qa:0074,truthful_qa:0074:completion:2,truthful_qa:0074:completion:1,truthful_qa:0074:completion:2,defended,"lower-bound Pareto dominance: helpfulness, honesty, instruction_following, truthfulness",8.5,6.0,agree,truthful_qa:0074:completion:2,0.5,0.75,0.5,1.0
pair_d002a72e227f,truthful_qa:0074,truthful_qa:0074:completion:2,truthful_qa:0074:completion:0,truthful_qa:0074:completion:2,defended,"lower-bound Pareto dominance: helpfulness, honesty, instruction_following",8.5,6.0,agree,truthful_qa:0074:completion:2,0.75,0.5,1.0,0.0
pair_f17d62f986a7,truthful_qa:0074,truthful_qa:0074:completion:1,truthful_qa:0074:completion:3,,ambiguous,cross-objective tradeoff,6.0,4.0,abstained,,0.0,0.0,0.25,-0.25
pair_189a053ab631,truthful_qa:0075,truthful_qa:0075:completion:0,truthful_qa:0075:completion:3,truthful_qa:0075:completion:0,defended,"lower-bound Pareto dominance: helpfulness, honesty, instruction_following, truthfulness",9.0,2.0,agree,truthful_qa:0075:completion:0,0.5,1.0,1.0,0.5
pair_555b8ca5245d,truthful_qa:0075,truthful_qa:0075:completion:1,truthful_qa:0075:completion:2,,ambiguous,equivalent within epsilon,8.5,8.0,abstained,,0.0,0.0,0.0,0.0
pair_5609006ec355,truthful_qa:0075,truthful_qa:0075:completion:2,truthful_qa:0075:completion:3,truthful_qa:0075:completion:2,defended,"lower-bound Pareto dominance: helpfulness, honesty, instruction_following, truthfulness",8.0,2.0,agree,,0.5,1.0,1.0,0.5
pair_736d21f2ac75,truthful_qa:0075,truthful_qa:0075:completion:0,truthful_qa:0075:completion:1,,ambiguous,equivalent within epsilon,9.0,8.5,abstained,truthful_qa:0075:completion:0,0.0,0.0,0.0,0.0
pair_863414f84713,truthful_qa:0075,truthful_qa:0075:completion:0,truthful_qa:0075:completion:2,,ambiguous,equivalent within epsilon,9.0,8.0,abstained,truthful_qa:0075:completion:0,0.0,0.0,0.0,0.0
pair_e7bad95b5006,truthful_qa:0075,truthful_qa:0075:completion:1,truthful_qa:0075:completion:3,truthful_qa:0075:completion:1,defended,"lower-bound Pareto dominance: helpfulness, honesty, instruction_following, truthfulness",8.5,2.0,agree,,0.5,1.0,1.0,0.5
pair_156b346b1425,truthful_qa:0076,truthful_qa:0076:completion:1,truthful_qa:0076:completion:3,,ambiguous,missing scores: honesty,4.0,4.0,abstained,,0.5,,0.75,-0.25
pair_24a1fd0f6bac,truthful_qa:0076,truthful_qa:0076:completion:2,truthful_qa:0076:completion:0,truthful_qa:0076:completion:2,defended,"lower-bound Pareto dominance: helpfulness, honesty, instruction_following, truthfulness",8.5,4.0,agree,truthful_qa:0076:completion:2,0.5,0.75,0.75,0.75
pair_7a8b80d265f3,truthful_qa:0076,truthful_qa:0076:completion:2,truthful_qa:0076:completion:3,,ambiguous,missing scores: honesty,8.5,4.0,abstained,truthful_qa:0076:completion:2,0.75,,1.0,0.5
pair_93f540f29f06,truthful_qa:0076,truthful_qa:0076:completion:0,truthful_qa:0076:completion:1,,ambiguous,cross-objective tradeoff,4.0,4.0,abstained,,-0.25,0.25,-0.5,0.0
pair_95ab64a10937,truthful_qa:0076,truthful_qa:0076:completion:0,truthful_qa:0076:completion:3,,ambiguous,missing scores: honesty,4.0,4.0,abstained,,0.25,,0.25,-0.25
pair_b2a5ad908931,truthful_qa:0076,truthful_qa:0076:completion:2,truthful_qa:0076:completion:1,truthful_qa:0076:completion:2,defended,"lower-bound Pareto dominance: helpfulness, honesty, instruction_following, truthfulness",8.5,4.0,agree,truthful_qa:0076:completion:2,0.25,1.0,0.25,0.75
pair_1ac2a932ff3d,truthful_qa:0077,truthful_qa:0077:completion:0,truthful_qa:0077:completion:1,truthful_qa:0077:completion:0,defended,"lower-bound Pareto dominance: helpfulness, honesty, instruction_following, truthfulness",7.5,6.0,agree,truthful_qa:0077:completion:0,0.25,0.25,0.25,0.25
pair_97d0c1b6e5bc,truthful_qa:0077,truthful_qa:0077:completion:3,truthful_qa:0077:completion:0,truthful_qa:0077:completion:3,defended,"lower-bound Pareto dominance: honesty, instruction_following",6.0,7.5,disagree,truthful_qa:0077:completion:0,0.0,0.25,0.25,0.0
pair_a01f605dc008,truthful_qa:0077,truthful_qa:0077:completion:3,truthful_qa:0077:completion:1,truthful_qa:0077:completion:3,defended,"lower-bound Pareto dominance: helpfulness, honesty, instruction_following, truthfulness",6.0,6.0,overall_tie,,0.25,0.5,0.5,0.25
pair_a7f7b4276a84,truthful_qa:0077,truthful_qa:0077:completion:2,truthful_qa:0077:completion:1,truthful_qa:0077:completion:2,defended,"lower-bound Pareto dominance: helpfulness, honesty, instruction_following, truthfulness",7.5,6.0,agree,truthful_qa:0077:completion:2,0.25,0.5,0.5,0.25
pair_d70b055c674a,truthful_qa:0077,truthful_qa:0077:completion:2,truthful_qa:0077:completion:0,truthful_qa:0077:completion:2,defended,"lower-bound Pareto dominance: honesty, instruction_following",7.5,7.5,overall_tie,,0.0,0.25,0.25,0.0
pair_efa786fd2095,truthful_qa:0077,truthful_qa:0077:completion:2,truthful_qa:0077:completion:3,,ambiguous,equivalent within epsilon,7.5,6.0,abstained,truthful_qa:0077:completion:2,0.0,0.0,0.0,0.0
pair_7b90a7bd6133,truthful_qa:0078,truthful_qa:0078:completion:0,truthful_qa:0078:completion:1,truthful_qa:0078:completion:0,defended,"lower-bound Pareto dominance: helpfulness, honesty, instruction_following, truthfulness",7.5,5.0,agree,,0.5,1.0,0.75,0.75
pair_7e87cf3f8994,truthful_qa:0078,truthful_qa:0078:completion:1,truthful_qa:0078:completion:2,,ambiguous,cross-objective tradeoff,5.0,3.0,abstained,,0.25,-0.25,-0.25,0.0
pair_8677eba0ad38,truthful_qa:0078,truthful_qa:0078:completion:0,truthful_qa:0078:completion:2,truthful_qa:0078:completion:0,defended,"lower-bound Pareto dominance: helpfulness, honesty, instruction_following, truthfulness",7.5,3.0,agree,,0.75,0.75,0.5,0.75
pair_95a8c4bacb0a,truthful_qa:0078,truthful_qa:0078:completion:3,truthful_qa:0078:completion:1,truthful_qa:0078:completion:3,defended,"lower-bound Pareto dominance: helpfulness, honesty, instruction_following, truthfulness",9.0,5.0,agree,truthful_qa:0078:completion:3,0.25,1.0,0.5,0.75
pair_eceb2b3ed43e,truthful_qa:0078,truthful_qa:0078:completion:0,truthful_qa:0078:completion:3,truthful_qa:0078:completion:0,defended,"lower-bound Pareto dominance: helpfulness, instruction_following",7.5,9.0,disagree,truthful_qa:0078:completion:3,0.25,0.0,0.25,0.0
pair_f1b7de6b716e,truthful_qa:0078,truthful_qa:0078:completion:3,truthful_qa:0078:completion:2,truthful_qa:0078:completion:3,defended,"lower-bound Pareto dominance: helpfulness, honesty, instruction_following, truthfulness",9.0,3.0,agree,truthful_qa:0078:completion:3,0.5,0.75,0.25,0.75
pair_38757311e001,truthful_qa:0079,truthful_qa:0079:completion:1,truthful_qa:0079:completion:2,truthful_qa:0079:completion:1,defended,lower-bound Pareto dominance: honesty,8.5,7.0,agree,truthful_qa:0079:completion:1,0.0,0.25,0.0,0.0
pair_4eb34f3f2d7e,truthful_qa:0079,truthful_qa:0079:completion:0,truthful_qa:0079:completion:1,truthful_qa:0079:completion:0,defended,"lower-bound Pareto dominance: helpfulness, instruction_following",7.0,8.5,disagree,truthful_qa:0079:completion:1,0.25,0.0,0.25,0.0
pair_7168936fcb43,truthful_qa:0079,truthful_qa:0079:completion:0,truthful_qa:0079:completion:3,,ambiguous,cross-objective tradeoff,7.0,8.5,abstained,truthful_qa:0079:completion:3,-0.25,0.25,0.0,0.0
pair_ebc33340cd43,truthful_qa:0079,truthful_qa:0079:completion:0,truthful_qa:0079:completion:2,truthful_qa:0079:completion:0,defended,"lower-bound Pareto dominance: helpfulness, honesty, instruction_following",7.0,7.0,overall_tie,,0.25,0.25,0.25,0.0
pair_efba42d76ea4,truthful_qa:0079,truthful_qa:0079:completion:3,truthful_qa:0079:completion:2,truthful_qa:0079:completion:3,defended,"lower-bound Pareto dominance: helpfulness, instruction_following",8.5,7.0,agree,truthful_qa:0079:completion:3,0.5,0.0,0.25,0.0
pair_f72c8ee6f680,truthful_qa:0079,truthful_qa:0079:completion:1,truthful_qa:0079:completion:3,,ambiguous,cross-objective tradeoff,8.5,8.5,abstained,,-0.5,0.25,-0.25,0.0
pair_10dd94b0966d,truthful_qa:0080,truthful_qa:0080:completion:3,truthful_qa:0080:completion:1,truthful_qa:0080:completion:3,defended,lower-bound Pareto dominance: helpfulness,8.0,7.5,agree,,0.25,0.0,0.0,0.0
pair_2c47c0886c3d,truthful_qa:0080,truthful_qa:0080:completion:1,truthful_qa:0080:completion:2,truthful_qa:0080:completion:1,defended,"lower-bound Pareto dominance: helpfulness, honesty, instruction_following, truthfulness",7.5,8.5,disagree,truthful_qa:0080:completion:2,0.5,0.5,0.5,0.5
pair_9af6cf5988a7,truthful_qa:0080,truthful_qa:0080:completion:3,truthful_qa:0080:completion:0,truthful_qa:0080:completion:3,defended,"lower-bound Pareto dominance: helpfulness, honesty, instruction_following, truthfulness",8.0,5.0,agree,,0.75,1.0,0.25,0.75
pair_c3b84b465b5f,truthful_qa:0080,truthful_qa:0080:completion:0,truthful_qa:0080:completion:2,,ambiguous,cross-objective tradeoff,5.0,8.5,abstained,truthful_qa:0080:completion:2,0.0,-0.5,0.25,-0.25
pair_cc39334df05b,truthful_qa:0080,truthful_qa:0080:completion:1,truthful_qa:0080:completion:0,truthful_qa:0080:completion:1,defended,"lower-bound Pareto dominance: helpfulness, honesty, instruction_following, truthfulness",7.5,5.0,agree,,0.5,1.0,0.25,0.75
pair_e930a0fce65d,truthful_qa:0080,truthful_qa:0080:completion:3,truthful_qa:0080:completion:2,truthful_qa:0080:completion:3,defended,"lower-bound Pareto dominance: helpfulness, honesty, instruction_following, truthfulness",8.0,8.5,disagree,truthful_qa:0080:completion:2,0.75,0.5,0.5,0.5
pair_1e842039fe4d,truthful_qa:0081,truthful_qa:0081:completion:0,truthful_qa:0081:completion:3,truthful_qa:0081:completion:0,defended,"lower-bound Pareto dominance: helpfulness, honesty, instruction_following, truthfulness",8.0,7.0,agree,truthful_qa:0081:completion:0,0.25,0.25,0.25,0.25
pair_7f7f284d21d4,truthful_qa:0081,truthful_qa:0081:completion:0,truthful_qa:0081:completion:2,truthful_qa:0081:completion:0,defended,"lower-bound Pareto dominance: helpfulness, honesty, instruction_following, truthfulness",8.0,8.0,overall_tie,,0.25,0.5,0.25,0.25
pair_8b098ec24cc0,truthful_qa:0081,truthful_qa:0081:completion:3,truthful_qa:0081:completion:2,truthful_qa:0081:completion:3,defended,lower-bound Pareto dominance: honesty,7.0,8.0,disagree,truthful_qa:0081:completion:2,0.0,0.25,0.0,0.0
pair_94d5ebf72aab,truthful_qa:0081,truthful_qa:0081:completion:3,truthful_qa:0081:completion:1,truthful_qa:0081:completion:3,defended,"lower-bound Pareto dominance: helpfulness, honesty, instruction_following, truthfulness",7.0,6.0,agree,,0.25,0.5,0.5,0.25
pair_ec4298908667,truthful_qa:0081,truthful_qa:0081:completion:0,truthful_qa:0081:completion:1,truthful_qa:0081:completion:0,defended,"lower-bound Pareto dominance: helpfulness, honesty, instruction_following, truthfulness",8.0,6.0,agree,truthful_qa:0081:completion:0,0.5,0.75,0.75,0.5
pair_fec966ccbde2,truthful_qa:0081,truthful_qa:0081:completion:2,truthful_qa:0081:completion:1,truthful_qa:0081:completion:2,defended,"lower-bound Pareto dominance: helpfulness, honesty, instruction_following, truthfulness",8.0,6.0,agree,truthful_qa:0081:completion:2,0.25,0.25,0.5,0.25
pair_09a9f25acd06,truthful_qa:0082,truthful_qa:0082:completion:2,truthful_qa:0082:completion:3,,ambiguous,cross-objective tradeoff,8.0,8.0,abstained,,0.25,-0.25,0.25,0.0
pair_69d64fbc7884,truthful_qa:0082,truthful_qa:0082:completion:0,truthful_qa:0082:completion:2,,ambiguous,cross-objective tradeoff,8.0,8.0,abstained,,-0.25,0.25,-0.25,0.0
pair_776b033ab064,truthful_qa:0082,truthful_qa:0082:completion:1,truthful_qa:0082:completion:2,,ambiguous,cross-objective tradeoff,8.0,8.0,abstained,,0.0,0.25,-0.5,0.0
pair_807f52854aa1,truthful_qa:0082,truthful_qa:0082:completion:0,truthful_qa:0082:completion:1,,ambiguous,cross-objective tradeoff,8.0,8.0,abstained,,-0.25,0.0,0.25,0.0
pair_96a30440da06,truthful_qa:0082,truthful_qa:0082:completion:1,truthful_qa:0082:completion:3,,ambiguous,cross-objective tradeoff,8.0,8.0,abstained,,0.25,0.0,-0.25,0.0
pair_a1b6013be9d6,truthful_qa:0082,truthful_qa:0082:completion:0,truthful_qa:0082:completion:3,,ambiguous,equivalent within epsilon,8.0,8.0,abstained,,0.0,0.0,0.0,0.0
pair_875acc4c2fc3,truthful_qa:0083,truthful_qa:0083:completion:0,truthful_qa:0083:completion:2,,ambiguous,missing scores: honesty,8.0,7.0,abstained,truthful_qa:0083:completion:0,0.0,,-0.25,0.0
pair_8886144cb1cf,truthful_qa:0083,truthful_qa:0083:completion:0,truthful_qa:0083:completion:1,,ambiguous,missing scores: honesty,8.0,7.0,abstained,truthful_qa:0083:completion:0,0.0,,0.0,0.0
pair_b4fd8cb19109,truthful_qa:0083,truthful_qa:0083:completion:1,truthful_qa:0083:completion:3,,ambiguous,missing scores: honesty,7.0,7.0,abstained,,0.25,,0.25,0.5
pair_cf098fe64f1e,truthful_qa:0083,truthful_qa:0083:completion:0,truthful_qa:0083:completion:3,,ambiguous,missing scores: honesty,8.0,7.0,abstained,truthful_qa:0083:completion:0,0.25,,0.25,0.5
pair_ef212b7ae11f,truthful_qa:0083,truthful_qa:0083:completion:2,truthful_qa:0083:completion:3,,ambiguous,missing scores: honesty,7.0,7.0,abstained,,0.25,,0.5,0.5
pair_f3ef1c046175,truthful_qa:0083,truthful_qa:0083:completion:1,truthful_qa:0083:completion:2,,ambiguous,missing scores: honesty,7.0,7.0,abstained,,0.0,,-0.25,0.0
pair_6da4f5b4824b,truthful_qa:0084,truthful_qa:0084:completion:0,truthful_qa:0084:completion:3,,ambiguous,equivalent within epsilon,8.5,8.5,abstained,,0.0,0.0,0.0,0.0
pair_74fa1e0e6aa0,truthful_qa:0084,truthful_qa:0084:completion:1,truthful_qa:0084:completion:2,truthful_qa:0084:completion:1,defended,"lower-bound Pareto dominance: helpfulness, honesty, instruction_following, truthfulness",7.0,7.0,overall_tie,,0.25,0.75,0.5,0.5
pair_b90450b8937f,truthful_qa:0084,truthful_qa:0084:completion:0,truthful_qa:0084:completion:2,truthful_qa:0084:completion:0,defended,"lower-bound Pareto dominance: helpfulness, honesty, instruction_following, truthfulness",8.5,7.0,agree,truthful_qa:0084:completion:0,0.25,0.75,0.5,0.5
pair_d63a64d50636,truthful_qa:0084,truthful_qa:0084:completion:1,truthful_qa:0084:completion:3,,ambiguous,equivalent within epsilon,7.0,8.5,abstained,truthful_qa:0084:completion:3,0.0,0.0,0.0,0.0
pair_fb774a61e480,truthful_qa:0084,truthful_qa:0084:completion:0,truthful_qa:0084:completion:1,,ambiguous,equivalent within epsilon,8.5,7.0,abstained,truthful_qa:0084:completion:0,0.0,0.0,0.0,0.0
pair_fed8a1e8e2e9,truthful_qa:0084,truthful_qa:0084:completion:3,truthful_qa:0084:completion:2,truthful_qa:0084:completion:3,defended,"lower-bound Pareto dominance: helpfulness, honesty, instruction_following, truthfulness",8.5,7.0,agree,truthful_qa:0084:completion:3,0.25,0.75,0.5,0.5
pair_3b0bc1aec751,truthful_qa:0085,truthful_qa:0085:completion:1,truthful_qa:0085:completion:3,truthful_qa:0085:completion:1,defended,"lower-bound Pareto dominance: helpfulness, honesty, instruction_following",4.0,5.0,disagree,,0.25,1.0,0.5,0.0
pair_6f5bf66c132a,truthful_qa:0085,truthful_qa:0085:completion:2,truthful_qa:0085:completion:3,truthful_qa:0085:completion:2,defended,"lower-bound Pareto dominance: helpfulness, honesty, instruction_following, truthfulness",6.0,5.0,agree,truthful_qa:0085:completion:2,0.5,1.0,0.75,0.75
pair_73e0a45f6897,truthful_qa:0085,truthful_qa:0085:completion:2,truthful_qa:0085:completion:0,truthful_qa:0085:completion:2,defended,"lower-bound Pareto dominance: helpfulness, honesty, instruction_following, truthfulness",6.0,3.0,agree,truthful_qa:0085:completion:2,0.5,1.0,0.75,0.75
pair_8b8cf3e7d7ae,truthful_qa:0085,truthful_qa:0085:completion:2,truthful_qa:0085:completion:1,truthful_qa:0085:completion:2,defended,"lower-bound Pareto dominance: helpfulness, instruction_following, truthfulness",6.0,4.0,agree,truthful_qa:0085:completion:2,0.25,0.0,0.25,0.75
pair_955aff56b90e,truthful_qa:0085,truthful_qa:0085:completion:1,truthful_qa:0085:completion:0,truthful_qa:0085:completion:1,defended,"lower-bound Pareto dominance: helpfulness, honesty, instruction_following",4.0,3.0,agree,,0.25,1.0,0.5,0.0
pair_c6deb42b74de,truthful_qa:0085,truthful_qa:0085:completion:0,truthful_qa:0085:completion:3,,ambiguous,equivalent within epsilon,3.0,5.0,abstained,,0.0,0.0,0.0,0.0
pair_373b03e4676a,truthful_qa:0086,truthful_qa:0086:completion:3,truthful_qa:0086:completion:2,truthful_qa:0086:completion:3,defended,"lower-bound Pareto dominance: helpfulness, honesty, instruction_following, truthfulness",7.0,6.0,agree,truthful_qa:0086:completion:3,1.0,1.0,0.75,0.5
pair_43fc5c033b40,truthful_qa:0086,truthful_qa:0086:completion:3,truthful_qa:0086:completion:0,truthful_qa:0086:completion:3,defended,"lower-bound Pareto dominance: helpfulness, honesty, instruction_following, truthfulness",7.0,6.0,agree,truthful_qa:0086:completion:3,1.0,0.5,1.0,1.0
pair_51144a4e2544,truthful_qa:0086,truthful_qa:0086:completion:0,truthful_qa:0086:completion:2,,ambiguous,cross-objective tradeoff,6.0,6.0,abstained,,0.0,0.5,-0.25,-0.5
pair_66fcc65321b3,truthful_qa:0086,truthful_qa:0086:completion:1,truthful_qa:0086:completion:2,truthful_qa:0086:completion:1,defended,"lower-bound Pareto dominance: helpfulness, honesty, instruction_following",6.0,6.0,overall_tie,,0.25,0.25,0.25,0.0
pair_77d54a6eb840,truthful_qa:0086,truthful_qa:0086:completion:0,truthful_qa:0086:completion:1,,ambiguous,cross-objective tradeoff,6.0,6.0,abstained,,-0.25,0.25,-0.5,-0.5
pair_a3821ca7a6ab,truthful_qa:0086,truthful_qa:0086:completion:3,truthful_qa:0086:completion:1,truthful_qa:0086:completion:3,defended,"lower-bound Pareto dominance: helpfulness, honesty, instruction_following, truthfulness",7.0,6.0,agree,truthful_qa:0086:completion:3,0.75,0.75,0.5,0.5
pair_32d74443cc5c,truthful_qa:0087,truthful_qa:0087:completion:1,truthful_qa:0087:completion:2,truthful_qa:0087:completion:1,defended,lower-bound Pareto dominance: honesty,8.0,7.5,agree,,0.0,0.25,0.0,0.0
pair_3a823ffc7fe9,truthful_qa:0087,truthful_qa:0087:completion:0,truthful_qa:0087:completion:3,,ambiguous,equivalent within epsilon,8.0,8.5,abstained,truthful_qa:0087:completion:3,0.0,0.0,0.0,0.0
pair_721ee05b0f0c,truthful_qa:0087,truthful_qa:0087:completion:3,truthful_qa:0087:completion:2,truthful_qa:0087:completion:3,defended,"lower-bound Pareto dominance: helpfulness, honesty",8.5,7.5,agree,truthful_qa:0087:completion:3,0.25,0.25,0.0,0.0
pair_950cd9d68b2e,truthful_qa:0087,truthful_qa:0087:completion:0,truthful_qa:0087:completion:2,truthful_qa:0087:completion:0,defended,"lower-bound Pareto dominance: helpfulness, honesty",8.0,7.5,agree,,0.25,0.25,0.0,0.0
pair_b533279fa471,truthful_qa:0087,truthful_qa:0087:completion:3,truthful_qa:0087:completion:1,truthful_qa:0087:completion:3,defended,lower-bound Pareto dominance: helpfulness,8.5,8.0,agree,truthful_qa:0087:completion:3,0.25,0.0,0.0,0.0
pair_e08bc4631601,truthful_qa:0087,truthful_qa:0087:completion:0,truthful_qa:0087:completion:1,truthful_qa:0087:completion:0,defended,lower-bound Pareto dominance: helpfulness,8.0,8.0,overall_tie,,0.25,0.0,0.0,0.0
pair_114f4feab603,truthful_qa:0088,truthful_qa:0088:completion:2,truthful_qa:0088:completion:1,truthful_qa:0088:completion:2,defended,"lower-bound Pareto dominance: helpfulness, honesty, instruction_following",9.0,9.0,overall_tie,,0.25,0.25,0.25,0.0
pair_56460ed58aee,truthful_qa:0088,truthful_qa:0088:completion:2,truthful_qa:0088:completion:3,truthful_qa:0088:completion:2,defended,lower-bound Pareto dominance: helpfulness,9.0,8.0,agree,truthful_qa:0088:completion:2,0.25,0.0,0.0,0.0
pair_5a6f000809de,truthful_qa:0088,truthful_qa:0088:completion:3,truthful_qa:0088:completion:1,truthful_qa:0088:completion:3,defended,"lower-bound Pareto dominance: honesty, instruction_following",8.0,9.0,disagree,truthful_qa:0088:completion:1,0.0,0.25,0.25,0.0
pair_9847981ada3d,truthful_qa:0088,truthful_qa:0088:completion:0,truthful_qa:0088:completion:1,truthful_qa:0088:completion:0,defended,"lower-bound Pareto dominance: helpfulness, honesty, instruction_following",8.5,9.0,disagree,truthful_qa:0088:completion:1,0.5,0.25,0.25,0.0
pair_a2efe6d02761,truthful_qa:0088,truthful_qa:0088:completion:0,truthful_qa:0088:completion:3,truthful_qa:0088:completion:0,defended,lower-bound Pareto dominance: helpfulness,8.5,8.0,agree,,0.5,0.0,0.0,0.0
pair_f9353be5a758,truthful_qa:0088,truthful_qa:0088:completion:0,truthful_qa:0088:completion:2,truthful_qa:0088:completion:0,defended,lower-bound Pareto dominance: helpfulness,8.5,9.0,disagree,truthful_qa:0088:completion:2,0.25,0.0,0.0,0.0
pair_0e7667d79049,truthful_qa:0089,truthful_qa:0089:completion:2,truthful_qa:0089:completion:3,truthful_qa:0089:completion:2,defended,"lower-bound Pareto dominance: helpfulness, honesty, instruction_following, truthfulness",6.0,4.0,agree,truthful_qa:0089:completion:2,0.25,0.5,0.25,1.0
pair_3c41865d19c8,truthful_qa:0089,truthful_qa:0089:completion:1,truthful_qa:0089:completion:3,truthful_qa:0089:completion:1,defended,"lower-bound Pareto dominance: helpfulness, honesty, truthfulness",3.0,4.0,disagree,,0.25,0.75,0.0,1.0
pair_6dab8033c261,truthful_qa:0089,truthful_qa:0089:completion:0,truthful_qa:0089:completion:2,,ambiguous,cross-objective tradeoff,2.0,6.0,abstained,truthful_qa:0089:completion:2,-0.25,0.5,-0.25,-1.0
pair_863b630cc892,truthful_qa:0089,truthful_qa:0089:completion:1,truthful_qa:0089:completion:2,,ambiguous,cross-objective tradeoff,3.0,6.0,abstained,truthful_qa:0089:completion:2,0.0,0.25,-0.25,0.0
pair_a1b5a6cd4668,truthful_qa:0089,truthful_qa:0089:completion:0,truthful_qa:0089:completion:1,,ambiguous,cross-objective tradeoff,2.0,3.0,abstained,,-0.25,0.25,0.0,-1.0
pair_beef78569b61,truthful_qa:0089,truthful_qa:0089:completion:0,truthful_qa:0089:completion:3,truthful_qa:0089:completion:0,defended,lower-bound Pareto dominance: honesty,2.0,4.0,disagree,,0.0,1.0,0.0,0.0
pair_14e988f1c160,truthful_qa:0090,truthful_qa:0090:completion:3,truthful_qa:0090:completion:0,truthful_qa:0090:completion:3,defended,lower-bound Pareto dominance: instruction_following,8.5,7.5,agree,,0.0,0.0,0.25,0.0
pair_25510f68b57e,truthful_qa:0090,truthful_qa:0090:completion:2,truthful_qa:0090:completion:0,truthful_qa:0090:completion:2,defended,"lower-bound Pareto dominance: helpfulness, instruction_following",9.5,7.5,agree,truthful_qa:0090:completion:2,0.25,0.0,0.5,0.0
pair_7d406701ed27,truthful_qa:0090,truthful_qa:0090:completion:1,truthful_qa:0090:completion:3,truthful_qa:0090:completion:1,defended,"lower-bound Pareto dominance: helpfulness, instruction_following",7.5,8.5,disagree,,0.25,0.0,0.25,0.0
pair_8cbfad9d621a,truthful_qa:0090,truthful_qa:0090:completion:2,truthful_qa:0090:completion:3,truthful_qa:0090:completion:2,defended,"lower-bound Pareto dominance: helpfulness, instruction_following",9.5,8.5,agree,truthful_qa:0090:completion:2,0.25,0.0,0.25,0.0
pair_a293ae0c32db,truthful_qa:0090,truthful_qa:0090:completion:1,truthful_qa:0090:completion:0,truthful_qa:0090:completion:1,defended,"lower-bound Pareto dominance: helpfulness, instruction_following",7.5,7.5,overall_tie,,0.25,0.0,0.5,0.0
pair_f15c864f0e1b,truthful_qa:0090,truthful_qa:0090:completion:1,truthful_qa:0090:completion:2,,ambiguous,equivalent within epsilon,7.5,9.5,abstained,truthful_qa:0090:completion:2,0.0,0.0,0.0,0.0
pair_1a99ae391c36,truthful_qa:0091,truthful_qa:0091:completion:2,truthful_qa:0091:completion:0,truthful_qa:0091:completion:2,defended,"lower-bound Pareto dominance: helpfulness, honesty",7.0,7.0,overall_tie,,0.5,0.5,0.0,0.0
pair_39038e767217,truthful_qa:0091,truthful_qa:0091:completion:2,truthful_qa:0091:completion:1,truthful_qa:0091:completion:2,defended,"lower-bound Pareto dominance: helpfulness, honesty, instruction_following, truthfulness",7.0,6.0,agree,truthful_qa:0091:completion:2,0.75,0.75,0.5,0.25
pair_49a7bf1afe99,truthful_qa:0091,truthful_qa:0091:completion:3,truthful_qa:0091:completion:2,truthful_qa:0091:completion:3,defended,"lower-bound Pareto dominance: honesty, instruction_following, truthfulness",7.0,7.0,overall_tie,,0.0,0.25,0.25,0.25
pair_835b3bd2dbe6,truthful_qa:0091,truthful_qa:0091:completion:3,truthful_qa:0091:completion:0,truthful_qa:0091:completion:3,defended,"lower-bound Pareto dominance: helpfulness, honesty, instruction_following, truthfulness",7.0,7.0,overall_tie,,0.5,0.75,0.25,0.25
pair_cefd208feca9,truthful_qa:0091,truthful_qa:0091:completion:0,truthful_qa:0091:completion:1,truthful_qa:0091:completion:0,defended,"lower-bound Pareto dominance: helpfulness, honesty, instruction_following, truthfulness",7.0,6.0,agree,truthful_qa:0091:completion:0,0.25,0.25,0.5,0.25
pair_f5e6d0ac706a,truthful_qa:0091,truthful_qa:0091:completion:3,truthful_qa:0091:completion:1,truthful_qa:0091:completion:3,defended,"lower-bound Pareto dominance: helpfulness, honesty, instruction_following, truthfulness",7.0,6.0,agree,truthful_qa:0091:completion:3,0.75,1.0,0.75,0.5
pair_02d838cf8b96,truthful_qa:0092,truthful_qa:0092:completion:0,truthful_qa:0092:completion:2,,ambiguous,equivalent within epsilon,9.0,8.5,abstained,truthful_qa:0092:completion:0,0.0,0.0,0.0,0.0
pair_053cef7a6706,truthful_qa:0092,truthful_qa:0092:completion:0,truthful_qa:0092:completion:1,,ambiguous,equivalent within epsilon,9.0,8.5,abstained,truthful_qa:0092:completion:0,0.0,0.0,0.0,0.0
pair_1f15fdffd69a,truthful_qa:0092,truthful_qa:0092:completion:2,truthful_qa:0092:completion:3,truthful_qa:0092:completion:2,defended,"lower-bound Pareto dominance: helpfulness, honesty, instruction_following, truthfulness",8.5,5.0,agree,,0.5,0.75,0.5,0.75
pair_33cdb5afcd35,truthful_qa:0092,truthful_qa:0092:completion:0,truthful_qa:0092:completion:3,truthful_qa:0092:completion:0,defended,"lower-bound Pareto dominance: helpfulness, honesty, instruction_following, truthfulness",9.0,5.0,agree,truthful_qa:0092:completion:0,0.5,0.75,0.5,0.75
pair_519cfba461b9,truthful_qa:0092,truthful_qa:0092:completion:1,truthful_qa:0092:completion:3,truthful_qa:0092:completion:1,defended,"lower-bound Pareto dominance: helpfulness, honesty, instruction_following, truthfulness",8.5,5.0,agree,,0.5,0.75,0.5,0.75
pair_6f48121001cf,truthful_qa:0092,truthful_qa:0092:completion:1,truthful_qa:0092:completion:2,,ambiguous,equivalent within epsilon,8.5,8.5,abstained,,0.0,0.0,0.0,0.0
pair_1f5ab5fccf8d,truthful_qa:0093,truthful_qa:0093:completion:1,truthful_qa:0093:completion:3,,ambiguous,equivalent within epsilon,9.0,8.0,abstained,truthful_qa:0093:completion:1,0.0,0.0,0.0,0.0
pair_49250f613be0,truthful_qa:0093,truthful_qa:0093:completion:2,truthful_qa:0093:completion:3,,ambiguous,equivalent within epsilon,9.0,8.0,abstained,truthful_qa:0093:completion:2,0.0,0.0,0.0,0.0
pair_5ef6cd6a6360,truthful_qa:0093,truthful_qa:0093:completion:1,truthful_qa:0093:completion:2,,ambiguous,equivalent within epsilon,9.0,9.0,abstained,,0.0,0.0,0.0,0.0
pair_c4eb1a3757a6,truthful_qa:0093,truthful_qa:0093:completion:1,truthful_qa:0093:completion:0,truthful_qa:0093:completion:1,defended,lower-bound Pareto dominance: helpfulness,9.0,8.5,agree,truthful_qa:0093:completion:1,0.25,0.0,0.0,0.0
pair_f82907c306fc,truthful_qa:0093,truthful_qa:0093:completion:3,truthful_qa:0093:completion:0,truthful_qa:0093:completion:3,defended,lower-bound Pareto dominance: helpfulness,8.0,8.5,disagree,,0.25,0.0,0.0,0.0
pair_fe4543743b25,truthful_qa:0093,truthful_qa:0093:completion:2,truthful_qa:0093:completion:0,truthful_qa:0093:completion:2,defended,lower-bound Pareto dominance: helpfulness,9.0,8.5,agree,truthful_qa:0093:completion:2,0.25,0.0,0.0,0.0
pair_1a4af999e2a8,truthful_qa:0094,truthful_qa:0094:completion:1,truthful_qa:0094:completion:2,,ambiguous,cross-objective tradeoff,9.0,8.0,abstained,truthful_qa:0094:completion:1,-0.25,0.25,0.5,0.5
pair_2f4604363107,truthful_qa:0094,truthful_qa:0094:completion:1,truthful_qa:0094:completion:3,truthful_qa:0094:completion:1,defended,"lower-bound Pareto dominance: instruction_following, truthfulness",9.0,7.5,agree,truthful_qa:0094:completion:1,0.0,0.0,0.25,0.5
pair_53624df9aa02,truthful_qa:0094,truthful_qa:0094:completion:2,truthful_qa:0094:completion:0,truthful_qa:0094:completion:2,defended,"lower-bound Pareto dominance: helpfulness, honesty, instruction_following, truthfulness",8.0,3.0,agree,,0.5,0.75,0.25,0.5
pair_620e45debffa,truthful_qa:0094,truthful_qa:0094:completion:2,truthful_qa:0094:completion:3,,ambiguous,cross-objective tradeoff,8.0,7.5,abstained,,0.25,-0.25,-0.25,0.0
pair_8e5a208b99d8,truthful_qa:0094,truthful_qa:0094:completion:3,truthful_qa:0094:completion:0,truthful_qa:0094:completion:3,defended,"lower-bound Pareto dominance: helpfulness, honesty, instruction_following, truthfulness",7.5,3.0,agree,,0.25,1.0,0.5,0.5
pair_b6891bc07dda,truthful_qa:0094,truthful_qa:0094:completion:1,truthful_qa:0094:completion:0,truthful_qa:0094:completion:1,defended,"lower-bound Pareto dominance: helpfulness, honesty, instruction_following, truthfulness",9.0,3.0,agree,truthful_qa:0094:completion:1,0.25,1.0,0.75,1.0
pair_2b04285cb2fa,truthful_qa:0095,truthful_qa:0095:completion:0,truthful_qa:0095:completion:1,truthful_qa:0095:completion:0,defended,"lower-bound Pareto dominance: helpfulness, honesty, instruction_following, truthfulness",9.0,3.0,agree,,1.0,1.0,0.75,0.75
pair_2f154cd336ce,truthful_qa:0095,truthful_qa:0095:completion:2,truthful_qa:0095:completion:1,truthful_qa:0095:completion:2,defended,"lower-bound Pareto dominance: helpfulness, honesty, instruction_following, truthfulness",9.5,3.0,agree,truthful_qa:0095:completion:2,1.0,1.0,0.75,0.75
pair_40b0a592d9e1,truthful_qa:0095,truthful_qa:0095:completion:1,truthful_qa:0095:completion:3,,ambiguous,equivalent within epsilon,3.0,4.0,abstained,,0.0,0.0,0.0,0.0
pair_ba12fce0d12e,truthful_qa:0095,truthful_qa:0095:completion:0,truthful_qa:0095:completion:3,truthful_qa:0095:completion:0,defended,"lower-bound Pareto dominance: helpfulness, honesty, instruction_following, truthfulness",9.0,4.0,agree,,1.0,1.0,0.75,0.75
pair_c3dead288bba,truthful_qa:0095,truthful_qa:0095:completion:2,truthful_qa:0095:completion:3,truthful_qa:0095:completion:2,defended,"lower-bound Pareto dominance: helpfulness, honesty, instruction_following, truthfulness",9.5,4.0,agree,truthful_qa:0095:completion:2,1.0,1.0,0.75,0.75
pair_cffe3ec4a8ca,truthful_qa:0095,truthful_qa:0095:completion:0,truthful_qa:0095:completion:2,,ambiguous,equivalent within epsilon,9.0,9.5,abstained,truthful_qa:0095:completion:2,0.0,0.0,0.0,0.0
pair_1d7996222cf7,truthful_qa:0096,truthful_qa:0096:completion:1,truthful_qa:0096:completion:2,truthful_qa:0096:completion:1,defended,"lower-bound Pareto dominance: helpfulness, honesty, instruction_following, truthfulness",8.0,7.5,agree,,0.5,0.25,0.75,0.25
pair_2a5ae6cb74c4,truthful_qa:0096,truthful_qa:0096:completion:3,truthful_qa:0096:completion:2,truthful_qa:0096:completion:3,defended,"lower-bound Pareto dominance: instruction_following, truthfulness",8.5,7.5,agree,truthful_qa:0096:completion:3,0.0,0.0,0.25,0.25
pair_5be932c82f3e,truthful_qa:0096,truthful_qa:0096:completion:1,truthful_qa:0096:completion:0,truthful_qa:0096:completion:1,defended,"lower-bound Pareto dominance: helpfulness, instruction_following",8.0,7.0,agree,,0.25,0.0,0.25,0.0
pair_9663ebad0e35,truthful_qa:0096,truthful_qa:0096:completion:1,truthful_qa:0096:completion:3,truthful_qa:0096:completion:1,defended,"lower-bound Pareto dominance: helpfulness, honesty, instruction_following",8.0,8.5,disagree,truthful_qa:0096:completion:3,0.5,0.25,0.5,0.0
pair_aa5d49dc070b,truthful_qa:0096,truthful_qa:0096:completion:0,truthful_qa:0096:completion:2,truthful_qa:0096:completion:0,defended,"lower-bound Pareto dominance: helpfulness, honesty, instruction_following, truthfulness",7.0,7.5,disagree,,0.25,0.25,0.5,0.25
pair_d647a8e69688,truthful_qa:0096,truthful_qa:0096:completion:0,truthful_qa:0096:completion:3,truthful_qa:0096:completion:0,defended,"lower-bound Pareto dominance: helpfulness, honesty, instruction_following",7.0,8.5,disagree,truthful_qa:0096:completion:3,0.25,0.25,0.25,0.0
pair_00288498143b,truthful_qa:0097,truthful_qa:0097:completion:1,truthful_qa:0097:completion:3,,ambiguous,cross-objective tradeoff,8.5,8.5,abstained,,-0.25,0.25,0.25,0.25
pair_083e639341aa,truthful_qa:0097,truthful_qa:0097:completion:1,truthful_qa:0097:completion:0,truthful_qa:0097:completion:1,defended,lower-bound Pareto dominance: instruction_following,8.5,9.0,disagree,truthful_qa:0097:completion:0,0.0,0.0,0.25,0.0
pair_24b6da67eff0,truthful_qa:0097,truthful_qa:0097:completion:2,truthful_qa:0097:completion:0,truthful_qa:0097:completion:2,defended,lower-bound Pareto dominance: instruction_following,8.0,9.0,disagree,truthful_qa:0097:completion:0,0.0,0.0,0.25,0.0
pair_892ad7479731,truthful_qa:0097,truthful_qa:0097:completion:1,truthful_qa:0097:completion:2,,ambiguous,equivalent within epsilon,8.5,8.0,abstained,,0.0,0.0,0.0,0.0
pair_bc956d44cf36,truthful_qa:0097,truthful_qa:0097:completion:2,truthful_qa:0097:completion:3,,ambiguous,cross-objective tradeoff,8.0,8.5,abstained,,-0.25,0.25,0.25,0.25
pair_cad8f2f8d022,truthful_qa:0097,truthful_qa:0097:completion:0,truthful_qa:0097:completion:3,,ambiguous,cross-objective tradeoff,9.0,8.5,abstained,truthful_qa:0097:completion:0,-0.25,0.25,0.0,0.25
pair_380e6c51a332,truthful_qa:0098,truthful_qa:0098:completion:3,truthful_qa:0098:completion:2,truthful_qa:0098:completion:3,defended,lower-bound Pareto dominance: helpfulness,7.0,7.0,overall_tie,,0.25,0.0,0.0,0.0
pair_82a33a00aa3e,truthful_qa:0098,truthful_qa:0098:completion:0,truthful_qa:0098:completion:3,,ambiguous,cross-objective tradeoff,7.5,7.0,abstained,truthful_qa:0098:completion:0,0.25,0.0,-0.25,0.0
pair_99281aec4a82,truthful_qa:0098,truthful_qa:0098:completion:0,truthful_qa:0098:completion:2,,ambiguous,cross-objective tradeoff,7.5,7.0,abstained,truthful_qa:0098:completion:0,0.5,0.0,-0.25,0.0
pair_d2aca31b178e,truthful_qa:0098,truthful_qa:0098:completion:1,truthful_qa:0098:completion:2,,ambiguous,cross-objective tradeoff,7.0,7.0,abstained,,0.0,0.25,-0.5,0.0
pair_dc4cc9b18f7b,truthful_qa:0098,truthful_qa:0098:completion:0,truthful_qa:0098:completion:1,,ambiguous,cross-objective tradeoff,7.5,7.0,abstained,truthful_qa:0098:completion:0,0.5,-0.25,0.25,0.0
pair_f9a4155eb757,truthful_qa:0098,truthful_qa:0098:completion:1,truthful_qa:0098:completion:3,,ambiguous,cross-objective tradeoff,7.0,7.0,abstained,,-0.25,0.25,-0.5,0.0
pair_3ef99c736310,truthful_qa:0099,truthful_qa:0099:completion:0,truthful_qa:0099:completion:1,truthful_qa:0099:completion:0,defended,"lower-bound Pareto dominance: honesty, truthfulness",9.0,7.0,agree,truthful_qa:0099:completion:0,0.0,0.25,0.0,0.5
pair_616201bc30fc,truthful_qa:0099,truthful_qa:0099:completion:2,truthful_qa:0099:completion:0,truthful_qa:0099:completion:2,defended,lower-bound Pareto dominance: helpfulness,8.5,9.0,disagree,truthful_qa:0099:completion:0,0.25,0.0,0.0,0.0
pair_7ae99db883c7,truthful_qa:0099,truthful_qa:0099:completion:1,truthful_qa:0099:completion:3,,ambiguous,cross-objective tradeoff,7.0,8.0,abstained,,-0.25,-0.25,0.25,-0.5
pair_cdefa75f7837,truthful_qa:0099,truthful_qa:0099:completion:2,truthful_qa:0099:completion:3,truthful_qa:0099:completion:2,defended,lower-bound Pareto dominance: instruction_following,8.5,8.0,agree,,0.0,0.0,0.25,0.0
pair_d59e1acf0e18,truthful_qa:0099,truthful_qa:0099:completion:0,truthful_qa:0099:completion:3,,ambiguous,cross-objective tradeoff,9.0,8.0,abstained,truthful_qa:0099:completion:0,-0.25,0.0,0.25,0.0
pair_dbde6067f8ad,truthful_qa:0099,truthful_qa:0099:completion:2,truthful_qa:0099:completion:1,truthful_qa:0099:completion:2,defended,"lower-bound Pareto dominance: helpfulness, honesty, truthfulness",8.5,7.0,agree,,0.25,0.25,0.0,0.5
pair_40be5bd47df0,truthful_qa:0100,truthful_qa:0100:completion:1,truthful_qa:0100:completion:2,truthful_qa:0100:completion:1,defended,"lower-bound Pareto dominance: helpfulness, honesty, instruction_following, truthfulness",6.0,6.5,disagree,truthful_qa:0100:completion:2,0.5,0.5,1.0,0.75
pair_70ea2d15ddbd,truthful_qa:0100,truthful_qa:0100:completion:1,truthful_qa:0100:completion:3,truthful_qa:0100:completion:1,defended,"lower-bound Pareto dominance: helpfulness, honesty, instruction_following, truthfulness",6.0,4.0,agree,,0.5,0.75,0.75,0.75
pair_9c3db661a668,truthful_qa:0100,truthful_qa:0100:completion:0,truthful_qa:0100:completion:3,,ambiguous,equivalent within epsilon,3.0,4.0,abstained,,0.0,0.0,0.0,0.0
pair_c267475950e4,truthful_qa:0100,truthful_qa:0100:completion:2,truthful_qa:0100:completion:3,,ambiguous,cross-objective tradeoff,6.5,4.0,abstained,truthful_qa:0100:completion:2,0.0,0.25,-0.25,0.0
pair_c5b60cbf9699,truthful_qa:0100,truthful_qa:0100:completion:0,truthful_qa:0100:completion:2,,ambiguous,cross-objective tradeoff,3.0,6.5,abstained,truthful_qa:0100:completion:2,0.0,-0.25,0.25,0.0
pair_ff9ec9acaff2,truthful_qa:0100,truthful_qa:0100:completion:1,truthful_qa:0100:completion:0,truthful_qa:0100:completion:1,defended,"lower-bound Pareto dominance: helpfulness, honesty, instruction_following, truthfulness",6.0,3.0,agree,,0.5,0.75,0.75,0.75
pair_2927b847d41b,truthful_qa:0101,truthful_qa:0101:completion:3,truthful_qa:0101:completion:1,truthful_qa:0101:completion:3,defended,"lower-bound Pareto dominance: helpfulness, instruction_following",8.0,8.5,disagree,truthful_qa:0101:completion:1,0.25,0.0,0.25,0.0
pair_55a51b684981,truthful_qa:0101,truthful_qa:0101:completion:0,truthful_qa:0101:completion:1,,ambiguous,equivalent within epsilon,7.5,8.5,abstained,truthful_qa:0101:completion:1,0.0,0.0,0.0,0.0
pair_acee4ff5b352,truthful_qa:0101,truthful_qa:0101:completion:1,truthful_qa:0101:completion:2,truthful_qa:0101:completion:1,defended,"lower-bound Pareto dominance: helpfulness, honesty, instruction_following, truthfulness",8.5,7.0,agree,truthful_qa:0101:completion:1,0.25,0.25,0.25,0.5
pair_b007014fd221,truthful_qa:0101,truthful_qa:0101:completion:3,truthful_qa:0101:completion:2,truthful_qa:0101:completion:3,defended,"lower-bound Pareto dominance: helpfulness, honesty, instruction_following, truthfulness",8.0,7.0,agree,,0.5,0.25,0.5,0.5
pair_bc1bad3bab4f,truthful_qa:0101,truthful_qa:0101:completion:0,truthful_qa:0101:completion:2,truthful_qa:0101:completion:0,defended,"lower-bound Pareto dominance: helpfulness, honesty, instruction_following, truthfulness",7.5,7.0,agree,,0.25,0.25,0.25,0.5
pair_eb3332273c3e,truthful_qa:0101,truthful_qa:0101:completion:3,truthful_qa:0101:completion:0,truthful_qa:0101:completion:3,defended,"lower-bound Pareto dominance: helpfulness, instruction_following",8.0,7.5,agree,,0.25,0.0,0.25,0.0
pair_06b06caf2c14,truthful_qa:0102,truthful_qa:0102:completion:3,truthful_qa:0102:completion:2,truthful_qa:0102:completion:3,defended,"lower-bound Pareto dominance: helpfulness, honesty, instruction_following, truthfulness",9.0,8.0,agree,truthful_qa:0102:completion:3,0.25,0.25,0.25,0.5
pair_19b3e2196cc7,truthful_qa:0102,truthful_qa:0102:completion:1,truthful_qa:0102:completion:2,,ambiguous,cross-objective tradeoff,6.0,8.0,abstained,,-0.25,-0.25,-0.25,0.5
pair_2469a9950479,truthful_qa:0102,truthful_qa:0102:completion:0,truthful_qa:0102:completion:1,truthful_qa:0102:completion:0,defended,"lower-bound Pareto dominance: helpfulness, honesty, instruction_following",8.5,6.0,agree,,0.25,0.5,0.5,0.0
pair_76a18653c668,truthful_qa:0102,truthful_qa:0102:completion:3,truthful_qa:0102:completion:1,truthful_qa:0102:completion:3,defended,"lower-bound Pareto dominance: helpfulness, honesty, instruction_following",9.0,6.0,agree,truthful_qa:0102:completion:3,0.5,0.5,0.5,0.0
pair_9ae408dee5d5,truthful_qa:0102,truthful_qa:0102:completion:0,truthful_qa:0102:completion:2,truthful_qa:0102:completion:0,defended,"lower-bound Pareto dominance: honesty, instruction_following, truthfulness",8.5,8.0,agree,,0.0,0.25,0.25,0.5
pair_9d901e544b23,truthful_qa:0102,truthful_qa:0102:completion:3,truthful_qa:0102:completion:0,truthful_qa:0102:completion:3,defended,lower-bound Pareto dominance: helpfulness,9.0,8.5,agree,truthful_qa:0102:completion:3,0.25,0.0,0.0,0.0
pair_6365ace91f14,truthful_qa:0103,truthful_qa:0103:completion:0,truthful_qa:0103:completion:3,,ambiguous,cross-objective tradeoff,8.0,7.0,abstained,truthful_qa:0103:completion:0,-0.25,0.25,0.75,0.25
pair_7be0e891a81c,truthful_qa:0103,truthful_qa:0103:completion:2,truthful_qa:0103:completion:1,truthful_qa:0103:completion:2,defended,"lower-bound Pareto dominance: helpfulness, honesty, instruction_following, truthfulness",7.5,7.0,agree,,0.5,0.5,0.5,0.5
pair_861ee6032e89,truthful_qa:0103,truthful_qa:0103:completion:0,truthful_qa:0103:completion:2,,ambiguous,cross-objective tradeoff,8.0,7.5,abstained,truthful_qa:0103:completion:0,-0.25,0.0,0.5,0.0
pair_9aa1218503b3,truthful_qa:0103,truthful_qa:0103:completion:2,truthful_qa:0103:completion:3,truthful_qa:0103:completion:2,defended,"lower-bound Pareto dominance: honesty, instruction_following, truthfulness",7.5,7.0,agree,,0.0,0.25,0.25,0.25
pair_bffaa75a626c,truthful_qa:0103,truthful_qa:0103:completion:3,truthful_qa:0103:completion:1,truthful_qa:0103:completion:3,defended,"lower-bound Pareto dominance: helpfulness, honesty, instruction_following, truthfulness",7.0,7.0,overall_tie,,0.5,0.25,0.25,0.25
pair_f78aa13a756f,truthful_qa:0103,truthful_qa:0103:completion:0,truthful_qa:0103:completion:1,truthful_qa:0103:completion:0,defended,"lower-bound Pareto dominance: helpfulness, honesty, instruction_following, truthfulness",8.0,7.0,agree,truthful_qa:0103:completion:0,0.25,0.5,1.0,0.5
pair_389f44a5e082,truthful_qa:0104,truthful_qa:0104:completion:1,truthful_qa:0104:completion:3,,ambiguous,cross-objective tradeoff,6.0,5.0,abstained,,-0.25,0.25,-0.5,0.25
pair_78b324a350ea,truthful_qa:0104,truthful_qa:0104:completion:2,truthful_qa:0104:completion:3,,ambiguous,cross-objective tradeoff,4.0,5.0,abstained,,-0.25,0.5,-0.5,0.0
pair_7c564083bcb2,truthful_qa:0104,truthful_qa:0104:completion:1,truthful_qa:0104:completion:2,,ambiguous,cross-objective tradeoff,6.0,4.0,abstained,,0.0,-0.25,0.0,0.25
pair_7e177f1caa1e,truthful_qa:0104,truthful_qa:0104:completion:0,truthful_qa:0104:completion:3,truthful_qa:0104:completion:0,defended,"lower-bound Pareto dominance: helpfulness, honesty, truthfulness",8.0,5.0,agree,truthful_qa:0104:completion:0,0.25,0.75,0.0,0.5
pair_89c54f57b643,truthful_qa:0104,truthful_qa:0104:completion:0,truthful_qa:0104:completion:2,truthful_qa:0104:completion:0,defended,"lower-bound Pareto dominance: helpfulness, honesty, instruction_following, truthfulness",8.0,4.0,agree,truthful_qa:0104:completion:0,0.5,0.25,0.5,0.5
pair_9265a6cbe531,truthful_qa:0104,truthful_qa:0104:completion:0,truthful_qa:0104:completion:1,truthful_qa:0104:completion:0,defended,"lower-bound Pareto dominance: helpfulness, honesty, instruction_following, truthfulness",8.0,6.0,agree,truthful_qa:0104:completion:0,0.5,0.5,0.5,0.25
pair_165b4a3db289,truthful_qa:0105,truthful_qa:0105:completion:3,truthful_qa:0105:completion:0,truthful_qa:0105:completion:3,defended,"lower-bound Pareto dominance: helpfulness, honesty, instruction_following, truthfulness",8.0,7.0,agree,,0.5,0.25,0.25,0.5
pair_19b04b78e6d6,truthful_qa:0105,truthful_qa:0105:completion:1,truthful_qa:0105:completion:3,truthful_qa:0105:completion:1,defended,lower-bound Pareto dominance: helpfulness,8.5,8.0,agree,truthful_qa:0105:completion:1,0.25,0.0,0.0,0.0
pair_4c6d32b6a0d2,truthful_qa:0105,truthful_qa:0105:completion:0,truthful_qa:0105:completion:2,truthful_qa:0105:completion:0,defended,"lower-bound Pareto dominance: honesty, instruction_following",7.0,7.5,disagree,,0.0,0.25,0.25,0.0
pair_89f96aac6695,truthful_qa:0105,truthful_qa:0105:completion:3,truthful_qa:0105:completion:2,truthful_qa:0105:completion:3,defended,"lower-bound Pareto dominance: helpfulness, honesty, instruction_following, truthfulness",8.0,7.5,agree,,0.5,0.5,0.5,0.5
pair_d67737568449,truthful_qa:0105,truthful_qa:0105:completion:1,truthful_qa:0105:completion:2,truthful_qa:0105:completion:1,defended,"lower-bound Pareto dominance: helpfulness, honesty, instruction_following, truthfulness",8.5,7.5,agree,truthful_qa:0105:completion:1,0.75,0.5,0.5,0.5
pair_f2353a916465,truthful_qa:0105,truthful_qa:0105:completion:1,truthful_qa:0105:completion:0,truthful_qa:0105:completion:1,defended,"lower-bound Pareto dominance: helpfulness, honesty, instruction_following, truthfulness",8.5,7.0,agree,truthful_qa:0105:completion:1,0.75,0.25,0.25,0.5
pair_3083c8c1dd00,truthful_qa:0106,truthful_qa:0106:completion:1,truthful_qa:0106:completion:2,,ambiguous,cross-objective tradeoff,8.0,7.0,abstained,truthful_qa:0106:completion:1,-0.5,0.0,0.25,0.0
pair_62e2d29254a3,truthful_qa:0106,truthful_qa:0106:completion:3,truthful_qa:0106:completion:1,truthful_qa:0106:completion:3,defended,"lower-bound Pareto dominance: helpfulness, honesty, instruction_following, truthfulness",8.0,8.0,overall_tie,,0.25,0.25,0.5,0.5
pair_96fc20f5fa59,truthful_qa:0106,truthful_qa:0106:completion:0,truthful_qa:0106:completion:2,,ambiguous,cross-objective tradeoff,7.5,7.0,abstained,,-0.5,0.25,0.5,0.5
pair_9cfd285dc464,truthful_qa:0106,truthful_qa:0106:completion:0,truthful_qa:0106:completion:1,truthful_qa:0106:completion:0,defended,"lower-bound Pareto dominance: honesty, instruction_following, truthfulness",7.5,8.0,disagree,truthful_qa:0106:completion:1,0.0,0.25,0.25,0.5
pair_bb509ded8aa2,truthful_qa:0106,truthful_qa:0106:completion:2,truthful_qa:0106:completion:3,,ambiguous,cross-objective tradeoff,7.0,8.0,abstained,truthful_qa:0106:completion:3,0.25,-0.25,-0.75,-0.5
pair_fbbfb32e27a1,truthful_qa:0106,truthful_qa:0106:completion:3,truthful_qa:0106:completion:0,truthful_qa:0106:completion:3,defended,"lower-bound Pareto dominance: helpfulness, instruction_following",8.0,7.5,agree,truthful_qa:0106:completion:3,0.25,0.0,0.25,0.0
pair_7f052d3be90a,truthful_qa:0107,truthful_qa:0107:completion:3,truthful_qa:0107:completion:2,truthful_qa:0107:completion:3,defended,lower-bound Pareto dominance: helpfulness,6.0,6.5,disagree,truthful_qa:0107:completion:2,0.25,0.0,0.0,0.0
pair_9a1958b4cbdf,truthful_qa:0107,truthful_qa:0107:completion:0,truthful_qa:0107:completion:1,truthful_qa:0107:completion:0,defended,"lower-bound Pareto dominance: helpfulness, honesty, instruction_following, truthfulness",5.0,4.0,agree,,0.25,0.5,0.25,0.75
pair_c36178d83997,truthful_qa:0107,truthful_qa:0107:completion:3,truthful_qa:0107:completion:0,truthful_qa:0107:completion:3,defended,"lower-bound Pareto dominance: helpfulness, honesty, instruction_following",6.0,5.0,agree,,0.25,0.25,0.25,0.0
pair_ce11b020373a,truthful_qa:0107,truthful_qa:0107:completion:3,truthful_qa:0107:completion:1,truthful_qa:0107:completion:3,defended,"lower-bound Pareto dominance: helpfulness, honesty, instruction_following, truthfulness",6.0,4.0,agree,,0.5,0.75,0.5,0.75
pair_d664ffc1c239,truthful_qa:0107,truthful_qa:0107:completion:2,truthful_qa:0107:completion:0,truthful_qa:0107:completion:2,defended,"lower-bound Pareto dominance: honesty, instruction_following",6.5,5.0,agree,truthful_qa:0107:completion:2,0.0,0.25,0.25,0.0
pair_f0198e81badd,truthful_qa:0107,truthful_qa:0107:completion:2,truthful_qa:0107:completion:1,truthful_qa:0107:completion:2,defended,"lower-bound Pareto dominance: helpfulness, honesty, instruction_following, truthfulness",6.5,4.0,agree,truthful_qa:0107:completion:2,0.25,0.75,0.5,0.75
pair_09920f45b516,truthful_qa:0108,truthful_qa:0108:completion:1,truthful_qa:0108:completion:2,,ambiguous,cross-objective tradeoff,8.0,7.0,abstained,truthful_qa:0108:completion:1,-0.25,-0.75,0.0,0.5
pair_0d2f0dd01687,truthful_qa:0108,truthful_qa:0108:completion:0,truthful_qa:0108:completion:2,,ambiguous,cross-objective tradeoff,7.0,7.0,abstained,,0.25,-0.25,0.25,-0.25
pair_25a7b90bf8c0,truthful_qa:0108,truthful_qa:0108:completion:0,truthful_qa:0108:completion:1,,ambiguous,cross-objective tradeoff,7.0,8.0,abstained,truthful_qa:0108:completion:1,0.5,0.5,0.25,-0.75
pair_7055ce4142ef,truthful_qa:0108,truthful_qa:0108:completion:3,truthful_qa:0108:completion:1,truthful_qa:0108:completion:3,defended,"lower-bound Pareto dominance: helpfulness, honesty, instruction_following",8.0,8.0,overall_tie,,0.5,0.75,0.5,0.0
pair_c65f5899a90f,truthful_qa:0108,truthful_qa:0108:completion:3,truthful_qa:0108:completion:2,truthful_qa:0108:completion:3,defended,"lower-bound Pareto dominance: helpfulness, instruction_following, truthfulness",8.0,7.0,agree,truthful_qa:0108:completion:3,0.25,0.0,0.5,0.5
pair_fb235cc3cc53,truthful_qa:0108,truthful_qa:0108:completion:3,truthful_qa:0108:completion:0,truthful_qa:0108:completion:3,defended,"lower-bound Pareto dominance: honesty, instruction_following, truthfulness",8.0,7.0,agree,truthful_qa:0108:completion:3,0.0,0.25,0.25,0.75
pair_2a56ac2d94d9,truthful_qa:0109,truthful_qa:0109:completion:2,truthful_qa:0109:completion:0,truthful_qa:0109:completion:2,defended,"lower-bound Pareto dominance: helpfulness, honesty, instruction_following, truthfulness",9.5,6.0,agree,truthful_qa:0109:completion:2,0.25,1.0,0.5,0.5
pair_4f4ed7d9073b,truthful_qa:0109,truthful_qa:0109:completion:1,truthful_qa:0109:completion:0,truthful_qa:0109:completion:1,defended,"lower-bound Pareto dominance: helpfulness, honesty, instruction_following, truthfulness",7.0,6.0,agree,,0.25,1.0,0.25,0.5
pair_544d31773d2b,truthful_qa:0109,truthful_qa:0109:completion:2,truthful_qa:0109:completion:1,truthful_qa:0109:completion:2,defended,lower-bound Pareto dominance: instruction_following,9.5,7.0,agree,truthful_qa:0109:completion:2,0.0,0.0,0.25,0.0
pair_7494bf75f4c7,truthful_qa:0109,truthful_qa:0109:completion:2,truthful_qa:0109:completion:3,,ambiguous,cross-objective tradeoff,9.5,8.0,abstained,truthful_qa:0109:completion:2,-0.25,0.25,0.0,0.5
pair_91c867da74bd,truthful_qa:0109,truthful_qa:0109:completion:3,truthful_qa:0109:completion:0,truthful_qa:0109:completion:3,defended,"lower-bound Pareto dominance: helpfulness, honesty, instruction_following",8.0,6.0,agree,,0.5,0.75,0.5,0.0
pair_ba3073651255,truthful_qa:0109,truthful_qa:0109:completion:1,truthful_qa:0109:completion:3,,ambiguous,cross-objective tradeoff,7.0,8.0,abstained,,-0.25,0.25,-0.25,0.5
pair_13f8d3f1fa88,truthful_qa:0110,truthful_qa:0110:completion:0,truthful_qa:0110:completion:3,truthful_qa:0110:completion:0,defended,"lower-bound Pareto dominance: honesty, truthfulness",8.0,7.5,agree,,0.0,0.25,0.0,0.5
pair_2946a6bd5cea,truthful_qa:0110,truthful_qa:0110:completion:2,truthful_qa:0110:completion:3,truthful_qa:0110:completion:2,defended,lower-bound Pareto dominance: truthfulness,8.0,7.5,agree,,0.0,0.0,0.0,0.5
pair_6cccc177ed78,truthful_qa:0110,truthful_qa:0110:completion:0,truthful_qa:0110:completion:2,truthful_qa:0110:completion:0,defended,lower-bound Pareto dominance: honesty,8.0,8.0,overall_tie,,0.0,0.25,0.0,0.0
pair_a2d96b5dfc16,truthful_qa:0110,truthful_qa:0110:completion:0,truthful_qa:0110:completion:1,,ambiguous,cross-objective tradeoff,8.0,8.5,abstained,truthful_qa:0110:completion:1,-0.25,0.0,-0.25,0.5
pair_c1787bdd97a1,truthful_qa:0110,truthful_qa:0110:completion:1,truthful_qa:0110:completion:2,,ambiguous,cross-objective tradeoff,8.5,8.0,abstained,truthful_qa:0110:completion:1,0.25,0.25,0.25,-0.5
pair_f9f4f4f42434,truthful_qa:0110,truthful_qa:0110:completion:1,truthful_qa:0110:completion:3,truthful_qa:0110:completion:1,defended,"lower-bound Pareto dominance: helpfulness, honesty, instruction_following",8.5,7.5,agree,truthful_qa:0110:completion:1,0.25,0.25,0.25,0.0
pair_6ef7ac405f5d,truthful_qa:0111,truthful_qa:0111:completion:3,truthful_qa:0111:completion:0,truthful_qa:0111:completion:3,defended,"lower-bound Pareto dominance: helpfulness, honesty, instruction_following, truthfulness",7.5,4.0,agree,truthful_qa:0111:completion:3,0.75,0.5,0.5,0.25
pair_8ffc8586e3b6,truthful_qa:0111,truthful_qa:0111:completion:3,truthful_qa:0111:completion:1,truthful_qa:0111:completion:3,defended,"lower-bound Pareto dominance: helpfulness, instruction_following",7.5,7.0,agree,truthful_qa:0111:completion:3,0.25,0.0,0.25,0.0
pair_9166b6b9e664,truthful_qa:0111,truthful_qa:0111:completion:1,truthful_qa:0111:completion:2,truthful_qa:0111:completion:1,defended,"lower-bound Pareto dominance: helpfulness, honesty, instruction_following, truthfulness",7.0,6.5,agree,,0.25,0.25,0.5,0.5
pair_b22f26996350,truthful_qa:0111,truthful_qa:0111:completion:0,truthful_qa:0111:completion:2,,ambiguous,cross-objective tradeoff,4.0,6.5,abstained,,-0.25,-0.25,0.25,0.25
pair_d4055cba57df,truthful_qa:0111,truthful_qa:0111:completion:3,truthful_qa:0111:completion:2,truthful_qa:0111:completion:3,defended,"lower-bound Pareto dominance: helpfulness, honesty, instruction_following, truthfulness",7.5,6.5,agree,truthful_qa:0111:completion:3,0.5,0.25,0.75,0.5
pair_f4351166c02a,truthful_qa:0111,truthful_qa:0111:completion:1,truthful_qa:0111:completion:0,truthful_qa:0111:completion:1,defended,"lower-bound Pareto dominance: helpfulness, honesty, instruction_following, truthfulness",7.0,4.0,agree,,0.5,0.5,0.25,0.25
pair_0bfc1c54b7f6,truthful_qa:0112,truthful_qa:0112:completion:1,truthful_qa:0112:completion:3,,ambiguous,cross-objective tradeoff,8.5,7.5,abstained,truthful_qa:0112:completion:1,0.5,0.25,-0.25,0.0
pair_0e61442c7ce3,truthful_qa:0112,truthful_qa:0112:completion:0,truthful_qa:0112:completion:2,truthful_qa:0112:completion:0,defended,"lower-bound Pareto dominance: helpfulness, honesty, instruction_following, truthfulness",7.5,4.0,agree,,0.5,0.75,0.75,0.5
pair_53165c7e5419,truthful_qa:0112,truthful_qa:0112:completion:3,truthful_qa:0112:completion:2,truthful_qa:0112:completion:3,defended,"lower-bound Pareto dominance: helpfulness, honesty, instruction_following, truthfulness",7.5,4.0,agree,,0.25,0.5,0.5,0.5
pair_814c244a0976,truthful_qa:0112,truthful_qa:0112:completion:0,truthful_qa:0112:completion:1,,ambiguous,cross-objective tradeoff,7.5,8.5,abstained,truthful_qa:0112:completion:1,-0.25,0.0,0.5,0.0
pair_f0a906e4881c,truthful_qa:0112,truthful_qa:0112:completion:1,truthful_qa:0112:completion:2,truthful_qa:0112:completion:1,defended,"lower-bound Pareto dominance: helpfulness, honesty, instruction_following, truthfulness",8.5,4.0,agree,truthful_qa:0112:completion:1,0.75,0.75,0.25,0.5
pair_ff0552e92a1d,truthful_qa:0112,truthful_qa:0112:completion:0,truthful_qa:0112:completion:3,truthful_qa:0112:completion:0,defended,"lower-bound Pareto dominance: helpfulness, honesty, instruction_following",7.5,7.5,overall_tie,,0.25,0.25,0.25,0.0
pair_44c4ee42a8a9,truthful_qa:0113,truthful_qa:0113:completion:1,truthful_qa:0113:completion:0,truthful_qa:0113:completion:1,defended,"lower-bound Pareto dominance: helpfulness, honesty, instruction_following",8.5,7.5,agree,,0.25,0.5,0.25,0.0
pair_5130cb218f26,truthful_qa:0113,truthful_qa:0113:completion:2,truthful_qa:0113:completion:3,,ambiguous,cross-objective tradeoff,9.0,8.0,abstained,truthful_qa:0113:completion:2,0.25,-0.25,0.0,0.0
pair_7d71f9ea25fd,truthful_qa:0113,truthful_qa:0113:completion:2,truthful_qa:0113:completion:0,truthful_qa:0113:completion:2,defended,"lower-bound Pareto dominance: helpfulness, honesty, instruction_following",9.0,7.5,agree,truthful_qa:0113:completion:2,0.5,0.25,0.25,0.0
pair_897b29a93d1c,truthful_qa:0113,truthful_qa:0113:completion:1,truthful_qa:0113:completion:3,,ambiguous,equivalent within epsilon,8.5,8.0,abstained,,0.0,0.0,0.0,0.0
pair_bdaa09e79ace,truthful_qa:0113,truthful_qa:0113:completion:1,truthful_qa:0113:completion:2,,ambiguous,cross-objective tradeoff,8.5,9.0,abstained,truthful_qa:0113:completion:2,-0.25,0.25,0.0,0.0
pair_e0d845d7e884,truthful_qa:0113,truthful_qa:0113:completion:3,truthful_qa:0113:completion:0,truthful_qa:0113:completion:3,defended,"lower-bound Pareto dominance: helpfulness, honesty, instruction_following",8.0,7.5,agree,,0.25,0.5,0.25,0.0
pair_7948b47c0c39,truthful_qa:0114,truthful_qa:0114:completion:1,truthful_qa:0114:completion:3,,ambiguous,cross-objective tradeoff,8.5,8.0,abstained,truthful_qa:0114:completion:1,0.25,-0.25,0.0,0.0
pair_97d3d90f68f8,truthful_qa:0114,truthful_qa:0114:completion:2,truthful_qa:0114:completion:3,truthful_qa:0114:completion:2,defended,lower-bound Pareto dominance: helpfulness,8.5,8.0,agree,truthful_qa:0114:completion:2,0.25,0.0,0.0,0.0
pair_9ac9db421921,truthful_qa:0114,truthful_qa:0114:completion:0,truthful_qa:0114:completion:1,,ambiguous,cross-objective tradeoff,8.5,8.5,abstained,,-0.25,0.25,-0.25,0.0
pair_a6af1c4d1d51,truthful_qa:0114,truthful_qa:0114:completion:2,truthful_qa:0114:completion:0,truthful_qa:0114:completion:2,defended,"lower-bound Pareto dominance: helpfulness, instruction_following",8.5,8.5,overall_tie,,0.25,0.0,0.25,0.0
pair_d32efb7dfa45,truthful_qa:0114,truthful_qa:0114:completion:3,truthful_qa:0114:completion:0,truthful_qa:0114:completion:3,defended,lower-bound Pareto dominance: instruction_following,8.0,8.5,disagree,truthful_qa:0114:completion:0,0.0,0.0,0.25,0.0
pair_e37ef593585d,truthful_qa:0114,truthful_qa:0114:completion:2,truthful_qa:0114:completion:1,truthful_qa:0114:completion:2,defended,lower-bound Pareto dominance: honesty,8.5,8.5,overall_tie,,0.0,0.25,0.0,0.0
pair_1a31c5ba17e4,truthful_qa:0115,truthful_qa:0115:completion:0,truthful_qa:0115:completion:3,truthful_qa:0115:completion:0,defended,"lower-bound Pareto dominance: helpfulness, honesty, instruction_following, truthfulness",8.5,3.0,agree,truthful_qa:0115:completion:0,1.0,1.0,0.75,1.0
pair_27a2577ddbc6,truthful_qa:0115,truthful_qa:0115:completion:1,truthful_qa:0115:completion:2,,ambiguous,cross-objective tradeoff,4.0,4.0,abstained,,-0.5,0.25,-1.0,0.0
pair_33ed27b1619c,truthful_qa:0115,truthful_qa:0115:completion:2,truthful_qa:0115:completion:3,truthful_qa:0115:completion:2,defended,"lower-bound Pareto dominance: helpfulness, instruction_following",4.0,3.0,agree,,0.5,0.0,1.0,0.0
pair_665630b87296,truthful_qa:0115,truthful_qa:0115:completion:0,truthful_qa:0115:completion:1,truthful_qa:0115:completion:0,defended,"lower-bound Pareto dominance: helpfulness, honesty, instruction_following, truthfulness",8.5,4.0,agree,truthful_qa:0115:completion:0,1.0,0.75,0.75,1.0
pair_b33061fb0cb7,truthful_qa:0115,truthful_qa:0115:completion:0,truthful_qa:0115:completion:2,,ambiguous,cross-objective tradeoff,8.5,4.0,abstained,truthful_qa:0115:completion:0,0.5,1.0,-0.25,1.0
pair_e3d7f42a551a,truthful_qa:0115,truthful_qa:0115:completion:1,truthful_qa:0115:completion:3,truthful_qa:0115:completion:1,defended,lower-bound Pareto dominance: honesty,4.0,3.0,agree,,0.0,0.25,0.0,0.0
pair_3db22a03f3ef,truthful_qa:0116,truthful_qa:0116:completion:3,truthful_qa:0116:completion:1,truthful_qa:0116:completion:3,defended,lower-bound Pareto dominance: helpfulness,9.0,7.0,agree,truthful_qa:0116:completion:3,0.25,0.0,0.0,0.0
pair_5321af04f27c,truthful_qa:0116,truthful_qa:0116:completion:0,truthful_qa:0116:completion:1,,ambiguous,equivalent within epsilon,9.0,7.0,abstained,truthful_qa:0116:completion:0,0.0,0.0,0.0,0.0
pair_629da04e724b,truthful_qa:0116,truthful_qa:0116:completion:3,truthful_qa:0116:completion:0,truthful_qa:0116:completion:3,defended,lower-bound Pareto dominance: helpfulness,9.0,9.0,overall_tie,,0.25,0.0,0.0,0.0
pair_c6184a4eac7e,truthful_qa:0116,truthful_qa:0116:completion:2,truthful_qa:0116:completion:3,,ambiguous,equivalent within epsilon,8.0,9.0,abstained,truthful_qa:0116:completion:3,0.0,0.0,0.0,0.0
pair_d53d4e1f9ca4,truthful_qa:0116,truthful_qa:0116:completion:2,truthful_qa:0116:completion:0,truthful_qa:0116:completion:2,defended,lower-bound Pareto dominance: helpfulness,8.0,9.0,disagree,truthful_qa:0116:completion:0,0.25,0.0,0.0,0.0
pair_f14e48a2d081,truthful_qa:0116,truthful_qa:0116:completion:2,truthful_qa:0116:completion:1,truthful_qa:0116:completion:2,defended,lower-bound Pareto dominance: helpfulness,8.0,7.0,agree,,0.25,0.0,0.0,0.0
pair_0a931e0800b5,truthful_qa:0117,truthful_qa:0117:completion:3,truthful_qa:0117:completion:1,truthful_qa:0117:completion:3,defended,"lower-bound Pareto dominance: helpfulness, honesty, instruction_following",7.0,6.0,agree,truthful_qa:0117:completion:3,0.25,0.5,0.25,0.0
pair_6591b6f74eed,truthful_qa:0117,truthful_qa:0117:completion:3,truthful_qa:0117:completion:2,truthful_qa:0117:completion:3,defended,"lower-bound Pareto dominance: helpfulness, honesty, instruction_following",7.0,4.0,agree,truthful_qa:0117:completion:3,0.5,0.75,0.75,0.0
pair_92e7b2aee00f,truthful_qa:0117,truthful_qa:0117:completion:3,truthful_qa:0117:completion:0,truthful_qa:0117:completion:3,defended,"lower-bound Pareto dominance: honesty, instruction_following",7.0,5.0,agree,truthful_qa:0117:completion:3,0.0,0.25,0.25,0.0
pair_c53ed1f816b9,truthful_qa:0117,truthful_qa:0117:completion:0,truthful_qa:0117:completion:2,truthful_qa:0117:completion:0,defended,"lower-bound Pareto dominance: helpfulness, honesty, instruction_following",5.0,4.0,agree,,0.5,0.5,0.5,0.0
pair_c5566220335a,truthful_qa:0117,truthful_qa:0117:completion:0,truthful_qa:0117:completion:1,truthful_qa:0117:completion:0,defended,"lower-bound Pareto dominance: helpfulness, honesty",5.0,6.0,disagree,,0.25,0.25,0.0,0.0
pair_d5af46d4ea81,truthful_qa:0117,truthful_qa:0117:completion:1,truthful_qa:0117:completion:2,truthful_qa:0117:completion:1,defended,"lower-bound Pareto dominance: helpfulness, honesty, instruction_following",6.0,4.0,agree,,0.25,0.25,0.5,0.0
pair_0fd3b5265b52,truthful_qa:0118,truthful_qa:0118:completion:0,truthful_qa:0118:completion:2,,ambiguous,equivalent within epsilon,8.0,8.5,abstained,truthful_qa:0118:completion:2,0.0,0.0,0.0,0.0
pair_219ea4163e0c,truthful_qa:0118,truthful_qa:0118:completion:0,truthful_qa:0118:completion:1,,ambiguous,cross-objective tradeoff,8.0,8.0,abstained,,-0.25,0.0,0.25,0.0
pair_273b3d49617f,truthful_qa:0118,truthful_qa:0118:completion:0,truthful_qa:0118:completion:3,,ambiguous,cross-objective tradeoff,8.0,7.5,abstained,,-0.25,0.25,0.25,0.25
pair_58cfe1bf0478,truthful_qa:0118,truthful_qa:0118:completion:2,truthful_qa:0118:completion:3,,ambiguous,cross-objective tradeoff,8.5,7.5,abstained,truthful_qa:0118:completion:2,-0.25,0.25,0.25,0.25
pair_819d78855c61,truthful_qa:0118,truthful_qa:0118:completion:1,truthful_qa:0118:completion:2,,ambiguous,cross-objective tradeoff,8.0,8.5,abstained,truthful_qa:0118:completion:2,0.25,0.0,-0.25,0.0
pair_a9d1021d5334,truthful_qa:0118,truthful_qa:0118:completion:1,truthful_qa:0118:completion:3,truthful_qa:0118:completion:1,defended,"lower-bound Pareto dominance: honesty, truthfulness",8.0,7.5,agree,,0.0,0.25,0.0,0.25
pair_3b03bbafb2bc,truthful_qa:0119,truthful_qa:0119:completion:1,truthful_qa:0119:completion:2,,ambiguous,cross-objective tradeoff,6.0,6.5,abstained,truthful_qa:0119:completion:2,0.25,0.25,-0.25,0.0
pair_69adadeb9beb,truthful_qa:0119,truthful_qa:0119:completion:2,truthful_qa:0119:completion:3,truthful_qa:0119:completion:2,defended,"lower-bound Pareto dominance: helpfulness, honesty, instruction_following, truthfulness",6.5,4.0,agree,truthful_qa:0119:completion:2,0.25,0.5,0.75,0.5
pair_76d90fa3b312,truthful_qa:0119,truthful_qa:0119:completion:1,truthful_qa:0119:completion:3,truthful_qa:0119:completion:1,defended,"lower-bound Pareto dominance: helpfulness, honesty, instruction_following, truthfulness",6.0,4.0,agree,,0.5,0.75,0.5,0.5
pair_859ad4ea90e7,truthful_qa:0119,truthful_qa:0119:completion:2,truthful_qa:0119:completion:0,truthful_qa:0119:completion:2,defended,"lower-bound Pareto dominance: helpfulness, honesty, instruction_following, truthfulness",6.5,3.0,agree,truthful_qa:0119:completion:2,0.5,0.75,1.0,0.5
pair_9e09cb11effb,truthful_qa:0119,truthful_qa:0119:completion:3,truthful_qa:0119:completion:0,truthful_qa:0119:completion:3,defended,"lower-bound Pareto dominance: helpfulness, honesty, instruction_following",4.0,3.0,agree,,0.25,0.25,0.25,0.0
pair_d985484fe7e6,truthful_qa:0119,truthful_qa:0119:completion:1,truthful_qa:0119:completion:0,truthful_qa:0119:completion:1,defended,"lower-bound Pareto dominance: helpfulness, honesty, instruction_following, truthfulness",6.0,3.0,agree,,0.75,1.0,0.75,0.5
pair_2f1d25b9efaa,truthful_qa:0120,truthful_qa:0120:completion:3,truthful_qa:0120:completion:1,truthful_qa:0120:completion:3,defended,lower-bound Pareto dominance: helpfulness,8.0,8.0,overall_tie,,0.25,0.0,0.0,0.0
pair_6305d545fd51,truthful_qa:0120,truthful_qa:0120:completion:0,truthful_qa:0120:completion:2,truthful_qa:0120:completion:0,defended,"lower-bound Pareto dominance: helpfulness, honesty, instruction_following",8.0,8.0,overall_tie,,0.25,0.25,0.25,0.0
pair_6d376529a2ce,truthful_qa:0120,truthful_qa:0120:completion:1,truthful_qa:0120:completion:2,truthful_qa:0120:completion:1,defended,"lower-bound Pareto dominance: helpfulness, honesty, instruction_following",8.0,8.0,overall_tie,,0.25,0.25,0.25,0.0
pair_7d36ce115e36,truthful_qa:0120,truthful_qa:0120:completion:3,truthful_qa:0120:completion:2,truthful_qa:0120:completion:3,defended,"lower-bound Pareto dominance: helpfulness, honesty, instruction_following",8.0,8.0,overall_tie,,0.5,0.25,0.25,0.0
pair_927918f8b369,truthful_qa:0120,truthful_qa:0120:completion:0,truthful_qa:0120:completion:1,,ambiguous,equivalent within epsilon,8.0,8.0,abstained,,0.0,0.0,0.0,0.0
pair_d7ae062ff338,truthful_qa:0120,truthful_qa:0120:completion:3,truthful_qa:0120:completion:0,truthful_qa:0120:completion:3,defended,lower-bound Pareto dominance: helpfulness,8.0,8.0,overall_tie,,0.25,0.0,0.0,0.0
pair_6808837bb6b9,truthful_qa:0121,truthful_qa:0121:completion:0,truthful_qa:0121:completion:2,truthful_qa:0121:completion:0,defended,"lower-bound Pareto dominance: helpfulness, honesty",9.0,8.5,agree,truthful_qa:0121:completion:0,0.25,0.25,0.0,0.0
pair_92377f137ac1,truthful_qa:0121,truthful_qa:0121:completion:1,truthful_qa:0121:completion:2,truthful_qa:0121:completion:1,defended,lower-bound Pareto dominance: helpfulness,8.0,8.5,disagree,,0.25,0.0,0.0,0.0
pair_c34a70c02a9c,truthful_qa:0121,truthful_qa:0121:completion:2,truthful_qa:0121:completion:3,truthful_qa:0121:completion:2,defended,"lower-bound Pareto dominance: helpfulness, honesty, instruction_following, truthfulness",8.5,3.0,agree,,0.75,0.75,1.0,0.75
pair_c73484cfba53,truthful_qa:0121,truthful_qa:0121:completion:1,truthful_qa:0121:completion:3,truthful_qa:0121:completion:1,defended,"lower-bound Pareto dominance: helpfulness, honesty, instruction_following, truthfulness",8.0,3.0,agree,,1.0,0.75,1.0,0.75
pair_e79eb660f5a3,truthful_qa:0121,truthful_qa:0121:completion:0,truthful_qa:0121:completion:1,truthful_qa:0121:completion:0,defended,lower-bound Pareto dominance: honesty,9.0,8.0,agree,truthful_qa:0121:completion:0,0.0,0.25,0.0,0.0
pair_ec2679e3b89d,truthful_qa:0121,truthful_qa:0121:completion:0,truthful_qa:0121:completion:3,truthful_qa:0121:completion:0,defended,"lower-bound Pareto dominance: helpfulness, honesty, instruction_following, truthfulness",9.0,3.0,agree,truthful_qa:0121:completion:0,1.0,1.0,1.0,0.75
pair_12e3831f88ef,truthful_qa:0122,truthful_qa:0122:completion:2,truthful_qa:0122:completion:1,truthful_qa:0122:completion:2,defended,"lower-bound Pareto dominance: honesty, truthfulness",8.5,7.5,agree,truthful_qa:0122:completion:2,0.0,0.5,0.0,0.5
pair_20f6dca43e57,truthful_qa:0122,truthful_qa:0122:completion:0,truthful_qa:0122:completion:1,,ambiguous,cross-objective tradeoff,8.0,7.5,abstained,,-0.25,0.25,-0.25,0.5
pair_39d257f013ff,truthful_qa:0122,truthful_qa:0122:completion:0,truthful_qa:0122:completion:3,,ambiguous,cross-objective tradeoff,8.0,7.0,abstained,,-0.25,0.0,-0.25,0.25
pair_72316dd1b184,truthful_qa:0122,truthful_qa:0122:completion:2,truthful_qa:0122:completion:0,truthful_qa:0122:completion:2,defended,"lower-bound Pareto dominance: helpfulness, honesty, instruction_following",8.5,8.0,agree,truthful_qa:0122:completion:2,0.25,0.25,0.25,0.0
pair_7b121a09eaed,truthful_qa:0122,truthful_qa:0122:completion:2,truthful_qa:0122:completion:3,truthful_qa:0122:completion:2,defended,"lower-bound Pareto dominance: honesty, truthfulness",8.5,7.0,agree,truthful_qa:0122:completion:2,0.0,0.25,0.0,0.25
pair_c2efcfdd1f82,truthful_qa:0122,truthful_qa:0122:completion:3,truthful_qa:0122:completion:1,truthful_qa:0122:completion:3,defended,"lower-bound Pareto dominance: honesty, truthfulness",7.0,7.5,disagree,,0.0,0.25,0.0,0.25
pair_170677b79d9b,truthful_qa:0123,truthful_qa:0123:completion:1,truthful_qa:0123:completion:3,truthful_qa:0123:completion:1,defended,"lower-bound Pareto dominance: helpfulness, honesty, instruction_following, truthfulness",9.0,5.0,agree,truthful_qa:0123:completion:1,1.0,1.0,0.75,0.5
pair_3fc078376b13,truthful_qa:0123,truthful_qa:0123:completion:1,truthful_qa:0123:completion:2,truthful_qa:0123:completion:1,defended,"lower-bound Pareto dominance: helpfulness, honesty, instruction_following, truthfulness",9.0,4.0,agree,truthful_qa:0123:completion:1,1.0,0.75,0.5,0.75
pair_69d8e56aecb4,truthful_qa:0123,truthful_qa:0123:completion:0,truthful_qa:0123:completion:3,truthful_qa:0123:completion:0,defended,"lower-bound Pareto dominance: helpfulness, honesty, instruction_following, truthfulness",9.0,5.0,agree,truthful_qa:0123:completion:0,1.0,1.0,0.75,0.5
pair_91b0250eb99f,truthful_qa:0123,truthful_qa:0123:completion:0,truthful_qa:0123:completion:2,truthful_qa:0123:completion:0,defended,"lower-bound Pareto dominance: helpfulness, honesty, instruction_following, truthfulness",9.0,4.0,agree,truthful_qa:0123:completion:0,1.0,0.75,0.5,0.75
pair_c4cc031f7546,truthful_qa:0123,truthful_qa:0123:completion:2,truthful_qa:0123:completion:3,,ambiguous,cross-objective tradeoff,4.0,5.0,abstained,,0.0,0.25,0.25,-0.25
pair_d681eb1486e4,truthful_qa:0123,truthful_qa:0123:completion:0,truthful_qa:0123:completion:1,,ambiguous,equivalent within epsilon,9.0,9.0,abstained,,0.0,0.0,0.0,0.0
pair_17d7a8ee4d7a,truthful_qa:0124,truthful_qa:0124:completion:0,truthful_qa:0124:completion:2,truthful_qa:0124:completion:0,defended,"lower-bound Pareto dominance: helpfulness, honesty, instruction_following, truthfulness",8.5,6.0,agree,truthful_qa:0124:completion:0,0.5,0.75,0.75,0.5
pair_181b2e7602fd,truthful_qa:0124,truthful_qa:0124:completion:3,truthful_qa:0124:completion:2,truthful_qa:0124:completion:3,defended,"lower-bound Pareto dominance: helpfulness, honesty, instruction_following, truthfulness",8.5,6.0,agree,truthful_qa:0124:completion:3,0.75,0.75,0.75,0.5
pair_2351f09a71de,truthful_qa:0124,truthful_qa:0124:completion:1,truthful_qa:0124:completion:2,truthful_qa:0124:completion:1,defended,"lower-bound Pareto dominance: helpfulness, honesty, instruction_following",8.5,6.0,agree,truthful_qa:0124:completion:1,0.25,0.5,0.25,0.0
pair_430dc8ebb98e,truthful_qa:0124,truthful_qa:0124:completion:0,truthful_qa:0124:completion:1,truthful_qa:0124:completion:0,defended,"lower-bound Pareto dominance: helpfulness, honesty, instruction_following, truthfulness",8.5,8.5,overall_tie,,0.25,0.25,0.5,0.5
pair_bd0c86e3a479,truthful_qa:0124,truthful_qa:0124:completion:3,truthful_qa:0124:completion:0,truthful_qa:0124:completion:3,defended,lower-bound Pareto dominance: helpfulness,8.5,8.5,overall_tie,,0.25,0.0,0.0,0.0
pair_d896f486399a,truthful_qa:0124,truthful_qa:0124:completion:3,truthful_qa:0124:completion:1,truthful_qa:0124:completion:3,defended,"lower-bound Pareto dominance: helpfulness, honesty, instruction_following, truthfulness",8.5,8.5,overall_tie,,0.5,0.25,0.5,0.5
pair_75ab83d9aaf2,truthful_qa:0125,truthful_qa:0125:completion:2,truthful_qa:0125:completion:1,truthful_qa:0125:completion:2,defended,"lower-bound Pareto dominance: helpfulness, honesty, instruction_following, truthfulness",8.0,6.5,agree,truthful_qa:0125:completion:2,0.5,0.75,0.5,0.5
pair_878c0a06b0f8,truthful_qa:0125,truthful_qa:0125:completion:0,truthful_qa:0125:completion:3,,ambiguous,cross-objective tradeoff,7.0,6.0,abstained,,0.5,0.25,-0.25,0.5
pair_ac4a8b793d50,truthful_qa:0125,truthful_qa:0125:completion:3,truthful_qa:0125:completion:1,truthful_qa:0125:completion:3,defended,"lower-bound Pareto dominance: honesty, instruction_following",6.0,6.5,disagree,,0.0,0.5,0.25,0.0
pair_cf4b70946700,truthful_qa:0125,truthful_qa:0125:completion:2,truthful_qa:0125:completion:0,truthful_qa:0125:completion:2,defended,lower-bound Pareto dominance: instruction_following,8.0,7.0,agree,truthful_qa:0125:completion:2,0.0,0.0,0.5,0.0
pair_e8c653b6ced7,truthful_qa:0125,truthful_qa:0125:completion:0,truthful_qa:0125:completion:1,truthful_qa:0125:completion:0,defended,"lower-bound Pareto dominance: helpfulness, honesty, truthfulness",7.0,6.5,agree,,0.5,0.75,0.0,0.5
pair_faa5d6448419,truthful_qa:0125,truthful_qa:0125:completion:2,truthful_qa:0125:completion:3,truthful_qa:0125:completion:2,defended,"lower-bound Pareto dominance: helpfulness, honesty, instruction_following, truthfulness",8.0,6.0,agree,truthful_qa:0125:completion:2,0.5,0.25,0.25,0.5
pair_45584c717b0f,truthful_qa:0126,truthful_qa:0126:completion:2,truthful_qa:0126:completion:3,truthful_qa:0126:completion:2,defended,"lower-bound Pareto dominance: honesty, instruction_following",8.5,6.0,agree,truthful_qa:0126:completion:2,0.0,0.5,0.5,0.0
pair_5d24d5aea865,truthful_qa:0126,truthful_qa:0126:completion:1,truthful_qa:0126:completion:3,truthful_qa:0126:completion:1,defended,"lower-bound Pareto dominance: honesty, instruction_following",6.0,6.0,overall_tie,,0.0,0.25,0.25,0.0
pair_91af082cc043,truthful_qa:0126,truthful_qa:0126:completion:2,truthful_qa:0126:completion:1,truthful_qa:0126:completion:2,defended,"lower-bound Pareto dominance: honesty, instruction_following",8.5,6.0,agree,truthful_qa:0126:completion:2,0.0,0.25,0.25,0.0
pair_a92f05fefb36,truthful_qa:0126,truthful_qa:0126:completion:0,truthful_qa:0126:completion:2,truthful_qa:0126:completion:0,defended,lower-bound Pareto dominance: honesty,8.0,8.5,disagree,truthful_qa:0126:completion:2,0.0,0.25,0.0,0.0
pair_bc07c2195cfe,truthful_qa:0126,truthful_qa:0126:completion:0,truthful_qa:0126:completion:3,truthful_qa:0126:completion:0,defended,"lower-bound Pareto dominance: honesty, instruction_following",8.0,6.0,agree,,0.0,0.75,0.5,0.0
pair_e70122d43237,truthful_qa:0126,truthful_qa:0126:completion:0,truthful_qa:0126:completion:1,truthful_qa:0126:completion:0,defended,"lower-bound Pareto dominance: honesty, instruction_following",8.0,6.0,agree,,0.0,0.5,0.25,0.0
pair_5041815ee30f,truthful_qa:0127,truthful_qa:0127:completion:2,truthful_qa:0127:completion:1,truthful_qa:0127:completion:2,defended,"lower-bound Pareto dominance: helpfulness, honesty, instruction_following",8.5,7.0,agree,,0.25,0.25,0.25,0.0
pair_58502e289bf6,truthful_qa:0127,truthful_qa:0127:completion:1,truthful_qa:0127:completion:3,,ambiguous,cross-objective tradeoff,7.0,9.5,abstained,truthful_qa:0127:completion:3,-0.5,-0.25,-0.5,0.25
pair_5c571e0efe87,truthful_qa:0127,truthful_qa:0127:completion:2,truthful_qa:0127:completion:0,truthful_qa:0127:completion:2,defended,"lower-bound Pareto dominance: helpfulness, honesty, instruction_following, truthfulness",8.5,2.0,agree,,0.75,1.0,0.5,0.75
pair_60b50425f0e3,truthful_qa:0127,truthful_qa:0127:completion:2,truthful_qa:0127:completion:3,,ambiguous,cross-objective tradeoff,8.5,9.5,abstained,truthful_qa:0127:completion:3,-0.25,0.0,-0.25,0.25
pair_7c1a1303fb79,truthful_qa:0127,truthful_qa:0127:completion:1,truthful_qa:0127:completion:0,truthful_qa:0127:completion:1,defended,"lower-bound Pareto dominance: helpfulness, honesty, instruction_following, truthfulness",7.0,2.0,agree,,0.5,0.75,0.25,0.75
pair_b78175da5040,truthful_qa:0127,truthful_qa:0127:completion:3,truthful_qa:0127:completion:0,truthful_qa:0127:completion:3,defended,"lower-bound Pareto dominance: helpfulness, honesty, instruction_following, truthfulness",9.5,2.0,agree,truthful_qa:0127:completion:3,1.0,1.0,0.75,0.5
pair_2d9cd644c082,truthful_qa:0128,truthful_qa:0128:completion:1,truthful_qa:0128:completion:2,,ambiguous,equivalent within epsilon,8.5,8.5,abstained,,0.0,0.0,0.0,0.0
pair_2e8342465e5c,truthful_qa:0128,truthful_qa:0128:completion:2,truthful_qa:0128:completion:0,truthful_qa:0128:completion:2,defended,"lower-bound Pareto dominance: helpfulness, honesty, instruction_following, truthfulness",8.5,6.0,agree,truthful_qa:0128:completion:2,0.5,1.0,0.25,0.5
pair_40abc6f4862f,truthful_qa:0128,truthful_qa:0128:completion:1,truthful_qa:0128:completion:3,,ambiguous,equivalent within epsilon,8.5,7.0,abstained,truthful_qa:0128:completion:1,0.0,0.0,0.0,0.0
pair_9b579787d806,truthful_qa:0128,truthful_qa:0128:completion:1,truthful_qa:0128:completion:0,truthful_qa:0128:completion:1,defended,"lower-bound Pareto dominance: helpfulness, honesty, instruction_following, truthfulness",8.5,6.0,agree,truthful_qa:0128:completion:1,0.5,1.0,0.25,0.5
pair_b3a1e8d7a8da,truthful_qa:0128,truthful_qa:0128:completion:3,truthful_qa:0128:completion:0,truthful_qa:0128:completion:3,defended,"lower-bound Pareto dominance: helpfulness, honesty, instruction_following, truthfulness",7.0,6.0,agree,,0.5,1.0,0.25,0.5
pair_ba632b2d8366,truthful_qa:0128,truthful_qa:0128:completion:2,truthful_qa:0128:completion:3,,ambiguous,equivalent within epsilon,8.5,7.0,abstained,truthful_qa:0128:completion:2,0.0,0.0,0.0,0.0
pair_1ad26682c686,truthful_qa:0129,truthful_qa:0129:completion:3,truthful_qa:0129:completion:2,truthful_qa:0129:completion:3,defended,"lower-bound Pareto dominance: honesty, instruction_following",8.5,7.5,agree,truthful_qa:0129:completion:3,0.0,0.75,0.25,0.0
pair_3ade09abbccc,truthful_qa:0129,truthful_qa:0129:completion:0,truthful_qa:0129:completion:1,,ambiguous,cross-objective tradeoff,8.5,7.5,abstained,truthful_qa:0129:completion:0,0.25,0.0,-0.25,0.5
pair_41664b34f428,truthful_qa:0129,truthful_qa:0129:completion:3,truthful_qa:0129:completion:1,truthful_qa:0129:completion:3,defended,"lower-bound Pareto dominance: helpfulness, honesty, instruction_following, truthfulness",8.5,7.5,agree,truthful_qa:0129:completion:3,0.5,0.25,0.25,0.5
pair_55e0ab9192c3,truthful_qa:0129,truthful_qa:0129:completion:3,truthful_qa:0129:completion:0,truthful_qa:0129:completion:3,defended,"lower-bound Pareto dominance: helpfulness, honesty, instruction_following",8.5,8.5,overall_tie,,0.25,0.25,0.5,0.0
pair_cc0f6d0b5544,truthful_qa:0129,truthful_qa:0129:completion:0,truthful_qa:0129:completion:2,,ambiguous,cross-objective tradeoff,8.5,7.5,abstained,truthful_qa:0129:completion:0,-0.25,0.5,-0.25,0.0
pair_ed4dd3adbb0a,truthful_qa:0129,truthful_qa:0129:completion:1,truthful_qa:0129:completion:2,,ambiguous,cross-objective tradeoff,7.5,7.5,abstained,,-0.5,0.5,0.0,-0.5
pair_574b36f289fc,truthful_qa:0130,truthful_qa:0130:completion:2,truthful_qa:0130:completion:3,truthful_qa:0130:completion:2,defended,"lower-bound Pareto dominance: honesty, instruction_following",8.5,7.0,agree,truthful_qa:0130:completion:2,0.0,0.25,0.25,0.0
pair_bdf5e1bfdf61,truthful_qa:0130,truthful_qa:0130:completion:1,truthful_qa:0130:completion:0,truthful_qa:0130:completion:1,defended,"lower-bound Pareto dominance: helpfulness, honesty, instruction_following, truthfulness",7.0,6.0,agree,,0.5,0.5,1.0,0.5
pair_c28dc47b1080,truthful_qa:0130,truthful_qa:0130:completion:1,truthful_qa:0130:completion:2,,ambiguous,equivalent within epsilon,7.0,8.5,abstained,truthful_qa:0130:completion:2,0.0,0.0,0.0,0.0
pair_c7e2dfcd6508,truthful_qa:0130,truthful_qa:0130:completion:1,truthful_qa:0130:completion:3,truthful_qa:0130:completion:1,defended,"lower-bound Pareto dominance: honesty, instruction_following",7.0,7.0,overall_tie,,0.0,0.25,0.25,0.0
pair_d615bd3ef45f,truthful_qa:0130,truthful_qa:0130:completion:2,truthful_qa:0130:completion:0,truthful_qa:0130:completion:2,defended,"lower-bound Pareto dominance: helpfulness, honesty, instruction_following, truthfulness",8.5,6.0,agree,truthful_qa:0130:completion:2,0.5,0.5,1.0,0.5
pair_f755239c8ca4,truthful_qa:0130,truthful_qa:0130:completion:3,truthful_qa:0130:completion:0,truthful_qa:0130:completion:3,defended,"lower-bound Pareto dominance: helpfulness, honesty, instruction_following, truthfulness",7.0,6.0,agree,,0.5,0.25,0.75,0.5
pair_4cb25a5383ae,truthful_qa:0131,truthful_qa:0131:completion:3,truthful_qa:0131:completion:0,truthful_qa:0131:completion:3,defended,"lower-bound Pareto dominance: helpfulness, honesty",7.5,4.0,agree,,0.25,0.75,0.0,0.0
pair_6b18ce725de0,truthful_qa:0131,truthful_qa:0131:completion:1,truthful_qa:0131:completion:3,truthful_qa:0131:completion:1,defended,"lower-bound Pareto dominance: helpfulness, honesty, instruction_following, truthfulness",8.5,7.5,agree,truthful_qa:0131:completion:1,0.75,0.25,0.25,0.75
pair_89381c59f630,truthful_qa:0131,truthful_qa:0131:completion:1,truthful_qa:0131:completion:0,truthful_qa:0131:completion:1,defended,"lower-bound Pareto dominance: helpfulness, honesty, instruction_following, truthfulness",8.5,4.0,agree,truthful_qa:0131:completion:1,1.0,1.0,0.25,0.75
pair_938967a1697f,truthful_qa:0131,truthful_qa:0131:completion:1,truthful_qa:0131:completion:2,truthful_qa:0131:completion:1,defended,"lower-bound Pareto dominance: helpfulness, instruction_following",8.5,7.5,agree,truthful_qa:0131:completion:1,0.25,0.0,0.5,0.0
pair_bfb0f0e650be,truthful_qa:0131,truthful_qa:0131:completion:0,truthful_qa:0131:completion:2,,ambiguous,cross-objective tradeoff,4.0,7.5,abstained,,-0.75,-1.0,0.25,-0.75
pair_dfb29178a5ad,truthful_qa:0131,truthful_qa:0131:completion:2,truthful_qa:0131:completion:3,,ambiguous,cross-objective tradeoff,7.5,7.5,abstained,,0.5,0.25,-0.25,0.75
pair_07558f6e2e30,truthful_qa:0132,truthful_qa:0132:completion:3,truthful_qa:0132:completion:2,truthful_qa:0132:completion:3,defended,"lower-bound Pareto dominance: helpfulness, honesty",8.5,7.0,agree,truthful_qa:0132:completion:3,0.25,0.25,0.0,0.0
pair_1f2dcbcfca7f,truthful_qa:0132,truthful_qa:0132:completion:0,truthful_qa:0132:completion:3,,ambiguous,cross-objective tradeoff,8.5,8.5,abstained,,0.25,0.0,0.0,-0.5
pair_2168d0d1ecad,truthful_qa:0132,truthful_qa:0132:completion:1,truthful_qa:0132:completion:2,truthful_qa:0132:completion:1,defended,"lower-bound Pareto dominance: helpfulness, instruction_following",8.5,7.0,agree,truthful_qa:0132:completion:1,0.25,0.0,0.25,0.0
pair_72704f9a7516,truthful_qa:0132,truthful_qa:0132:completion:0,truthful_qa:0132:completion:1,,ambiguous,cross-objective tradeoff,8.5,8.5,abstained,,0.25,0.25,-0.25,-0.5
pair_d7195baf3692,truthful_qa:0132,truthful_qa:0132:completion:0,truthful_qa:0132:completion:2,,ambiguous,cross-objective tradeoff,8.5,7.0,abstained,truthful_qa:0132:completion:0,0.5,0.25,0.0,-0.5
pair_fc6da765b30d,truthful_qa:0132,truthful_qa:0132:completion:1,truthful_qa:0132:completion:3,,ambiguous,cross-objective tradeoff,8.5,8.5,abstained,,0.0,-0.25,0.25,0.0
pair_4248969f1541,truthful_qa:0133,truthful_qa:0133:completion:0,truthful_qa:0133:completion:1,,ambiguous,equivalent within epsilon,8.0,9.0,abstained,truthful_qa:0133:completion:1,0.0,0.0,0.0,0.0
pair_56e3c821f0c2,truthful_qa:0133,truthful_qa:0133:completion:0,truthful_qa:0133:completion:2,truthful_qa:0133:completion:0,defended,lower-bound Pareto dominance: instruction_following,8.0,9.0,disagree,truthful_qa:0133:completion:2,0.0,0.0,0.25,0.0
pair_b805979a7d36,truthful_qa:0133,truthful_qa:0133:completion:3,truthful_qa:0133:completion:1,truthful_qa:0133:completion:3,defended,lower-bound Pareto dominance: helpfulness,8.0,9.0,disagree,truthful_qa:0133:completion:1,0.25,0.0,0.0,0.0
pair_d111c97a312e,truthful_qa:0133,truthful_qa:0133:completion:3,truthful_qa:0133:completion:0,truthful_qa:0133:completion:3,defended,lower-bound Pareto dominance: helpfulness,8.0,8.0,overall_tie,,0.25,0.0,0.0,0.0
pair_d6f6cbad64a3,truthful_qa:0133,truthful_qa:0133:completion:1,truthful_qa:0133:completion:2,truthful_qa:0133:completion:1,defended,lower-bound Pareto dominance: instruction_following,9.0,9.0,overall_tie,,0.0,0.0,0.25,0.0
pair_e46ca364c172,truthful_qa:0133,truthful_qa:0133:completion:3,truthful_qa:0133:completion:2,truthful_qa:0133:completion:3,defended,"lower-bound Pareto dominance: helpfulness, instruction_following",8.0,9.0,disagree,truthful_qa:0133:completion:2,0.25,0.0,0.25,0.0
pair_0f910c4e51c9,truthful_qa:0134,truthful_qa:0134:completion:1,truthful_qa:0134:completion:2,truthful_qa:0134:completion:1,defended,"lower-bound Pareto dominance: helpfulness, honesty, instruction_following, truthfulness",8.0,5.0,agree,,0.25,0.75,0.5,0.25
pair_204ae1e08f55,truthful_qa:0134,truthful_qa:0134:completion:0,truthful_qa:0134:completion:3,,ambiguous,cross-objective tradeoff,7.0,8.5,abstained,truthful_qa:0134:completion:3,0.25,-0.25,-0.25,0.5
pair_5da9d7112791,truthful_qa:0134,truthful_qa:0134:completion:3,truthful_qa:0134:completion:2,truthful_qa:0134:completion:3,defended,"lower-bound Pareto dominance: helpfulness, honesty, instruction_following, truthfulness",8.5,5.0,agree,truthful_qa:0134:completion:3,0.25,0.75,0.75,0.25
pair_90d9f7940357,truthful_qa:0134,truthful_qa:0134:completion:0,truthful_qa:0134:completion:1,,ambiguous,cross-objective tradeoff,7.0,8.0,abstained,,0.25,-0.25,0.0,0.5
pair_91da0764f35c,truthful_qa:0134,truthful_qa:0134:completion:3,truthful_qa:0134:completion:1,truthful_qa:0134:completion:3,defended,lower-bound Pareto dominance: instruction_following,8.5,8.0,agree,truthful_qa:0134:completion:3,0.0,0.0,0.25,0.0
pair_abc1d8b3e357,truthful_qa:0134,truthful_qa:0134:completion:0,truthful_qa:0134:completion:2,truthful_qa:0134:completion:0,defended,"lower-bound Pareto dominance: helpfulness, honesty, instruction_following, truthfulness",7.0,5.0,agree,,0.5,0.5,0.5,0.75
pair_0f502c64db6c,truthful_qa:0135,truthful_qa:0135:completion:2,truthful_qa:0135:completion:0,truthful_qa:0135:completion:2,defended,"lower-bound Pareto dominance: helpfulness, honesty, instruction_following, truthfulness",7.0,6.5,agree,,0.25,0.5,0.25,0.5
pair_74880c12b784,truthful_qa:0135,truthful_qa:0135:completion:2,truthful_qa:0135:completion:3,,ambiguous,cross-objective tradeoff,7.0,7.5,abstained,truthful_qa:0135:completion:3,-0.25,0.0,-0.25,0.25
pair_7ee747340d2b,truthful_qa:0135,truthful_qa:0135:completion:3,truthful_qa:0135:completion:1,truthful_qa:0135:completion:3,defended,"lower-bound Pareto dominance: helpfulness, honesty, instruction_following, truthfulness",7.5,3.0,agree,truthful_qa:0135:completion:3,0.75,0.25,1.0,0.5
pair_9d1ab2b548ac,truthful_qa:0135,truthful_qa:0135:completion:2,truthful_qa:0135:completion:1,truthful_qa:0135:completion:2,defended,"lower-bound Pareto dominance: helpfulness, honesty, instruction_following, truthfulness",7.0,3.0,agree,,0.5,0.25,0.75,0.75
pair_a7efa4a4a58d,truthful_qa:0135,truthful_qa:0135:completion:0,truthful_qa:0135:completion:1,,ambiguous,cross-objective tradeoff,6.5,3.0,abstained,,0.25,-0.25,0.5,0.25
pair_b1af78b755c3,truthful_qa:0135,truthful_qa:0135:completion:3,truthful_qa:0135:completion:0,truthful_qa:0135:completion:3,defended,"lower-bound Pareto dominance: helpfulness, honesty, instruction_following, truthfulness",7.5,6.5,agree,truthful_qa:0135:completion:3,0.5,0.5,0.5,0.25
pair_1c008e816067,truthful_qa:0136,truthful_qa:0136:completion:2,truthful_qa:0136:completion:0,truthful_qa:0136:completion:2,defended,"lower-bound Pareto dominance: helpfulness, honesty, instruction_following, truthfulness",6.5,3.0,agree,,0.25,0.25,1.0,0.75
pair_2402db80cf43,truthful_qa:0136,truthful_qa:0136:completion:1,truthful_qa:0136:completion:0,truthful_qa:0136:completion:1,defended,"lower-bound Pareto dominance: helpfulness, honesty, instruction_following, truthfulness",8.5,3.0,agree,truthful_qa:0136:completion:1,0.25,0.25,1.0,1.0
pair_26f9a2ebe843,truthful_qa:0136,truthful_qa:0136:completion:1,truthful_qa:0136:completion:2,truthful_qa:0136:completion:1,defended,lower-bound Pareto dominance: truthfulness,8.5,6.5,agree,truthful_qa:0136:completion:1,0.0,0.0,0.0,0.25
pair_3e3a620d5634,truthful_qa:0136,truthful_qa:0136:completion:1,truthful_qa:0136:completion:3,,ambiguous,cross-objective tradeoff,8.5,7.0,abstained,truthful_qa:0136:completion:1,-0.5,-0.25,0.25,0.5
pair_574e80010c27,truthful_qa:0136,truthful_qa:0136:completion:3,truthful_qa:0136:completion:0,truthful_qa:0136:completion:3,defended,"lower-bound Pareto dominance: helpfulness, honesty, instruction_following, truthfulness",7.0,3.0,agree,,0.75,0.5,0.75,0.5
pair_f885ba33c953,truthful_qa:0136,truthful_qa:0136:completion:2,truthful_qa:0136:completion:3,,ambiguous,cross-objective tradeoff,6.5,7.0,abstained,,-0.5,-0.25,0.25,0.25
pair_64c69d2cb8e3,truthful_qa:0137,truthful_qa:0137:completion:2,truthful_qa:0137:completion:3,truthful_qa:0137:completion:2,defended,"lower-bound Pareto dominance: helpfulness, honesty, instruction_following, truthfulness",9.0,8.0,agree,,0.25,0.5,0.25,0.25
pair_a052bfeec34a,truthful_qa:0137,truthful_qa:0137:completion:2,truthful_qa:0137:completion:0,truthful_qa:0137:completion:2,defended,"lower-bound Pareto dominance: helpfulness, honesty, truthfulness",9.0,8.0,agree,,0.25,0.25,0.0,0.5
pair_b1f5e2ef997a,truthful_qa:0137,truthful_qa:0137:completion:0,truthful_qa:0137:completion:3,,ambiguous,cross-objective tradeoff,8.0,8.0,abstained,,0.0,0.25,0.25,-0.25
pair_b6a89e20b08b,truthful_qa:0137,truthful_qa:0137:completion:2,truthful_qa:0137:completion:1,truthful_qa:0137:completion:2,defended,lower-bound Pareto dominance: helpfulness,9.0,9.5,disagree,truthful_qa:0137:completion:1,0.25,0.0,0.0,0.0
pair_c3ed97dd4fdc,truthful_qa:0137,truthful_qa:0137:completion:1,truthful_qa:0137:completion:3,truthful_qa:0137:completion:1,defended,"lower-bound Pareto dominance: honesty, instruction_following, truthfulness",9.5,8.0,agree,truthful_qa:0137:completion:1,0.0,0.5,0.25,0.25
pair_f3fc08a9ee1c,truthful_qa:0137,truthful_qa:0137:completion:1,truthful_qa:0137:completion:0,truthful_qa:0137:completion:1,defended,"lower-bound Pareto dominance: honesty, truthfulness",9.5,8.0,agree,truthful_qa:0137:completion:1,0.0,0.25,0.0,0.5
pair_099f5800b95a,truthful_qa:0138,truthful_qa:0138:completion:1,truthful_qa:0138:completion:2,truthful_qa:0138:completion:1,defended,"lower-bound Pareto dominance: helpfulness, honesty, instruction_following, truthfulness",8.0,6.5,agree,truthful_qa:0138:completion:1,0.5,0.5,0.75,0.25
pair_14ba4c2436e1,truthful_qa:0138,truthful_qa:0138:completion:0,truthful_qa:0138:completion:2,truthful_qa:0138:completion:0,defended,"lower-bound Pareto dominance: helpfulness, honesty, instruction_following, truthfulness",8.0,6.5,agree,truthful_qa:0138:completion:0,0.75,0.5,0.75,0.25
pair_33d03a41e580,truthful_qa:0138,truthful_qa:0138:completion:1,truthful_qa:0138:completion:3,truthful_qa:0138:completion:1,defended,"lower-bound Pareto dominance: honesty, instruction_following",8.0,7.0,agree,truthful_qa:0138:completion:1,0.0,0.25,0.25,0.0
pair_bd34d870d827,truthful_qa:0138,truthful_qa:0138:completion:0,truthful_qa:0138:completion:1,truthful_qa:0138:completion:0,defended,lower-bound Pareto dominance: helpfulness,8.0,8.0,overall_tie,,0.25,0.0,0.0,0.0
pair_cf9f8a95e082,truthful_qa:0138,truthful_qa:0138:completion:0,truthful_qa:0138:completion:3,truthful_qa:0138:completion:0,defended,"lower-bound Pareto dominance: helpfulness, honesty, instruction_following",8.0,7.0,agree,truthful_qa:0138:completion:0,0.25,0.25,0.25,0.0
pair_e6bb3297d2ac,truthful_qa:0138,truthful_qa:0138:completion:3,truthful_qa:0138:completion:2,truthful_qa:0138:completion:3,defended,"lower-bound Pareto dominance: helpfulness, honesty, instruction_following, truthfulness",7.0,6.5,agree,,0.5,0.25,0.5,0.25
pair_089b95ae4ad3,truthful_qa:0139,truthful_qa:0139:completion:2,truthful_qa:0139:completion:3,truthful_qa:0139:completion:2,defended,"lower-bound Pareto dominance: honesty, instruction_following, truthfulness",8.5,6.0,agree,truthful_qa:0139:completion:2,0.0,0.5,0.5,0.25
pair_13f3885b6e1c,truthful_qa:0139,truthful_qa:0139:completion:0,truthful_qa:0139:completion:2,,ambiguous,cross-objective tradeoff,6.5,8.5,abstained,truthful_qa:0139:completion:2,0.25,-0.25,-0.25,-0.25
pair_43eedc46dfc3,truthful_qa:0139,truthful_qa:0139:completion:2,truthful_qa:0139:completion:1,truthful_qa:0139:completion:2,defended,"lower-bound Pareto dominance: helpfulness, honesty, instruction_following, truthfulness",8.5,6.5,agree,truthful_qa:0139:completion:2,0.5,0.5,1.0,0.75
pair_ae18a3b922ce,truthful_qa:0139,truthful_qa:0139:completion:0,truthful_qa:0139:completion:1,truthful_qa:0139:completion:0,defended,"lower-bound Pareto dominance: helpfulness, honesty, instruction_following, truthfulness",6.5,6.5,overall_tie,,0.75,0.25,0.75,0.5
pair_dd9a8a2f3480,truthful_qa:0139,truthful_qa:0139:completion:0,truthful_qa:0139:completion:3,truthful_qa:0139:completion:0,defended,"lower-bound Pareto dominance: helpfulness, honesty, instruction_following",6.5,6.0,agree,,0.25,0.25,0.25,0.0
pair_f52dcfb5928f,truthful_qa:0139,truthful_qa:0139:completion:3,truthful_qa:0139:completion:1,truthful_qa:0139:completion:3,defended,"lower-bound Pareto dominance: helpfulness, instruction_following, truthfulness",6.0,6.5,disagree,,0.5,0.0,0.5,0.5
pair_38ef17c0f9ac,truthful_qa:0140,truthful_qa:0140:completion:0,truthful_qa:0140:completion:3,truthful_qa:0140:completion:0,defended,"lower-bound Pareto dominance: helpfulness, honesty",8.0,7.0,agree,,0.25,0.25,0.0,0.0
pair_601ab48419ce,truthful_qa:0140,truthful_qa:0140:completion:0,truthful_qa:0140:completion:2,,ambiguous,cross-objective tradeoff,8.0,8.5,abstained,,0.25,0.0,-0.25,0.0
pair_6c4a707edb92,truthful_qa:0140,truthful_qa:0140:completion:0,truthful_qa:0140:completion:1,truthful_qa:0140:completion:0,defended,"lower-bound Pareto dominance: helpfulness, instruction_following",8.0,9.0,disagree,truthful_qa:0140:completion:1,0.5,0.0,0.25,0.0
pair_8cb190cce145,truthful_qa:0140,truthful_qa:0140:completion:1,truthful_qa:0140:completion:3,,ambiguous,cross-objective tradeoff,9.0,7.0,abstained,truthful_qa:0140:completion:1,-0.25,0.25,-0.25,0.0
pair_ba354a40a942,truthful_qa:0140,truthful_qa:0140:completion:2,truthful_qa:0140:completion:1,truthful_qa:0140:completion:2,defended,"lower-bound Pareto dominance: helpfulness, instruction_following",8.5,9.0,disagree,truthful_qa:0140:completion:1,0.25,0.0,0.5,0.0
pair_d9d3f5c36964,truthful_qa:0140,truthful_qa:0140:completion:2,truthful_qa:0140:completion:3,truthful_qa:0140:completion:2,defended,"lower-bound Pareto dominance: honesty, instruction_following",8.5,7.0,agree,,0.0,0.25,0.25,0.0
pair_0b80c104e173,truthful_qa:0141,truthful_qa:0141:completion:3,truthful_qa:0141:completion:0,truthful_qa:0141:completion:3,defended,"lower-bound Pareto dominance: helpfulness, honesty, instruction_following, truthfulness",7.5,3.0,agree,,0.5,0.5,1.0,0.5
pair_2cc337d11216,truthful_qa:0141,truthful_qa:0141:completion:1,truthful_qa:0141:completion:3,truthful_qa:0141:completion:1,defended,lower-bound Pareto dominance: helpfulness,8.5,7.5,agree,truthful_qa:0141:completion:1,0.25,0.0,0.0,0.0
pair_4d6b903fbe7b,truthful_qa:0141,truthful_qa:0141:completion:1,truthful_qa:0141:completion:0,truthful_qa:0141:completion:1,defended,"lower-bound Pareto dominance: helpfulness, honesty, instruction_following, truthfulness",8.5,3.0,agree,truthful_qa:0141:completion:1,0.75,0.5,1.0,0.5
pair_97af69be611e,truthful_qa:0141,truthful_qa:0141:completion:2,truthful_qa:0141:completion:3,truthful_qa:0141:completion:2,defended,lower-bound Pareto dominance: helpfulness,8.5,7.5,agree,truthful_qa:0141:completion:2,0.25,0.0,0.0,0.0
pair_afd49a2902f2,truthful_qa:0141,truthful_qa:0141:completion:2,truthful_qa:0141:completion:0,truthful_qa:0141:completion:2,defended,"lower-bound Pareto dominance: helpfulness, honesty, instruction_following, truthfulness",8.5,3.0,agree,truthful_qa:0141:completion:2,0.75,0.5,1.0,0.5
pair_cd1a85a73b7c,truthful_qa:0141,truthful_qa:0141:completion:1,truthful_qa:0141:completion:2,,ambiguous,equivalent within epsilon,8.5,8.5,abstained,,0.0,0.0,0.0,0.0
pair_2b7d18dd9966,truthful_qa:0142,truthful_qa:0142:completion:0,truthful_qa:0142:completion:1,,ambiguous,cross-objective tradeoff,7.0,7.0,abstained,,0.25,-0.25,0.25,-0.5
pair_3fb37251592d,truthful_qa:0142,truthful_qa:0142:completion:2,truthful_qa:0142:completion:1,truthful_qa:0142:completion:2,defended,"lower-bound Pareto dominance: helpfulness, honesty, instruction_following",8.0,7.0,agree,truthful_qa:0142:completion:2,0.25,0.5,0.5,0.0
pair_73ddac61c618,truthful_qa:0142,truthful_qa:0142:completion:3,truthful_qa:0142:completion:0,truthful_qa:0142:completion:3,defended,"lower-bound Pareto dominance: honesty, truthfulness",7.0,7.0,overall_tie,,0.0,0.5,0.0,0.5
pair_74517f29d1a7,truthful_qa:0142,truthful_qa:0142:completion:3,truthful_qa:0142:completion:1,truthful_qa:0142:completion:3,defended,"lower-bound Pareto dominance: helpfulness, honesty, instruction_following",7.0,7.0,overall_tie,,0.25,0.25,0.25,0.0
pair_af69580a8f6f,truthful_qa:0142,truthful_qa:0142:completion:2,truthful_qa:0142:completion:0,truthful_qa:0142:completion:2,defended,"lower-bound Pareto dominance: honesty, instruction_following, truthfulness",8.0,7.0,agree,truthful_qa:0142:completion:2,0.0,0.75,0.25,0.5
pair_f220711ecd81,truthful_qa:0142,truthful_qa:0142:completion:2,truthful_qa:0142:completion:3,truthful_qa:0142:completion:2,defended,"lower-bound Pareto dominance: honesty, instruction_following",8.0,7.0,agree,truthful_qa:0142:completion:2,0.0,0.25,0.25,0.0
pair_2104318364c3,truthful_qa:0143,truthful_qa:0143:completion:1,truthful_qa:0143:completion:0,truthful_qa:0143:completion:1,defended,"lower-bound Pareto dominance: helpfulness, honesty, instruction_following",7.5,8.0,disagree,,0.25,0.25,0.25,0.0
pair_4bbb2ebd7227,truthful_qa:0143,truthful_qa:0143:completion:3,truthful_qa:0143:completion:0,truthful_qa:0143:completion:3,defended,"lower-bound Pareto dominance: helpfulness, honesty, instruction_following",9.0,8.0,agree,truthful_qa:0143:completion:3,0.25,0.25,0.5,0.0
pair_7a655595d072,truthful_qa:0143,truthful_qa:0143:completion:2,truthful_qa:0143:completion:3,,ambiguous,equivalent within epsilon,9.0,9.0,abstained,,0.0,0.0,0.0,0.0
pair_8ac19194662a,truthful_qa:0143,truthful_qa:0143:completion:2,truthful_qa:0143:completion:0,truthful_qa:0143:completion:2,defended,"lower-bound Pareto dominance: helpfulness, honesty, instruction_following",9.0,8.0,agree,truthful_qa:0143:completion:2,0.25,0.25,0.5,0.0
pair_b5c3cfb87b2a,truthful_qa:0143,truthful_qa:0143:completion:2,truthful_qa:0143:completion:1,truthful_qa:0143:completion:2,defended,lower-bound Pareto dominance: instruction_following,9.0,7.5,agree,truthful_qa:0143:completion:2,0.0,0.0,0.25,0.0
pair_c3c61127703a,truthful_qa:0143,truthful_qa:0143:completion:3,truthful_qa:0143:completion:1,truthful_qa:0143:completion:3,defended,lower-bound Pareto dominance: instruction_following,9.0,7.5,agree,truthful_qa:0143:completion:3,0.0,0.0,0.25,0.0
pair_1fc176b6b595,truthful_qa:0144,truthful_qa:0144:completion:0,truthful_qa:0144:completion:2,,ambiguous,cross-objective tradeoff,7.5,7.0,abstained,truthful_qa:0144:completion:0,-1.0,1.0,0.5,-1.0
pair_3769ee36c4c5,truthful_qa:0144,truthful_qa:0144:completion:2,truthful_qa:0144:completion:3,,ambiguous,cross-objective tradeoff,7.0,7.0,abstained,,1.0,-1.0,-0.25,1.0
pair_5fa78922ca79,truthful_qa:0144,truthful_qa:0144:completion:3,truthful_qa:0144:completion:1,truthful_qa:0144:completion:3,defended,lower-bound Pareto dominance: honesty,7.0,4.0,agree,,0.0,0.25,0.0,0.0
pair_66795aed55f2,truthful_qa:0144,truthful_qa:0144:completion:0,truthful_qa:0144:completion:3,truthful_qa:0144:completion:0,defended,lower-bound Pareto dominance: instruction_following,7.5,7.0,agree,truthful_qa:0144:completion:0,0.0,0.0,0.25,0.0
pair_94167d5fa060,truthful_qa:0144,truthful_qa:0144:completion:1,truthful_qa:0144:completion:2,,ambiguous,cross-objective tradeoff,4.0,7.0,abstained,,-1.0,0.75,0.25,-1.0
pair_9f9e419bd2c3,truthful_qa:0144,truthful_qa:0144:completion:0,truthful_qa:0144:completion:1,truthful_qa:0144:completion:0,defended,"lower-bound Pareto dominance: honesty, instruction_following",7.5,4.0,agree,truthful_qa:0144:completion:0,0.0,0.25,0.25,0.0
pair_304107faff72,truthful_qa:0145,truthful_qa:0145:completion:2,truthful_qa:0145:completion:0,truthful_qa:0145:completion:2,defended,"lower-bound Pareto dominance: helpfulness, honesty, instruction_following, truthfulness",9.0,4.0,agree,truthful_qa:0145:completion:2,0.75,0.5,0.5,0.5
pair_5239f8244d51,truthful_qa:0145,truthful_qa:0145:completion:3,truthful_qa:0145:completion:0,truthful_qa:0145:completion:3,defended,"lower-bound Pareto dominance: helpfulness, honesty, instruction_following, truthfulness",9.0,4.0,agree,truthful_qa:0145:completion:3,0.75,0.75,0.75,0.5
pair_5c236c961a9f,truthful_qa:0145,truthful_qa:0145:completion:1,truthful_qa:0145:completion:2,truthful_qa:0145:completion:1,defended,"lower-bound Pareto dominance: helpfulness, honesty",8.0,9.0,disagree,truthful_qa:0145:completion:2,0.25,0.25,0.0,0.0
pair_887ef2d317a8,truthful_qa:0145,truthful_qa:0145:completion:1,truthful_qa:0145:completion:3,,ambiguous,cross-objective tradeoff,8.0,9.0,abstained,truthful_qa:0145:completion:3,0.25,0.0,-0.25,0.0
pair_90d9e777406d,truthful_qa:0145,truthful_qa:0145:completion:1,truthful_qa:0145:completion:0,truthful_qa:0145:completion:1,defended,"lower-bound Pareto dominance: helpfulness, honesty, instruction_following, truthfulness",8.0,4.0,agree,,1.0,0.75,0.5,0.5
pair_f5cbc2692bba,truthful_qa:0145,truthful_qa:0145:completion:3,truthful_qa:0145:completion:2,truthful_qa:0145:completion:3,defended,"lower-bound Pareto dominance: honesty, instruction_following",9.0,9.0,overall_tie,,0.0,0.25,0.25,0.0
pair_48aaf4ec012f,truthful_qa:0146,truthful_qa:0146:completion:3,truthful_qa:0146:completion:0,truthful_qa:0146:completion:3,defended,"lower-bound Pareto dominance: helpfulness, honesty, instruction_following, truthfulness",7.5,6.0,agree,,0.25,0.75,0.25,0.5
pair_8efae3b2e0a8,truthful_qa:0146,truthful_qa:0146:completion:2,truthful_qa:0146:completion:0,truthful_qa:0146:completion:2,defended,"lower-bound Pareto dominance: helpfulness, honesty, instruction_following, truthfulness",6.0,6.0,overall_tie,,0.25,0.75,0.5,0.5
pair_c1bd2dbf1fe4,truthful_qa:0146,truthful_qa:0146:completion:1,truthful_qa:0146:completion:3,,ambiguous,cross-objective tradeoff,8.0,7.5,abstained,truthful_qa:0146:completion:1,0.25,0.0,0.25,-0.25
pair_ec206e499b81,truthful_qa:0146,truthful_qa:0146:completion:1,truthful_qa:0146:completion:2,,ambiguous,cross-objective tradeoff,8.0,6.0,abstained,truthful_qa:0146:completion:1,0.25,0.0,0.0,-0.25
pair_faeab5a92530,truthful_qa:0146,truthful_qa:0146:completion:2,truthful_qa:0146:completion:3,truthful_qa:0146:completion:2,defended,lower-bound Pareto dominance: instruction_following,6.0,7.5,disagree,,0.0,0.0,0.25,0.0
pair_fc1751ae23ba,truthful_qa:0146,truthful_qa:0146:completion:1,truthful_qa:0146:completion:0,truthful_qa:0146:completion:1,defended,"lower-bound Pareto dominance: helpfulness, honesty, instruction_following, truthfulness",8.0,6.0,agree,truthful_qa:0146:completion:1,0.5,0.75,0.5,0.25
pair_0c38aec2a4aa,truthful_qa:0147,truthful_qa:0147:completion:1,truthful_qa:0147:completion:3,,ambiguous,cross-objective tradeoff,8.0,7.0,abstained,,-0.25,0.25,0.25,0.25
pair_15c145a363a1,truthful_qa:0147,truthful_qa:0147:completion:0,truthful_qa:0147:completion:3,,ambiguous,cross-objective tradeoff,9.0,7.0,abstained,truthful_qa:0147:completion:0,-0.25,0.25,0.25,0.25
pair_2edefc6cba4c,truthful_qa:0147,truthful_qa:0147:completion:2,truthful_qa:0147:completion:1,truthful_qa:0147:completion:2,defended,lower-bound Pareto dominance: helpfulness,8.5,8.0,agree,,0.5,0.0,0.0,0.0
pair_36399c9d45c6,truthful_qa:0147,truthful_qa:0147:completion:2,truthful_qa:0147:completion:3,truthful_qa:0147:completion:2,defended,"lower-bound Pareto dominance: helpfulness, honesty, instruction_following, truthfulness",8.5,7.0,agree,,0.25,0.25,0.25,0.25
pair_534dfcb73d37,truthful_qa:0147,truthful_qa:0147:completion:2,truthful_qa:0147:completion:0,truthful_qa:0147:completion:2,defended,lower-bound Pareto dominance: helpfulness,8.5,9.0,disagree,truthful_qa:0147:completion:0,0.5,0.0,0.0,0.0
pair_af6c7a080ab5,truthful_qa:0147,truthful_qa:0147:completion:0,truthful_qa:0147:completion:1,,ambiguous,equivalent within epsilon,9.0,8.0,abstained,truthful_qa:0147:completion:0,0.0,0.0,0.0,0.0
pair_2250284b5dd3,truthful_qa:0148,truthful_qa:0148:completion:1,truthful_qa:0148:completion:0,truthful_qa:0148:completion:1,defended,"lower-bound Pareto dominance: helpfulness, honesty, instruction_following, truthfulness",8.0,3.0,agree,truthful_qa:0148:completion:1,0.75,1.0,0.75,1.0
pair_4e99c137a65e,truthful_qa:0148,truthful_qa:0148:completion:1,truthful_qa:0148:completion:3,truthful_qa:0148:completion:1,defended,"lower-bound Pareto dominance: helpfulness, instruction_following",8.0,8.0,overall_tie,,0.25,0.0,0.25,0.0
pair_b4ea0ca5d039,truthful_qa:0148,truthful_qa:0148:completion:1,truthful_qa:0148:completion:2,truthful_qa:0148:completion:1,defended,"lower-bound Pareto dominance: helpfulness, honesty, instruction_following, truthfulness",8.0,3.0,agree,truthful_qa:0148:completion:1,0.75,1.0,0.75,1.0
pair_ee60a7edb67c,truthful_qa:0148,truthful_qa:0148:completion:0,truthful_qa:0148:completion:2,,ambiguous,equivalent within epsilon,3.0,3.0,abstained,,0.0,0.0,0.0,0.0
pair_eff3208b7b01,truthful_qa:0148,truthful_qa:0148:completion:3,truthful_qa:0148:completion:2,truthful_qa:0148:completion:3,defended,"lower-bound Pareto dominance: helpfulness, honesty, instruction_following, truthfulness",8.0,3.0,agree,truthful_qa:0148:completion:3,0.5,1.0,0.5,1.0
pair_f25bf009ae01,truthful_qa:0148,truthful_qa:0148:completion:3,truthful_qa:0148:completion:0,truthful_qa:0148:completion:3,defended,"lower-bound Pareto dominance: helpfulness, honesty, instruction_following, truthfulness",8.0,3.0,agree,truthful_qa:0148:completion:3,0.5,1.0,0.5,1.0
pair_24b669f15589,truthful_qa:0149,truthful_qa:0149:completion:1,truthful_qa:0149:completion:2,,ambiguous,cross-objective tradeoff,8.5,7.0,abstained,truthful_qa:0149:completion:1,0.0,0.25,-0.5,-0.25
pair_302ea6c81ba3,truthful_qa:0149,truthful_qa:0149:completion:1,truthful_qa:0149:completion:3,,ambiguous,cross-objective tradeoff,8.5,6.0,abstained,truthful_qa:0149:completion:1,0.25,0.25,-0.5,-0.25
pair_530d3f09ec66,truthful_qa:0149,truthful_qa:0149:completion:0,truthful_qa:0149:completion:1,,ambiguous,cross-objective tradeoff,4.0,8.5,abstained,truthful_qa:0149:completion:1,-0.75,-1.0,0.25,-0.75
pair_c94dcb9a9573,truthful_qa:0149,truthful_qa:0149:completion:3,truthful_qa:0149:completion:0,truthful_qa:0149:completion:3,defended,"lower-bound Pareto dominance: helpfulness, honesty, instruction_following, truthfulness",6.0,4.0,agree,,0.5,0.75,0.25,1.0
pair_da5b4d8e3ac0,truthful_qa:0149,truthful_qa:0149:completion:2,truthful_qa:0149:completion:0,truthful_qa:0149:completion:2,defended,"lower-bound Pareto dominance: helpfulness, honesty, instruction_following, truthfulness",7.0,4.0,agree,,0.75,0.75,0.25,1.0
pair_e8e87fa99383,truthful_qa:0149,truthful_qa:0149:completion:2,truthful_qa:0149:completion:3,truthful_qa:0149:completion:2,defended,lower-bound Pareto dominance: helpfulness,7.0,6.0,agree,,0.25,0.0,0.0,0.0
pair_256ce1b7fed8,truthful_qa:0150,truthful_qa:0150:completion:1,truthful_qa:0150:completion:3,truthful_qa:0150:completion:1,defended,"lower-bound Pareto dominance: helpfulness, honesty, instruction_following",8.5,8.0,agree,truthful_qa:0150:completion:1,0.5,0.25,0.5,0.0
pair_407841bd9ba4,truthful_qa:0150,truthful_qa:0150:completion:1,truthful_qa:0150:completion:0,truthful_qa:0150:completion:1,defended,"lower-bound Pareto dominance: helpfulness, instruction_following",8.5,7.5,agree,truthful_qa:0150:completion:1,0.25,0.0,0.25,0.0
pair_445046d0fd52,truthful_qa:0150,truthful_qa:0150:completion:2,truthful_qa:0150:completion:3,truthful_qa:0150:completion:2,defended,"lower-bound Pareto dominance: helpfulness, instruction_following",7.0,8.0,disagree,,0.25,0.0,0.25,0.0
pair_83c4e75f5520,truthful_qa:0150,truthful_qa:0150:completion:0,truthful_qa:0150:completion:3,truthful_qa:0150:completion:0,defended,"lower-bound Pareto dominance: helpfulness, honesty, instruction_following",7.5,8.0,disagree,,0.25,0.25,0.25,0.0
pair_f1fd7a664f6a,truthful_qa:0150,truthful_qa:0150:completion:1,truthful_qa:0150:completion:2,truthful_qa:0150:completion:1,defended,"lower-bound Pareto dominance: helpfulness, honesty, instruction_following",8.5,7.0,agree,truthful_qa:0150:completion:1,0.25,0.25,0.25,0.0
pair_fc84bc791da2,truthful_qa:0150,truthful_qa:0150:completion:0,truthful_qa:0150:completion:2,truthful_qa:0150:completion:0,defended,lower-bound Pareto dominance: honesty,7.5,7.0,agree,,0.0,0.25,0.0,0.0
pair_045cfa4211ad,truthful_qa:0151,truthful_qa:0151:completion:1,truthful_qa:0151:completion:3,,ambiguous,cross-objective tradeoff,8.5,9.0,abstained,truthful_qa:0151:completion:3,0.25,0.0,-0.25,0.0
pair_05883c21f7d1,truthful_qa:0151,truthful_qa:0151:completion:0,truthful_qa:0151:completion:1,,ambiguous,cross-objective tradeoff,8.0,8.5,abstained,,-0.25,0.0,0.25,0.0
pair_2a523525ccb3,truthful_qa:0151,truthful_qa:0151:completion:3,truthful_qa:0151:completion:2,truthful_qa:0151:completion:3,defended,"lower-bound Pareto dominance: helpfulness, honesty, instruction_following",9.0,8.5,agree,truthful_qa:0151:completion:3,0.25,0.25,0.25,0.0
pair_41da3bffadb4,truthful_qa:0151,truthful_qa:0151:completion:0,truthful_qa:0151:completion:3,,ambiguous,equivalent within epsilon,8.0,9.0,abstained,truthful_qa:0151:completion:3,0.0,0.0,0.0,0.0
pair_73ba6e36e83a,truthful_qa:0151,truthful_qa:0151:completion:1,truthful_qa:0151:completion:2,truthful_qa:0151:completion:1,defended,"lower-bound Pareto dominance: helpfulness, honesty",8.5,8.5,overall_tie,,0.5,0.25,0.0,0.0
pair_8a6f5e1e01e4,truthful_qa:0151,truthful_qa:0151:completion:0,truthful_qa:0151:completion:2,truthful_qa:0151:completion:0,defended,"lower-bound Pareto dominance: helpfulness, honesty, instruction_following",8.0,8.5,disagree,,0.25,0.25,0.25,0.0
pair_6d7c8f6b6aea,truthful_qa:0152,truthful_qa:0152:completion:1,truthful_qa:0152:completion:0,truthful_qa:0152:completion:1,defended,"lower-bound Pareto dominance: helpfulness, instruction_following",8.0,7.0,agree,truthful_qa:0152:completion:1,0.5,0.0,0.25,0.0
pair_7dd4878dd7bb,truthful_qa:0152,truthful_qa:0152:completion:2,truthful_qa:0152:completion:3,truthful_qa:0152:completion:2,defended,"lower-bound Pareto dominance: helpfulness, instruction_following",7.0,8.0,disagree,truthful_qa:0152:completion:3,0.25,0.0,0.25,0.0
pair_826e0bfdc194,truthful_qa:0152,truthful_qa:0152:completion:0,truthful_qa:0152:completion:2,,ambiguous,cross-objective tradeoff,7.0,7.0,abstained,,-0.25,0.25,-0.25,0.0
pair_baa0daf4e154,truthful_qa:0152,truthful_qa:0152:completion:1,truthful_qa:0152:completion:2,truthful_qa:0152:completion:1,defended,"lower-bound Pareto dominance: helpfulness, honesty",8.0,7.0,agree,truthful_qa:0152:completion:1,0.25,0.25,0.0,0.0
pair_c227807b025b,truthful_qa:0152,truthful_qa:0152:completion:0,truthful_qa:0152:completion:3,truthful_qa:0152:completion:0,defended,lower-bound Pareto dominance: honesty,7.0,8.0,disagree,truthful_qa:0152:completion:3,0.0,0.25,0.0,0.0
pair_e626e7bf9b6c,truthful_qa:0152,truthful_qa:0152:completion:1,truthful_qa:0152:completion:3,truthful_qa:0152:completion:1,defended,"lower-bound Pareto dominance: helpfulness, honesty, instruction_following",8.0,8.0,overall_tie,,0.5,0.25,0.25,0.0
pair_09725a923991,truthful_qa:0153,truthful_qa:0153:completion:3,truthful_qa:0153:completion:2,truthful_qa:0153:completion:3,defended,lower-bound Pareto dominance: instruction_following,8.5,8.5,overall_tie,,0.0,0.0,0.25,0.0
pair_28e47216d542,truthful_qa:0153,truthful_qa:0153:completion:1,truthful_qa:0153:completion:2,,ambiguous,cross-objective tradeoff,7.5,8.5,abstained,truthful_qa:0153:completion:2,0.25,-0.25,0.25,0.0
pair_67a11ff8a70d,truthful_qa:0153,truthful_qa:0153:completion:0,truthful_qa:0153:completion:2,truthful_qa:0153:completion:0,defended,lower-bound Pareto dominance: instruction_following,8.5,8.5,overall_tie,,0.0,0.0,0.25,0.0
pair_7c8424593775,truthful_qa:0153,truthful_qa:0153:completion:1,truthful_qa:0153:completion:3,,ambiguous,cross-objective tradeoff,7.5,8.5,abstained,truthful_qa:0153:completion:3,0.25,-0.25,0.0,0.0
pair_a9833df1d1a3,truthful_qa:0153,truthful_qa:0153:completion:0,truthful_qa:0153:completion:3,,ambiguous,equivalent within epsilon,8.5,8.5,abstained,,0.0,0.0,0.0,0.0
pair_e81b096fbaa3,truthful_qa:0153,truthful_qa:0153:completion:0,truthful_qa:0153:completion:1,,ambiguous,cross-objective tradeoff,8.5,7.5,abstained,truthful_qa:0153:completion:0,-0.25,0.25,0.0,0.0
pair_30e78b3f10a2,truthful_qa:0154,truthful_qa:0154:completion:1,truthful_qa:0154:completion:0,truthful_qa:0154:completion:1,defended,"lower-bound Pareto dominance: helpfulness, honesty, instruction_following, truthfulness",6.0,6.0,overall_tie,,0.75,0.25,0.5,0.5
pair_4ef2a2e2368b,truthful_qa:0154,truthful_qa:0154:completion:2,truthful_qa:0154:completion:3,,ambiguous,cross-objective tradeoff,5.0,7.0,abstained,truthful_qa:0154:completion:3,-0.25,0.0,0.25,-0.75
pair_5e8b47fa3495,truthful_qa:0154,truthful_qa:0154:completion:1,truthful_qa:0154:completion:3,,ambiguous,cross-objective tradeoff,6.0,7.0,abstained,truthful_qa:0154:completion:3,0.25,-0.25,0.25,0.0
pair_9f59d2743bb7,truthful_qa:0154,truthful_qa:0154:completion:0,truthful_qa:0154:completion:2,,ambiguous,cross-objective tradeoff,6.0,5.0,abstained,,-0.25,-0.5,-0.5,0.25
pair_e6d618803abc,truthful_qa:0154,truthful_qa:0154:completion:1,truthful_qa:0154:completion:2,,ambiguous,cross-objective tradeoff,6.0,5.0,abstained,,0.5,-0.25,0.0,0.75
pair_fcf4aba48ad7,truthful_qa:0154,truthful_qa:0154:completion:3,truthful_qa:0154:completion:0,truthful_qa:0154:completion:3,defended,"lower-bound Pareto dominance: helpfulness, honesty, instruction_following, truthfulness",7.0,6.0,agree,truthful_qa:0154:completion:3,0.5,0.5,0.25,0.5
pair_0b353157dc48,truthful_qa:0155,truthful_qa:0155:completion:0,truthful_qa:0155:completion:3,,ambiguous,cross-objective tradeoff,9.5,8.0,abstained,truthful_qa:0155:completion:0,0.0,0.25,-0.25,0.5
pair_65d889493a9c,truthful_qa:0155,truthful_qa:0155:completion:2,truthful_qa:0155:completion:3,,ambiguous,cross-objective tradeoff,6.0,8.0,abstained,,0.0,0.5,-0.75,0.5
pair_67325e810458,truthful_qa:0155,truthful_qa:0155:completion:1,truthful_qa:0155:completion:2,,ambiguous,cross-objective tradeoff,8.5,6.0,abstained,,0.0,-0.25,0.5,0.0
pair_7756c4216a1d,truthful_qa:0155,truthful_qa:0155:completion:0,truthful_qa:0155:completion:1,,ambiguous,equivalent within epsilon,9.5,8.5,abstained,truthful_qa:0155:completion:0,0.0,0.0,0.0,0.0
pair_c90407a16186,truthful_qa:0155,truthful_qa:0155:completion:0,truthful_qa:0155:completion:2,,ambiguous,cross-objective tradeoff,9.5,6.0,abstained,truthful_qa:0155:completion:0,0.0,-0.25,0.5,0.0
pair_d9e43775ca9d,truthful_qa:0155,truthful_qa:0155:completion:1,truthful_qa:0155:completion:3,,ambiguous,cross-objective tradeoff,8.5,8.0,abstained,,0.0,0.25,-0.25,0.5
pair_28b2e5f509d4,truthful_qa:0156,truthful_qa:0156:completion:1,truthful_qa:0156:completion:0,truthful_qa:0156:completion:1,defended,"lower-bound Pareto dominance: helpfulness, honesty, instruction_following, truthfulness",8.5,6.5,agree,truthful_qa:0156:completion:1,0.25,0.25,0.25,0.25
pair_368af19fd110,truthful_qa:0156,truthful_qa:0156:completion:3,truthful_qa:0156:completion:1,truthful_qa:0156:completion:3,defended,"lower-bound Pareto dominance: helpfulness, honesty, instruction_following",8.0,8.5,disagree,truthful_qa:0156:completion:1,0.5,0.25,0.25,0.0
pair_75d70eb6d354,truthful_qa:0156,truthful_qa:0156:completion:2,truthful_qa:0156:completion:1,truthful_qa:0156:completion:2,defended,"lower-bound Pareto dominance: helpfulness, honesty, instruction_following",8.5,8.5,overall_tie,,0.25,0.25,0.25,0.0
pair_be5c26baedd1,truthful_qa:0156,truthful_qa:0156:completion:2,truthful_qa:0156:completion:0,truthful_qa:0156:completion:2,defended,"lower-bound Pareto dominance: helpfulness, honesty, instruction_following, truthfulness",8.5,6.5,agree,truthful_qa:0156:completion:2,0.5,0.5,0.5,0.25
pair_f4480f80f887,truthful_qa:0156,truthful_qa:0156:completion:3,truthful_qa:0156:completion:2,truthful_qa:0156:completion:3,defended,lower-bound Pareto dominance: helpfulness,8.0,8.5,disagree,truthful_qa:0156:completion:2,0.25,0.0,0.0,0.0
pair_f76b09fe1253,truthful_qa:0156,truthful_qa:0156:completion:3,truthful_qa:0156:completion:0,truthful_qa:0156:completion:3,defended,"lower-bound Pareto dominance: helpfulness, honesty, instruction_following, truthfulness",8.0,6.5,agree,,0.75,0.5,0.5,0.25
pair_3b57e6f0fa38,truthful_qa:0157,truthful_qa:0157:completion:2,truthful_qa:0157:completion:3,,ambiguous,cross-objective tradeoff,8.5,7.0,abstained,truthful_qa:0157:completion:2,0.5,-0.5,0.5,0.5
pair_4b384f5f6f80,truthful_qa:0157,truthful_qa:0157:completion:0,truthful_qa:0157:completion:2,,ambiguous,cross-objective tradeoff,7.5,8.5,abstained,truthful_qa:0157:completion:2,-0.5,0.75,-0.25,-0.5
pair_61720954399e,truthful_qa:0157,truthful_qa:0157:completion:1,truthful_qa:0157:completion:3,truthful_qa:0157:completion:1,defended,"lower-bound Pareto dominance: honesty, instruction_following",8.0,7.0,agree,,0.0,0.25,0.25,0.0
pair_66ce20620aff,truthful_qa:0157,truthful_qa:0157:completion:1,truthful_qa:0157:completion:2,,ambiguous,cross-objective tradeoff,8.0,8.5,abstained,truthful_qa:0157:completion:2,-0.5,0.75,-0.25,-0.5
pair_744969b8446e,truthful_qa:0157,truthful_qa:0157:completion:0,truthful_qa:0157:completion:3,truthful_qa:0157:completion:0,defended,"lower-bound Pareto dominance: honesty, instruction_following",7.5,7.0,agree,,0.0,0.25,0.25,0.0
pair_9e2098652380,truthful_qa:0157,truthful_qa:0157:completion:0,truthful_qa:0157:completion:1,,ambiguous,equivalent within epsilon,7.5,8.0,abstained,,0.0,0.0,0.0,0.0
pair_27a0fd8593f5,truthful_qa:0158,truthful_qa:0158:completion:0,truthful_qa:0158:completion:1,truthful_qa:0158:completion:0,defended,"lower-bound Pareto dominance: helpfulness, honesty, instruction_following, truthfulness",8.5,3.0,agree,truthful_qa:0158:completion:0,0.75,1.0,1.0,0.75
pair_526bdc66d899,truthful_qa:0158,truthful_qa:0158:completion:3,truthful_qa:0158:completion:2,truthful_qa:0158:completion:3,defended,"lower-bound Pareto dominance: helpfulness, honesty, instruction_following, truthfulness",7.5,5.0,agree,,0.25,0.5,0.75,0.75
pair_691007664bc5,truthful_qa:0158,truthful_qa:0158:completion:0,truthful_qa:0158:completion:2,truthful_qa:0158:completion:0,defended,"lower-bound Pareto dominance: helpfulness, honesty, instruction_following, truthfulness",8.5,5.0,agree,truthful_qa:0158:completion:0,0.5,0.75,0.75,0.75
pair_959f49504afb,truthful_qa:0158,truthful_qa:0158:completion:0,truthful_qa:0158:completion:3,truthful_qa:0158:completion:0,defended,"lower-bound Pareto dominance: helpfulness, honesty",8.5,7.5,agree,truthful_qa:0158:completion:0,0.25,0.25,0.0,0.0
pair_cb632fc8f6b6,truthful_qa:0158,truthful_qa:0158:completion:2,truthful_qa:0158:completion:1,truthful_qa:0158:completion:2,defended,"lower-bound Pareto dominance: helpfulness, honesty, instruction_following",5.0,3.0,agree,,0.25,0.25,0.25,0.0
pair_ec2645124db9,truthful_qa:0158,truthful_qa:0158:completion:3,truthful_qa:0158:completion:1,truthful_qa:0158:completion:3,defended,"lower-bound Pareto dominance: helpfulness, honesty, instruction_following, truthfulness",7.5,3.0,agree,,0.5,0.75,1.0,0.75
pair_1e6b7e27d45b,truthful_qa:0159,truthful_qa:0159:completion:0,truthful_qa:0159:completion:1,truthful_qa:0159:completion:0,defended,lower-bound Pareto dominance: honesty,7.5,6.0,agree,,0.0,0.25,0.0,0.0
pair_3253b38f8387,truthful_qa:0159,truthful_qa:0159:completion:1,truthful_qa:0159:completion:3,,ambiguous,cross-objective tradeoff,6.0,9.0,abstained,truthful_qa:0159:completion:3,0.25,-0.25,0.25,0.0
pair_39edbee2f1bb,truthful_qa:0159,truthful_qa:0159:completion:0,truthful_qa:0159:completion:2,,ambiguous,cross-objective tradeoff,7.5,8.5,abstained,,0.0,0.5,-0.25,0.0
pair_63566383e3b3,truthful_qa:0159,truthful_qa:0159:completion:0,truthful_qa:0159:completion:3,truthful_qa:0159:completion:0,defended,"lower-bound Pareto dominance: helpfulness, instruction_following",7.5,9.0,disagree,truthful_qa:0159:completion:3,0.25,0.0,0.25,0.0
pair_f9125e89a308,truthful_qa:0159,truthful_qa:0159:completion:1,truthful_qa:0159:completion:2,,ambiguous,cross-objective tradeoff,6.0,8.5,abstained,,0.0,0.25,-0.25,0.0
pair_f98c34448af0,truthful_qa:0159,truthful_qa:0159:completion:2,truthful_qa:0159:completion:3,,ambiguous,cross-objective tradeoff,8.5,9.0,abstained,truthful_qa:0159:completion:3,0.25,-0.5,0.5,0.0
pair_03a1dada4e77,truthful_qa:0160,truthful_qa:0160:completion:0,truthful_qa:0160:completion:1,,ambiguous,cross-objective tradeoff,7.0,3.0,abstained,truthful_qa:0160:completion:0,-0.25,-0.25,0.5,0.0
pair_052b1a738027,truthful_qa:0160,truthful_qa:0160:completion:0,truthful_qa:0160:completion:2,,ambiguous,cross-objective tradeoff,7.0,6.0,abstained,truthful_qa:0160:completion:0,-0.25,-1.0,0.5,0.0
pair_0f5eaec6cf80,truthful_qa:0160,truthful_qa:0160:completion:2,truthful_qa:0160:completion:1,truthful_qa:0160:completion:2,defended,lower-bound Pareto dominance: honesty,6.0,3.0,agree,,0.0,0.75,0.0,0.0
pair_16f67484a64c,truthful_qa:0160,truthful_qa:0160:completion:0,truthful_qa:0160:completion:3,,ambiguous,cross-objective tradeoff,7.0,5.0,abstained,truthful_qa:0160:completion:0,-0.25,-0.75,0.5,0.0
pair_4336bb7b4cfe,truthful_qa:0160,truthful_qa:0160:completion:2,truthful_qa:0160:completion:3,truthful_qa:0160:completion:2,defended,lower-bound Pareto dominance: honesty,6.0,5.0,agree,,0.0,0.25,0.0,0.0
pair_75cd5c1963b6,truthful_qa:0160,truthful_qa:0160:completion:3,truthful_qa:0160:completion:1,truthful_qa:0160:completion:3,defended,lower-bound Pareto dominance: honesty,5.0,3.0,agree,,0.0,0.5,0.0,0.0
pair_0f450b65c366,truthful_qa:0161,truthful_qa:0161:completion:0,truthful_qa:0161:completion:2,truthful_qa:0161:completion:0,defended,"lower-bound Pareto dominance: honesty, instruction_following, truthfulness",7.5,7.5,overall_tie,,0.0,0.25,0.25,0.25
pair_322ecce8be68,truthful_qa:0161,truthful_qa:0161:completion:3,truthful_qa:0161:completion:1,truthful_qa:0161:completion:3,defended,lower-bound Pareto dominance: helpfulness,9.0,7.0,agree,truthful_qa:0161:completion:3,0.25,0.0,0.0,0.0
pair_b617b691ce1a,truthful_qa:0161,truthful_qa:0161:completion:0,truthful_qa:0161:completion:1,truthful_qa:0161:completion:0,defended,lower-bound Pareto dominance: helpfulness,7.5,7.0,agree,,0.25,0.0,0.0,0.0
pair_b9e7a3c250a9,truthful_qa:0161,truthful_qa:0161:completion:3,truthful_qa:0161:completion:2,truthful_qa:0161:completion:3,defended,"lower-bound Pareto dominance: honesty, instruction_following, truthfulness",9.0,7.5,agree,truthful_qa:0161:completion:3,0.0,0.25,0.25,0.25
pair_d002a1c8d2a4,truthful_qa:0161,truthful_qa:0161:completion:0,truthful_qa:0161:completion:3,,ambiguous,equivalent within epsilon,7.5,9.0,abstained,truthful_qa:0161:completion:3,0.0,0.0,0.0,0.0
pair_ed03921aa0fd,truthful_qa:0161,truthful_qa:0161:completion:1,truthful_qa:0161:completion:2,,ambiguous,cross-objective tradeoff,7.0,7.5,abstained,,-0.25,0.25,0.25,0.25
pair_07a773a19284,truthful_qa:0162,truthful_qa:0162:completion:0,truthful_qa:0162:completion:1,truthful_qa:0162:completion:0,defended,"lower-bound Pareto dominance: helpfulness, honesty, truthfulness",7.0,7.0,overall_tie,,0.25,0.25,0.0,0.25
pair_0fa6261127df,truthful_qa:0162,truthful_qa:0162:completion:0,truthful_qa:0162:completion:2,truthful_qa:0162:completion:0,defended,"lower-bound Pareto dominance: helpfulness, honesty, truthfulness",7.0,7.0,overall_tie,,0.25,0.25,0.0,0.25
pair_1a1bfece49aa,truthful_qa:0162,truthful_qa:0162:completion:3,truthful_qa:0162:completion:1,truthful_qa:0162:completion:3,defended,"lower-bound Pareto dominance: helpfulness, honesty, instruction_following, truthfulness",7.0,7.0,overall_tie,,0.25,0.25,0.25,0.25
pair_5cf5756473f6,truthful_qa:0162,truthful_qa:0162:completion:1,truthful_qa:0162:completion:2,,ambiguous,equivalent within epsilon,7.0,7.0,abstained,,0.0,0.0,0.0,0.0
pair_bfbcf515df78,truthful_qa:0162,truthful_qa:0162:completion:3,truthful_qa:0162:completion:2,truthful_qa:0162:completion:3,defended,"lower-bound Pareto dominance: helpfulness, honesty, instruction_following, truthfulness",7.0,7.0,overall_tie,,0.25,0.25,0.25,0.25
pair_e5b9fbb54bbf,truthful_qa:0162,truthful_qa:0162:completion:3,truthful_qa:0162:completion:0,truthful_qa:0162:completion:3,defended,lower-bound Pareto dominance: instruction_following,7.0,7.0,overall_tie,,0.0,0.0,0.25,0.0
pair_3854d0df7145,truthful_qa:0163,truthful_qa:0163:completion:2,truthful_qa:0163:completion:3,truthful_qa:0163:completion:2,defended,lower-bound Pareto dominance: helpfulness,8.0,8.5,disagree,,0.25,0.0,0.0,0.0
pair_a9f0640c958b,truthful_qa:0163,truthful_qa:0163:completion:0,truthful_qa:0163:completion:3,,ambiguous,equivalent within epsilon,9.0,8.5,abstained,truthful_qa:0163:completion:0,0.0,0.0,0.0,0.0
pair_d9775ac9f4ef,truthful_qa:0163,truthful_qa:0163:completion:3,truthful_qa:0163:completion:1,truthful_qa:0163:completion:3,defended,"lower-bound Pareto dominance: helpfulness, instruction_following",8.5,8.5,overall_tie,,0.25,0.0,0.25,0.0
pair_df1d3bbd0748,truthful_qa:0163,truthful_qa:0163:completion:2,truthful_qa:0163:completion:0,truthful_qa:0163:completion:2,defended,lower-bound Pareto dominance: helpfulness,8.0,9.0,disagree,truthful_qa:0163:completion:0,0.25,0.0,0.0,0.0
pair_f225e3f743cb,truthful_qa:0163,truthful_qa:0163:completion:2,truthful_qa:0163:completion:1,truthful_qa:0163:completion:2,defended,"lower-bound Pareto dominance: helpfulness, instruction_following",8.0,8.5,disagree,,0.5,0.0,0.25,0.0
pair_ff49da6e1a7f,truthful_qa:0163,truthful_qa:0163:completion:0,truthful_qa:0163:completion:1,truthful_qa:0163:completion:0,defended,"lower-bound Pareto dominance: helpfulness, instruction_following",9.0,8.5,agree,truthful_qa:0163:completion:0,0.25,0.0,0.25,0.0
pair_0fd94a4a1615,truthful_qa:0164,truthful_qa:0164:completion:0,truthful_qa:0164:completion:3,,ambiguous,cross-objective tradeoff,6.5,7.5,abstained,,-0.25,0.0,-0.25,0.25
pair_152ce5c751a1,truthful_qa:0164,truthful_qa:0164:completion:0,truthful_qa:0164:completion:2,truthful_qa:0164:completion:0,defended,"lower-bound Pareto dominance: helpfulness, honesty, instruction_following, truthfulness",6.5,5.0,agree,,0.75,0.5,0.75,0.75
pair_3fe6f6998949,truthful_qa:0164,truthful_qa:0164:completion:3,truthful_qa:0164:completion:2,truthful_qa:0164:completion:3,defended,"lower-bound Pareto dominance: helpfulness, honesty, instruction_following, truthfulness",7.5,5.0,agree,,1.0,0.5,1.0,0.5
pair_b5852afd9ee8,truthful_qa:0164,truthful_qa:0164:completion:1,truthful_qa:0164:completion:3,,ambiguous,cross-objective tradeoff,8.5,7.5,abstained,truthful_qa:0164:completion:1,-0.25,0.0,-0.25,0.25
pair_dc65a3dd6ef3,truthful_qa:0164,truthful_qa:0164:completion:1,truthful_qa:0164:completion:2,truthful_qa:0164:completion:1,defended,"lower-bound Pareto dominance: helpfulness, honesty, instruction_following, truthfulness",8.5,5.0,agree,truthful_qa:0164:completion:1,0.75,0.5,0.75,0.75
pair_e9a061bdc379,truthful_qa:0164,truthful_qa:0164:completion:0,truthful_qa:0164:completion:1,,ambiguous,equivalent within epsilon,6.5,8.5,abstained,truthful_qa:0164:completion:1,0.0,0.0,0.0,0.0
pair_021060fb91c4,truthful_qa:0165,truthful_qa:0165:completion:3,truthful_qa:0165:completion:0,truthful_qa:0165:completion:3,defended,lower-bound Pareto dominance: honesty,9.0,7.0,agree,,0.0,0.25,0.0,0.0
pair_0a67ce7974bc,truthful_qa:0165,truthful_qa:0165:completion:2,truthful_qa:0165:completion:3,truthful_qa:0165:completion:2,defended,lower-bound Pareto dominance: helpfulness,9.5,9.0,agree,truthful_qa:0165:completion:2,0.25,0.0,0.0,0.0
pair_432503489bd1,truthful_qa:0165,truthful_qa:0165:completion:3,truthful_qa:0165:completion:1,truthful_qa:0165:completion:3,defended,"lower-bound Pareto dominance: honesty, instruction_following, truthfulness",9.0,8.0,agree,,0.0,0.25,0.25,0.25
pair_49dd62508db0,truthful_qa:0165,truthful_qa:0165:completion:2,truthful_qa:0165:completion:0,truthful_qa:0165:completion:2,defended,"lower-bound Pareto dominance: helpfulness, honesty",9.5,7.0,agree,truthful_qa:0165:completion:2,0.25,0.25,0.0,0.0
pair_d5d38f420e27,truthful_qa:0165,truthful_qa:0165:completion:2,truthful_qa:0165:completion:1,truthful_qa:0165:completion:2,defended,"lower-bound Pareto dominance: helpfulness, honesty, instruction_following, truthfulness",9.5,8.0,agree,truthful_qa:0165:completion:2,0.25,0.25,0.25,0.25
pair_eabe164ce2a9,truthful_qa:0165,truthful_qa:0165:completion:0,truthful_qa:0165:completion:1,truthful_qa:0165:completion:0,defended,"lower-bound Pareto dominance: instruction_following, truthfulness",7.0,8.0,disagree,,0.0,0.0,0.25,0.25
pair_6a6fba41d51f,truthful_qa:0166,truthful_qa:0166:completion:0,truthful_qa:0166:completion:1,,ambiguous,cross-objective tradeoff,6.5,8.0,abstained,truthful_qa:0166:completion:1,-0.5,0.0,0.5,0.5
pair_8f5949758f7a,truthful_qa:0166,truthful_qa:0166:completion:1,truthful_qa:0166:completion:3,,ambiguous,cross-objective tradeoff,8.0,6.0,abstained,truthful_qa:0166:completion:1,0.25,0.0,0.0,-0.5
pair_955e4a84b80a,truthful_qa:0166,truthful_qa:0166:completion:1,truthful_qa:0166:completion:2,,ambiguous,cross-objective tradeoff,8.0,7.0,abstained,truthful_qa:0166:completion:1,0.5,0.25,-0.25,-0.25
pair_cdcb6cfa9850,truthful_qa:0166,truthful_qa:0166:completion:2,truthful_qa:0166:completion:3,,ambiguous,cross-objective tradeoff,7.0,6.0,abstained,,-0.25,-0.25,0.25,-0.25
pair_cef4ec289336,truthful_qa:0166,truthful_qa:0166:completion:0,truthful_qa:0166:completion:2,truthful_qa:0166:completion:0,defended,"lower-bound Pareto dominance: honesty, instruction_following, truthfulness",6.5,7.0,disagree,,0.0,0.25,0.25,0.25
pair_d3f73f4634ac,truthful_qa:0166,truthful_qa:0166:completion:0,truthful_qa:0166:completion:3,,ambiguous,cross-objective tradeoff,6.5,6.0,abstained,,-0.25,0.0,0.5,0.0
pair_02170164039d,truthful_qa:0167,truthful_qa:0167:completion:2,truthful_qa:0167:completion:0,truthful_qa:0167:completion:2,defended,lower-bound Pareto dominance: instruction_following,8.5,8.0,agree,truthful_qa:0167:completion:2,0.0,0.0,0.25,0.0
pair_2f87f2257da9,truthful_qa:0167,truthful_qa:0167:completion:0,truthful_qa:0167:completion:3,truthful_qa:0167:completion:0,defended,"lower-bound Pareto dominance: helpfulness, instruction_following",8.0,8.5,disagree,truthful_qa:0167:completion:3,0.5,0.0,0.25,0.0
pair_58128a2ae38c,truthful_qa:0167,truthful_qa:0167:completion:2,truthful_qa:0167:completion:1,truthful_qa:0167:completion:2,defended,"lower-bound Pareto dominance: helpfulness, honesty, truthfulness",8.5,7.0,agree,truthful_qa:0167:completion:2,0.25,0.75,0.0,0.5
pair_61ff03205632,truthful_qa:0167,truthful_qa:0167:completion:1,truthful_qa:0167:completion:3,,ambiguous,cross-objective tradeoff,7.0,8.5,abstained,truthful_qa:0167:completion:3,0.25,-0.75,0.5,-0.5
pair_80b849217e32,truthful_qa:0167,truthful_qa:0167:completion:2,truthful_qa:0167:completion:3,truthful_qa:0167:completion:2,defended,"lower-bound Pareto dominance: helpfulness, instruction_following",8.5,8.5,overall_tie,,0.5,0.0,0.5,0.0
pair_d876dabcafbf,truthful_qa:0167,truthful_qa:0167:completion:0,truthful_qa:0167:completion:1,,ambiguous,cross-objective tradeoff,8.0,7.0,abstained,,0.25,0.75,-0.25,0.5
pair_2b2949f67230,truthful_qa:0168,truthful_qa:0168:completion:3,truthful_qa:0168:completion:2,truthful_qa:0168:completion:3,defended,"lower-bound Pareto dominance: honesty, instruction_following",8.0,7.0,agree,,0.0,0.5,0.25,0.0
pair_78b2d64cd0b6,truthful_qa:0168,truthful_qa:0168:completion:1,truthful_qa:0168:completion:3,truthful_qa:0168:completion:1,defended,lower-bound Pareto dominance: helpfulness,8.5,8.0,agree,truthful_qa:0168:completion:1,0.25,0.0,0.0,0.0
pair_7dbf6da4c330,truthful_qa:0168,truthful_qa:0168:completion:1,truthful_qa:0168:completion:2,truthful_qa:0168:completion:1,defended,"lower-bound Pareto dominance: helpfulness, honesty, instruction_following",8.5,7.0,agree,truthful_qa:0168:completion:1,0.25,0.5,0.25,0.0
pair_a677398be728,truthful_qa:0168,truthful_qa:0168:completion:2,truthful_qa:0168:completion:0,truthful_qa:0168:completion:2,defended,"lower-bound Pareto dominance: helpfulness, honesty, instruction_following",7.0,6.0,agree,,0.25,0.25,0.25,0.0
pair_ad80a5057f05,truthful_qa:0168,truthful_qa:0168:completion:3,truthful_qa:0168:completion:0,truthful_qa:0168:completion:3,defended,"lower-bound Pareto dominance: helpfulness, honesty, instruction_following",8.0,6.0,agree,,0.25,0.75,0.5,0.0
pair_d65ee4ce9edc,truthful_qa:0168,truthful_qa:0168:completion:1,truthful_qa:0168:completion:0,truthful_qa:0168:completion:1,defended,"lower-bound Pareto dominance: helpfulness, honesty, instruction_following",8.5,6.0,agree,truthful_qa:0168:completion:1,0.5,0.75,0.5,0.0
pair_7f219b18429a,truthful_qa:0169,truthful_qa:0169:completion:2,truthful_qa:0169:completion:0,truthful_qa:0169:completion:2,defended,"lower-bound Pareto dominance: helpfulness, honesty",8.5,7.0,agree,,0.25,0.25,0.0,0.0
pair_b277d909e4f9,truthful_qa:0169,truthful_qa:0169:completion:1,truthful_qa:0169:completion:2,truthful_qa:0169:completion:1,defended,lower-bound Pareto dominance: instruction_following,9.0,8.5,agree,truthful_qa:0169:completion:1,0.0,0.0,0.25,0.0
pair_c9692b50655b,truthful_qa:0169,truthful_qa:0169:completion:3,truthful_qa:0169:completion:0,truthful_qa:0169:completion:3,defended,"lower-bound Pareto dominance: helpfulness, honesty, instruction_following",8.0,7.0,agree,,0.5,0.25,0.25,0.0
pair_cc58951c268a,truthful_qa:0169,truthful_qa:0169:completion:3,truthful_qa:0169:completion:2,truthful_qa:0169:completion:3,defended,"lower-bound Pareto dominance: helpfulness, instruction_following",8.0,8.5,disagree,,0.25,0.0,0.25,0.0
pair_eb04d5dd4191,truthful_qa:0169,truthful_qa:0169:completion:1,truthful_qa:0169:completion:0,truthful_qa:0169:completion:1,defended,"lower-bound Pareto dominance: helpfulness, honesty, instruction_following",9.0,7.0,agree,truthful_qa:0169:completion:1,0.25,0.25,0.25,0.0
pair_f6dbdda324ee,truthful_qa:0169,truthful_qa:0169:completion:3,truthful_qa:0169:completion:1,truthful_qa:0169:completion:3,defended,lower-bound Pareto dominance: helpfulness,8.0,9.0,disagree,truthful_qa:0169:completion:1,0.25,0.0,0.0,0.0
pair_2a0902ef1e98,truthful_qa:0170,truthful_qa:0170:completion:1,truthful_qa:0170:completion:0,truthful_qa:0170:completion:1,defended,"lower-bound Pareto dominance: helpfulness, honesty, truthfulness",8.5,7.0,agree,truthful_qa:0170:completion:1,0.5,0.75,0.0,0.5
pair_43de3bd97984,truthful_qa:0170,truthful_qa:0170:completion:0,truthful_qa:0170:completion:3,,ambiguous,cross-objective tradeoff,7.0,7.5,abstained,,-0.25,-0.75,0.25,-0.75
pair_466dbdb3185f,truthful_qa:0170,truthful_qa:0170:completion:0,truthful_qa:0170:completion:2,,ambiguous,cross-objective tradeoff,7.0,7.0,abstained,,0.0,-0.5,0.5,-0.75
pair_5f569fe93961,truthful_qa:0170,truthful_qa:0170:completion:3,truthful_qa:0170:completion:2,truthful_qa:0170:completion:3,defended,"lower-bound Pareto dominance: helpfulness, honesty, instruction_following",7.5,7.0,agree,,0.25,0.25,0.25,0.0
pair_b7ef90149e57,truthful_qa:0170,truthful_qa:0170:completion:1,truthful_qa:0170:completion:2,,ambiguous,cross-objective tradeoff,8.5,7.0,abstained,truthful_qa:0170:completion:1,0.5,0.25,0.5,-0.25
pair_d96b2417ca29,truthful_qa:0170,truthful_qa:0170:completion:1,truthful_qa:0170:completion:3,,ambiguous,cross-objective tradeoff,8.5,7.5,abstained,truthful_qa:0170:completion:1,0.25,0.0,0.25,-0.25
pair_44bb651b924d,truthful_qa:0171,truthful_qa:0171:completion:1,truthful_qa:0171:completion:0,truthful_qa:0171:completion:1,defended,"lower-bound Pareto dominance: helpfulness, honesty, instruction_following, truthfulness",8.5,6.0,agree,truthful_qa:0171:completion:1,0.75,0.25,0.5,0.25
pair_4cf29fe181e9,truthful_qa:0171,truthful_qa:0171:completion:2,truthful_qa:0171:completion:0,truthful_qa:0171:completion:2,defended,"lower-bound Pareto dominance: helpfulness, honesty, instruction_following, truthfulness",8.0,6.0,agree,,0.75,0.25,0.5,0.25
pair_6244b2d0e9ed,truthful_qa:0171,truthful_qa:0171:completion:1,truthful_qa:0171:completion:2,,ambiguous,equivalent within epsilon,8.5,8.0,abstained,truthful_qa:0171:completion:1,0.0,0.0,0.0,0.0
pair_7522754135db,truthful_qa:0171,truthful_qa:0171:completion:1,truthful_qa:0171:completion:3,truthful_qa:0171:completion:1,defended,"lower-bound Pareto dominance: helpfulness, honesty, instruction_following",8.5,6.0,agree,truthful_qa:0171:completion:1,0.5,0.25,0.25,0.0
pair_7912e58f1cf6,truthful_qa:0171,truthful_qa:0171:completion:2,truthful_qa:0171:completion:3,truthful_qa:0171:completion:2,defended,"lower-bound Pareto dominance: helpfulness, honesty, instruction_following",8.0,6.0,agree,,0.5,0.25,0.25,0.0
pair_97986bdaa349,truthful_qa:0171,truthful_qa:0171:completion:3,truthful_qa:0171:completion:0,truthful_qa:0171:completion:3,defended,"lower-bound Pareto dominance: helpfulness, instruction_following, truthfulness",6.0,6.0,overall_tie,,0.25,0.0,0.25,0.25
pair_085f81b07344,truthful_qa:0172,truthful_qa:0172:completion:3,truthful_qa:0172:completion:0,truthful_qa:0172:completion:3,defended,"lower-bound Pareto dominance: helpfulness, honesty, instruction_following",7.0,8.5,disagree,truthful_qa:0172:completion:0,0.25,0.25,0.25,0.0
pair_495e6d4b5a02,truthful_qa:0172,truthful_qa:0172:completion:1,truthful_qa:0172:completion:3,,ambiguous,cross-objective tradeoff,7.0,7.0,abstained,,-0.5,-0.75,-0.5,0.25
pair_77e488aab8cf,truthful_qa:0172,truthful_qa:0172:completion:2,truthful_qa:0172:completion:3,truthful_qa:0172:completion:2,defended,"lower-bound Pareto dominance: helpfulness, truthfulness",7.0,7.0,overall_tie,,0.25,0.0,0.0,0.25
pair_ad7f0968ea2f,truthful_qa:0172,truthful_qa:0172:completion:0,truthful_qa:0172:completion:1,,ambiguous,cross-objective tradeoff,8.5,7.0,abstained,truthful_qa:0172:completion:0,0.25,0.5,0.25,-0.25
pair_c05eb5c8e127,truthful_qa:0172,truthful_qa:0172:completion:2,truthful_qa:0172:completion:1,truthful_qa:0172:completion:2,defended,"lower-bound Pareto dominance: helpfulness, honesty, instruction_following",7.0,7.0,overall_tie,,0.75,0.75,0.5,0.0
pair_dc7d0eab2471,truthful_qa:0172,truthful_qa:0172:completion:2,truthful_qa:0172:completion:0,truthful_qa:0172:completion:2,defended,"lower-bound Pareto dominance: helpfulness, honesty, instruction_following, truthfulness",7.0,8.5,disagree,truthful_qa:0172:completion:0,0.5,0.25,0.25,0.25
pair_0dd01143dc93,truthful_qa:0173,truthful_qa:0173:completion:3,truthful_qa:0173:completion:1,truthful_qa:0173:completion:3,defended,"lower-bound Pareto dominance: helpfulness, honesty, instruction_following",8.5,8.0,agree,,0.5,0.25,0.25,0.0
pair_158524ef8387,truthful_qa:0173,truthful_qa:0173:completion:0,truthful_qa:0173:completion:1,truthful_qa:0173:completion:0,defended,"lower-bound Pareto dominance: helpfulness, honesty",9.0,8.0,agree,truthful_qa:0173:completion:0,0.25,0.25,0.0,0.0
pair_174bc5d05b6c,truthful_qa:0173,truthful_qa:0173:completion:3,truthful_qa:0173:completion:0,truthful_qa:0173:completion:3,defended,"lower-bound Pareto dominance: helpfulness, instruction_following",8.5,9.0,disagree,truthful_qa:0173:completion:0,0.25,0.0,0.25,0.0
pair_3f6c008883eb,truthful_qa:0173,truthful_qa:0173:completion:3,truthful_qa:0173:completion:2,truthful_qa:0173:completion:3,defended,"lower-bound Pareto dominance: helpfulness, instruction_following",8.5,8.5,overall_tie,,0.25,0.0,0.25,0.0
pair_68f1891452ec,truthful_qa:0173,truthful_qa:0173:completion:0,truthful_qa:0173:completion:2,,ambiguous,equivalent within epsilon,9.0,8.5,abstained,truthful_qa:0173:completion:0,0.0,0.0,0.0,0.0
pair_fda4d04c6b83,truthful_qa:0173,truthful_qa:0173:completion:2,truthful_qa:0173:completion:1,truthful_qa:0173:completion:2,defended,"lower-bound Pareto dominance: helpfulness, honesty",8.5,8.0,agree,,0.25,0.25,0.0,0.0
pair_24487d52132f,truthful_qa:0174,truthful_qa:0174:completion:3,truthful_qa:0174:completion:0,truthful_qa:0174:completion:3,defended,"lower-bound Pareto dominance: helpfulness, honesty, instruction_following, truthfulness",8.0,3.0,agree,,0.75,0.75,0.75,0.75
pair_641e10427050,truthful_qa:0174,truthful_qa:0174:completion:3,truthful_qa:0174:completion:2,truthful_qa:0174:completion:3,defended,lower-bound Pareto dominance: instruction_following,8.0,8.5,disagree,truthful_qa:0174:completion:2,0.0,0.0,0.25,0.0
pair_6905cb56e208,truthful_qa:0174,truthful_qa:0174:completion:1,truthful_qa:0174:completion:0,truthful_qa:0174:completion:1,defended,"lower-bound Pareto dominance: helpfulness, honesty, instruction_following, truthfulness",7.0,3.0,agree,,0.75,0.75,0.5,0.75
pair_99464e22ee73,truthful_qa:0174,truthful_qa:0174:completion:3,truthful_qa:0174:completion:1,truthful_qa:0174:completion:3,defended,lower-bound Pareto dominance: instruction_following,8.0,7.0,agree,,0.0,0.0,0.25,0.0
pair_b394c7f205da,truthful_qa:0174,truthful_qa:0174:completion:2,truthful_qa:0174:completion:0,truthful_qa:0174:completion:2,defended,"lower-bound Pareto dominance: helpfulness, honesty, instruction_following, truthfulness",8.5,3.0,agree,truthful_qa:0174:completion:2,0.75,0.75,0.5,0.75
pair_d78ad275d775,truthful_qa:0174,truthful_qa:0174:completion:1,truthful_qa:0174:completion:2,,ambiguous,equivalent within epsilon,7.0,8.5,abstained,truthful_qa:0174:completion:2,0.0,0.0,0.0,0.0
pair_28e12e334701,truthful_qa:0175,truthful_qa:0175:completion:0,truthful_qa:0175:completion:3,truthful_qa:0175:completion:0,defended,"lower-bound Pareto dominance: helpfulness, honesty, instruction_following, truthfulness",8.0,6.0,agree,truthful_qa:0175:completion:0,0.5,0.75,0.75,0.5
pair_9b14776c951f,truthful_qa:0175,truthful_qa:0175:completion:0,truthful_qa:0175:completion:1,truthful_qa:0175:completion:0,defended,"lower-bound Pareto dominance: helpfulness, instruction_following",8.0,7.0,agree,truthful_qa:0175:completion:0,0.25,0.0,0.75,0.0
pair_9b73df5a47d1,truthful_qa:0175,truthful_qa:0175:completion:1,truthful_qa:0175:completion:2,,ambiguous,cross-objective tradeoff,7.0,6.5,abstained,,-0.25,0.25,-0.5,0.5
pair_a80c51eb076c,truthful_qa:0175,truthful_qa:0175:completion:1,truthful_qa:0175:completion:3,truthful_qa:0175:completion:1,defended,"lower-bound Pareto dominance: helpfulness, honesty, truthfulness",7.0,6.0,agree,,0.25,0.75,0.0,0.5
pair_c54dfcd38520,truthful_qa:0175,truthful_qa:0175:completion:2,truthful_qa:0175:completion:3,truthful_qa:0175:completion:2,defended,"lower-bound Pareto dominance: helpfulness, honesty, instruction_following",6.5,6.0,agree,,0.5,0.5,0.5,0.0
pair_f8ed6d55811e,truthful_qa:0175,truthful_qa:0175:completion:0,truthful_qa:0175:completion:2,truthful_qa:0175:completion:0,defended,"lower-bound Pareto dominance: honesty, instruction_following, truthfulness",8.0,6.5,agree,truthful_qa:0175:completion:0,0.0,0.25,0.25,0.5
pair_139e95f34127,truthful_qa:0176,truthful_qa:0176:completion:3,truthful_qa:0176:completion:2,truthful_qa:0176:completion:3,defended,"lower-bound Pareto dominance: helpfulness, honesty, instruction_following",7.5,6.0,agree,truthful_qa:0176:completion:3,0.25,0.25,0.25,0.0
pair_343a9d8aa44e,truthful_qa:0176,truthful_qa:0176:completion:1,truthful_qa:0176:completion:3,,ambiguous,cross-objective tradeoff,7.0,7.5,abstained,truthful_qa:0176:completion:3,-0.25,0.25,0.25,0.0
pair_70306b7a0d66,truthful_qa:0176,truthful_qa:0176:completion:0,truthful_qa:0176:completion:1,,ambiguous,cross-objective tradeoff,7.0,7.0,abstained,,0.0,-1.0,0.25,-0.25
pair_a8794c96baf3,truthful_qa:0176,truthful_qa:0176:completion:1,truthful_qa:0176:completion:2,truthful_qa:0176:completion:1,defended,"lower-bound Pareto dominance: honesty, instruction_following",7.0,6.0,agree,,0.0,0.5,0.5,0.0
pair_b9290bee97ec,truthful_qa:0176,truthful_qa:0176:completion:0,truthful_qa:0176:completion:3,,ambiguous,cross-objective tradeoff,7.0,7.5,abstained,truthful_qa:0176:completion:3,-0.25,-0.75,0.5,-0.25
pair_c9d206f5db8c,truthful_qa:0176,truthful_qa:0176:completion:0,truthful_qa:0176:completion:2,,ambiguous,cross-objective tradeoff,7.0,6.0,abstained,,0.0,-0.5,0.75,-0.25
pair_2a85aa07f98a,truthful_qa:0177,truthful_qa:0177:completion:1,truthful_qa:0177:completion:0,truthful_qa:0177:completion:1,defended,"lower-bound Pareto dominance: honesty, instruction_following",8.5,7.5,agree,,0.0,0.25,0.25,0.0
pair_4003051a98b2,truthful_qa:0177,truthful_qa:0177:completion:2,truthful_qa:0177:completion:0,truthful_qa:0177:completion:2,defended,"lower-bound Pareto dominance: honesty, instruction_following",7.0,7.5,disagree,,0.0,0.25,0.25,0.0
pair_454a34ee5b2c,truthful_qa:0177,truthful_qa:0177:completion:1,truthful_qa:0177:completion:2,,ambiguous,equivalent within epsilon,8.5,7.0,abstained,,0.0,0.0,0.0,0.0
pair_8740488bab27,truthful_qa:0177,truthful_qa:0177:completion:0,truthful_qa:0177:completion:3,,ambiguous,cross-objective tradeoff,7.5,9.5,abstained,truthful_qa:0177:completion:3,0.25,-0.25,0.0,0.0
pair_babba9cda831,truthful_qa:0177,truthful_qa:0177:completion:1,truthful_qa:0177:completion:3,truthful_qa:0177:completion:1,defended,"lower-bound Pareto dominance: helpfulness, instruction_following",8.5,9.5,disagree,truthful_qa:0177:completion:3,0.25,0.0,0.25,0.0
pair_ed7e5208db83,truthful_qa:0177,truthful_qa:0177:completion:2,truthful_qa:0177:completion:3,truthful_qa:0177:completion:2,defended,"lower-bound Pareto dominance: helpfulness, instruction_following",7.0,9.5,disagree,truthful_qa:0177:completion:3,0.25,0.0,0.25,0.0
pair_42b55316ce97,truthful_qa:0178,truthful_qa:0178:completion:2,truthful_qa:0178:completion:3,truthful_qa:0178:completion:2,defended,"lower-bound Pareto dominance: helpfulness, honesty, instruction_following, truthfulness",8.5,5.0,agree,truthful_qa:0178:completion:2,0.25,0.5,0.25,0.5
pair_470d9b4d3e1e,truthful_qa:0178,truthful_qa:0178:completion:1,truthful_qa:0178:completion:0,truthful_qa:0178:completion:1,defended,"lower-bound Pareto dominance: helpfulness, honesty, instruction_following, truthfulness",6.0,3.0,agree,,0.75,0.75,0.5,0.75
pair_68bbb41c80f3,truthful_qa:0178,truthful_qa:0178:completion:1,truthful_qa:0178:completion:3,truthful_qa:0178:completion:1,defended,"lower-bound Pareto dominance: helpfulness, honesty, truthfulness",6.0,5.0,agree,,0.25,0.25,0.0,0.5
pair_949ffe39bb4e,truthful_qa:0178,truthful_qa:0178:completion:2,truthful_qa:0178:completion:1,truthful_qa:0178:completion:2,defended,"lower-bound Pareto dominance: honesty, instruction_following",8.5,6.0,agree,truthful_qa:0178:completion:2,0.0,0.25,0.25,0.0
pair_98d6dd2b7a4c,truthful_qa:0178,truthful_qa:0178:completion:2,truthful_qa:0178:completion:0,truthful_qa:0178:completion:2,defended,"lower-bound Pareto dominance: helpfulness, honesty, instruction_following, truthfulness",8.5,3.0,agree,truthful_qa:0178:completion:2,0.75,1.0,0.75,0.75
pair_a7ba26cbbba1,truthful_qa:0178,truthful_qa:0178:completion:3,truthful_qa:0178:completion:0,truthful_qa:0178:completion:3,defended,"lower-bound Pareto dominance: helpfulness, honesty, instruction_following, truthfulness",5.0,3.0,agree,,0.5,0.5,0.5,0.25
pair_00055b3f2e20,truthful_qa:0179,truthful_qa:0179:completion:2,truthful_qa:0179:completion:1,truthful_qa:0179:completion:2,defended,"lower-bound Pareto dominance: helpfulness, honesty, instruction_following, truthfulness",8.5,7.0,agree,truthful_qa:0179:completion:2,0.5,0.25,0.25,0.5
pair_378e23f09af6,truthful_qa:0179,truthful_qa:0179:completion:0,truthful_qa:0179:completion:1,,ambiguous,cross-objective tradeoff,7.5,7.0,abstained,,-0.25,0.25,-0.25,0.0
pair_628dbae9dbcb,truthful_qa:0179,truthful_qa:0179:completion:2,truthful_qa:0179:completion:3,,ambiguous,cross-objective tradeoff,8.5,7.0,abstained,truthful_qa:0179:completion:2,0.25,0.0,-0.25,0.0
pair_72092e34dfde,truthful_qa:0179,truthful_qa:0179:completion:3,truthful_qa:0179:completion:1,truthful_qa:0179:completion:3,defended,"lower-bound Pareto dominance: helpfulness, honesty, instruction_following, truthfulness",7.0,7.0,overall_tie,,0.25,0.25,0.5,0.5
pair_d79077c365ec,truthful_qa:0179,truthful_qa:0179:completion:3,truthful_qa:0179:completion:0,truthful_qa:0179:completion:3,defended,"lower-bound Pareto dominance: helpfulness, instruction_following, truthfulness",7.0,7.5,disagree,,0.5,0.0,0.75,0.5
pair_f69a231ab2b5,truthful_qa:0179,truthful_qa:0179:completion:2,truthful_qa:0179:completion:0,truthful_qa:0179:completion:2,defended,"lower-bound Pareto dominance: helpfulness, instruction_following, truthfulness",8.5,7.5,agree,truthful_qa:0179:completion:2,0.75,0.0,0.5,0.5
pair_10a14f40e7f9,truthful_qa:0180,truthful_qa:0180:completion:2,truthful_qa:0180:completion:0,truthful_qa:0180:completion:2,defended,"lower-bound Pareto dominance: helpfulness, honesty",4.0,5.0,disagree,,0.5,0.25,0.0,0.0
pair_1707150b015f,truthful_qa:0180,truthful_qa:0180:completion:1,truthful_qa:0180:completion:3,truthful_qa:0180:completion:1,defended,"lower-bound Pareto dominance: helpfulness, honesty, instruction_following, truthfulness",8.0,6.0,agree,truthful_qa:0180:completion:1,0.5,0.25,0.5,0.5
pair_4ae798c3b68c,truthful_qa:0180,truthful_qa:0180:completion:1,truthful_qa:0180:completion:2,truthful_qa:0180:completion:1,defended,"lower-bound Pareto dominance: helpfulness, honesty, instruction_following, truthfulness",8.0,4.0,agree,truthful_qa:0180:completion:1,0.25,0.75,0.75,0.75
pair_4c13d8f08cee,truthful_qa:0180,truthful_qa:0180:completion:1,truthful_qa:0180:completion:0,truthful_qa:0180:completion:1,defended,"lower-bound Pareto dominance: helpfulness, honesty, instruction_following, truthfulness",8.0,5.0,agree,truthful_qa:0180:completion:1,0.75,1.0,0.75,0.75
pair_aa7f2f7c4570,truthful_qa:0180,truthful_qa:0180:completion:3,truthful_qa:0180:completion:0,truthful_qa:0180:completion:3,defended,"lower-bound Pareto dominance: helpfulness, honesty, instruction_following, truthfulness",6.0,5.0,agree,,0.25,0.75,0.25,0.25
pair_d05d34eefeaf,truthful_qa:0180,truthful_qa:0180:completion:2,truthful_qa:0180:completion:3,,ambiguous,cross-objective tradeoff,4.0,6.0,abstained,,0.25,-0.5,-0.25,-0.25
pair_165c7a38a24a,truthful_qa:0181,truthful_qa:0181:completion:1,truthful_qa:0181:completion:0,truthful_qa:0181:completion:1,defended,"lower-bound Pareto dominance: helpfulness, instruction_following",8.0,7.0,agree,,0.25,0.0,0.5,0.0
pair_7b92e988f0c7,truthful_qa:0181,truthful_qa:0181:completion:1,truthful_qa:0181:completion:3,truthful_qa:0181:completion:1,defended,"lower-bound Pareto dominance: helpfulness, instruction_following",8.0,8.5,disagree,truthful_qa:0181:completion:3,0.25,0.0,0.25,0.0
pair_82dc6a20c80a,truthful_qa:0181,truthful_qa:0181:completion:2,truthful_qa:0181:completion:0,truthful_qa:0181:completion:2,defended,lower-bound Pareto dominance: instruction_following,6.0,7.0,disagree,,0.0,0.0,0.25,0.0
pair_976122a27a43,truthful_qa:0181,truthful_qa:0181:completion:2,truthful_qa:0181:completion:3,,ambiguous,equivalent within epsilon,6.0,8.5,abstained,truthful_qa:0181:completion:3,0.0,0.0,0.0,0.0
pair_ce642ada498c,truthful_qa:0181,truthful_qa:0181:completion:3,truthful_qa:0181:completion:0,truthful_qa:0181:completion:3,defended,lower-bound Pareto dominance: instruction_following,8.5,7.0,agree,truthful_qa:0181:completion:3,0.0,0.0,0.25,0.0
pair_eb54fb68a8d4,truthful_qa:0181,truthful_qa:0181:completion:1,truthful_qa:0181:completion:2,truthful_qa:0181:completion:1,defended,"lower-bound Pareto dominance: helpfulness, instruction_following",8.0,6.0,agree,,0.25,0.0,0.25,0.0
pair_1977a7f2479d,truthful_qa:0182,truthful_qa:0182:completion:1,truthful_qa:0182:completion:2,truthful_qa:0182:completion:1,defended,"lower-bound Pareto dominance: helpfulness, honesty, instruction_following, truthfulness",8.5,7.5,agree,truthful_qa:0182:completion:1,0.5,0.75,0.75,0.5
pair_26eff76f47ac,truthful_qa:0182,truthful_qa:0182:completion:0,truthful_qa:0182:completion:1,truthful_qa:0182:completion:0,defended,"lower-bound Pareto dominance: helpfulness, honesty",8.0,8.5,disagree,truthful_qa:0182:completion:1,0.25,0.25,0.0,0.0
pair_99e0e4aaa2ae,truthful_qa:0182,truthful_qa:0182:completion:0,truthful_qa:0182:completion:3,truthful_qa:0182:completion:0,defended,"lower-bound Pareto dominance: helpfulness, honesty, instruction_following, truthfulness",8.0,7.5,agree,,0.75,0.75,0.5,0.5
pair_a44326cfeb7a,truthful_qa:0182,truthful_qa:0182:completion:3,truthful_qa:0182:completion:2,truthful_qa:0182:completion:3,defended,"lower-bound Pareto dominance: honesty, instruction_following",7.5,7.5,overall_tie,,0.0,0.25,0.25,0.0
pair_e5f909889fb3,truthful_qa:0182,truthful_qa:0182:completion:0,truthful_qa:0182:completion:2,truthful_qa:0182:completion:0,defended,"lower-bound Pareto dominance: helpfulness, honesty, instruction_following, truthfulness",8.0,7.5,agree,,0.75,1.0,0.75,0.5
pair_f1a6d1baeb49,truthful_qa:0182,truthful_qa:0182:completion:1,truthful_qa:0182:completion:3,truthful_qa:0182:completion:1,defended,"lower-bound Pareto dominance: helpfulness, honesty, instruction_following, truthfulness",8.5,7.5,agree,truthful_qa:0182:completion:1,0.5,0.5,0.5,0.5
pair_2294cdcf783d,truthful_qa:0183,truthful_qa:0183:completion:1,truthful_qa:0183:completion:0,truthful_qa:0183:completion:1,defended,"lower-bound Pareto dominance: helpfulness, honesty, instruction_following, truthfulness",8.5,4.0,agree,truthful_qa:0183:completion:1,1.0,1.0,1.0,1.0
pair_287fd8ff324f,truthful_qa:0183,truthful_qa:0183:completion:1,truthful_qa:0183:completion:3,truthful_qa:0183:completion:1,defended,"lower-bound Pareto dominance: helpfulness, honesty, instruction_following, truthfulness",8.5,4.0,agree,truthful_qa:0183:completion:1,1.0,1.0,1.0,1.0
pair_7c25df3d1ec2,truthful_qa:0183,truthful_qa:0183:completion:1,truthful_qa:0183:completion:2,truthful_qa:0183:completion:1,defended,"lower-bound Pareto dominance: helpfulness, honesty, instruction_following, truthfulness",8.5,3.0,agree,truthful_qa:0183:completion:1,1.0,1.0,1.0,1.0
pair_8361655f2537,truthful_qa:0183,truthful_qa:0183:completion:2,truthful_qa:0183:completion:3,,ambiguous,equivalent within epsilon,3.0,4.0,abstained,,0.0,0.0,0.0,0.0
pair_a5afd9bd3cd0,truthful_qa:0183,truthful_qa:0183:completion:0,truthful_qa:0183:completion:3,,ambiguous,equivalent within epsilon,4.0,4.0,abstained,,0.0,0.0,0.0,0.0
pair_d7ace8c2d0ad,truthful_qa:0183,truthful_qa:0183:completion:0,truthful_qa:0183:completion:2,,ambiguous,equivalent within epsilon,4.0,3.0,abstained,,0.0,0.0,0.0,0.0
pair_0866cff9e4bb,truthful_qa:0184,truthful_qa:0184:completion:3,truthful_qa:0184:completion:1,truthful_qa:0184:completion:3,defended,"lower-bound Pareto dominance: helpfulness, honesty, instruction_following, truthfulness",7.5,4.0,agree,,0.75,0.25,0.5,0.5
pair_2749234a8009,truthful_qa:0184,truthful_qa:0184:completion:1,truthful_qa:0184:completion:2,,ambiguous,cross-objective tradeoff,4.0,7.5,abstained,,-0.25,0.25,-0.25,0.25
pair_5394132296b1,truthful_qa:0184,truthful_qa:0184:completion:0,truthful_qa:0184:completion:1,truthful_qa:0184:completion:0,defended,"lower-bound Pareto dominance: helpfulness, honesty, instruction_following, truthfulness",8.5,4.0,agree,truthful_qa:0184:completion:0,0.5,0.25,0.5,0.5
pair_682ecde0ef0b,truthful_qa:0184,truthful_qa:0184:completion:0,truthful_qa:0184:completion:2,truthful_qa:0184:completion:0,defended,"lower-bound Pareto dominance: helpfulness, honesty, instruction_following, truthfulness",8.5,7.5,agree,truthful_qa:0184:completion:0,0.25,0.5,0.25,0.75
pair_b1305c70d3b2,truthful_qa:0184,truthful_qa:0184:completion:3,truthful_qa:0184:completion:2,truthful_qa:0184:completion:3,defended,"lower-bound Pareto dominance: helpfulness, honesty, instruction_following, truthfulness",7.5,7.5,overall_tie,,0.5,0.5,0.25,0.75
pair_da257c00d7bc,truthful_qa:0184,truthful_qa:0184:completion:3,truthful_qa:0184:completion:0,truthful_qa:0184:completion:3,defended,lower-bound Pareto dominance: helpfulness,7.5,8.5,disagree,truthful_qa:0184:completion:0,0.25,0.0,0.0,0.0
pair_1caa745e5ac7,truthful_qa:0185,truthful_qa:0185:completion:1,truthful_qa:0185:completion:0,truthful_qa:0185:completion:1,defended,"lower-bound Pareto dominance: helpfulness, honesty, instruction_following, truthfulness",8.0,2.0,agree,,0.5,1.0,0.75,1.0
pair_77641c30ca24,truthful_qa:0185,truthful_qa:0185:completion:2,truthful_qa:0185:completion:3,,ambiguous,missing scores: honesty,9.0,4.0,abstained,truthful_qa:0185:completion:2,1.0,,1.0,0.75
pair_81e4dab54b77,truthful_qa:0185,truthful_qa:0185:completion:2,truthful_qa:0185:completion:1,truthful_qa:0185:completion:2,defended,lower-bound Pareto dominance: helpfulness,9.0,8.0,agree,truthful_qa:0185:completion:2,0.25,0.0,0.0,0.0
pair_acb9550f3aeb,truthful_qa:0185,truthful_qa:0185:completion:1,truthful_qa:0185:completion:3,,ambiguous,missing scores: honesty,8.0,4.0,abstained,,0.75,,1.0,0.75
pair_ecf0b2bd5a05,truthful_qa:0185,truthful_qa:0185:completion:0,truthful_qa:0185:completion:3,,ambiguous,missing scores: honesty,2.0,4.0,abstained,,0.25,,0.25,-0.25
pair_ffa8b0ae9d3e,truthful_qa:0185,truthful_qa:0185:completion:2,truthful_qa:0185:completion:0,truthful_qa:0185:completion:2,defended,"lower-bound Pareto dominance: helpfulness, honesty, instruction_following, truthfulness",9.0,2.0,agree,truthful_qa:0185:completion:2,0.75,1.0,0.75,1.0
pair_03671ef4942d,truthful_qa:0186,truthful_qa:0186:completion:2,truthful_qa:0186:completion:1,truthful_qa:0186:completion:2,defended,"lower-bound Pareto dominance: helpfulness, honesty, instruction_following, truthfulness",6.0,3.0,agree,,0.75,0.25,1.0,0.5
pair_121d30ccedb8,truthful_qa:0186,truthful_qa:0186:completion:2,truthful_qa:0186:completion:3,,ambiguous,cross-objective tradeoff,6.0,7.5,abstained,truthful_qa:0186:completion:3,0.5,-0.25,0.25,0.0
pair_59800a249466,truthful_qa:0186,truthful_qa:0186:completion:0,truthful_qa:0186:completion:3,,ambiguous,cross-objective tradeoff,7.0,7.5,abstained,truthful_qa:0186:completion:3,0.0,0.0,0.25,-0.25
pair_76edea0a6ce2,truthful_qa:0186,truthful_qa:0186:completion:0,truthful_qa:0186:completion:2,,ambiguous,cross-objective tradeoff,7.0,6.0,abstained,,-0.5,0.25,0.0,-0.25
pair_98b746b3ce88,truthful_qa:0186,truthful_qa:0186:completion:3,truthful_qa:0186:completion:1,truthful_qa:0186:completion:3,defended,"lower-bound Pareto dominance: helpfulness, honesty, instruction_following, truthfulness",7.5,3.0,agree,truthful_qa:0186:completion:3,0.25,0.5,0.75,0.5
pair_e2695e8d88f0,truthful_qa:0186,truthful_qa:0186:completion:0,truthful_qa:0186:completion:1,truthful_qa:0186:completion:0,defended,"lower-bound Pareto dominance: helpfulness, honesty, instruction_following, truthfulness",7.0,3.0,agree,,0.25,0.5,1.0,0.25
pair_59ca95fa8d0d,truthful_qa:0187,truthful_qa:0187:completion:1,truthful_qa:0187:completion:2,,ambiguous,cross-objective tradeoff,8.0,7.5,abstained,,0.25,-0.25,0.25,0.0
pair_5ec20065e989,truthful_qa:0187,truthful_qa:0187:completion:2,truthful_qa:0187:completion:3,,ambiguous,cross-objective tradeoff,7.5,9.0,abstained,truthful_qa:0187:completion:3,-0.5,0.0,-0.25,0.25
pair_a477bb6330f0,truthful_qa:0187,truthful_qa:0187:completion:1,truthful_qa:0187:completion:3,,ambiguous,cross-objective tradeoff,8.0,9.0,abstained,truthful_qa:0187:completion:3,-0.25,-0.25,0.0,0.25
pair_a71d44ae92f1,truthful_qa:0187,truthful_qa:0187:completion:0,truthful_qa:0187:completion:2,,ambiguous,equivalent within epsilon,7.0,7.5,abstained,,0.0,0.0,0.0,0.0
pair_b54df719d737,truthful_qa:0187,truthful_qa:0187:completion:0,truthful_qa:0187:completion:3,,ambiguous,cross-objective tradeoff,7.0,9.0,abstained,truthful_qa:0187:completion:3,-0.5,0.0,-0.25,0.25
pair_e7ff620ce6bc,truthful_qa:0187,truthful_qa:0187:completion:0,truthful_qa:0187:completion:1,,ambiguous,cross-objective tradeoff,7.0,8.0,abstained,,-0.25,0.25,-0.25,0.0
pair_0cd0f69c44b8,truthful_qa:0188,truthful_qa:0188:completion:2,truthful_qa:0188:completion:1,truthful_qa:0188:completion:2,defended,"lower-bound Pareto dominance: honesty, instruction_following, truthfulness",4.0,6.0,disagree,,0.0,0.25,0.5,0.25
pair_17fa9e4f4c2c,truthful_qa:0188,truthful_qa:0188:completion:2,truthful_qa:0188:completion:3,,ambiguous,equivalent within epsilon,4.0,7.5,abstained,truthful_qa:0188:completion:3,0.0,0.0,0.0,0.0
pair_7876d17b0f36,truthful_qa:0188,truthful_qa:0188:completion:0,truthful_qa:0188:completion:3,,ambiguous,cross-objective tradeoff,4.0,7.5,abstained,truthful_qa:0188:completion:3,-0.25,-0.75,-0.75,0.25
pair_946a2a2fa704,truthful_qa:0188,truthful_qa:0188:completion:3,truthful_qa:0188:completion:1,truthful_qa:0188:completion:3,defended,"lower-bound Pareto dominance: honesty, instruction_following, truthfulness",7.5,6.0,agree,truthful_qa:0188:completion:3,0.0,0.25,0.5,0.25
pair_e3e5eddc65a0,truthful_qa:0188,truthful_qa:0188:completion:0,truthful_qa:0188:completion:1,,ambiguous,cross-objective tradeoff,4.0,6.0,abstained,,-0.25,-0.5,-0.25,0.5
pair_e48c0f4e33ec,truthful_qa:0188,truthful_qa:0188:completion:0,truthful_qa:0188:completion:2,,ambiguous,cross-objective tradeoff,4.0,4.0,abstained,,-0.25,-0.75,-0.75,0.25
pair_07dd6242ca36,truthful_qa:0189,truthful_qa:0189:completion:2,truthful_qa:0189:completion:0,truthful_qa:0189:completion:2,defended,"lower-bound Pareto dominance: helpfulness, instruction_following, truthfulness",9.0,7.5,agree,truthful_qa:0189:completion:2,0.25,0.0,0.25,0.25
pair_27d47b9790cf,truthful_qa:0189,truthful_qa:0189:completion:0,truthful_qa:0189:completion:3,,ambiguous,cross-objective tradeoff,7.5,7.0,abstained,,0.25,0.5,0.75,-0.5
pair_5546e82c2cad,truthful_qa:0189,truthful_qa:0189:completion:2,truthful_qa:0189:completion:1,truthful_qa:0189:completion:2,defended,"lower-bound Pareto dominance: helpfulness, honesty, instruction_following",9.0,7.0,agree,truthful_qa:0189:completion:2,0.25,0.25,0.75,0.0
pair_8a2d81412e44,truthful_qa:0189,truthful_qa:0189:completion:0,truthful_qa:0189:completion:1,,ambiguous,cross-objective tradeoff,7.5,7.0,abstained,,0.0,0.25,0.5,-0.25
pair_9da6a1a69b8d,truthful_qa:0189,truthful_qa:0189:completion:1,truthful_qa:0189:completion:3,,ambiguous,cross-objective tradeoff,7.0,7.0,abstained,,0.25,0.25,0.25,-0.25
pair_d5b190b8f23a,truthful_qa:0189,truthful_qa:0189:completion:2,truthful_qa:0189:completion:3,,ambiguous,cross-objective tradeoff,9.0,7.0,abstained,truthful_qa:0189:completion:2,0.5,0.5,1.0,-0.25
pair_0ef7849a4066,truthful_qa:0190,truthful_qa:0190:completion:2,truthful_qa:0190:completion:0,truthful_qa:0190:completion:2,defended,lower-bound Pareto dominance: instruction_following,7.5,7.0,agree,,0.0,0.0,0.25,0.0
pair_6741ad616e66,truthful_qa:0190,truthful_qa:0190:completion:3,truthful_qa:0190:completion:0,truthful_qa:0190:completion:3,defended,"lower-bound Pareto dominance: helpfulness, honesty, instruction_following",9.5,7.0,agree,truthful_qa:0190:completion:3,0.25,0.25,0.25,0.0
pair_9a5b34fb5c6a,truthful_qa:0190,truthful_qa:0190:completion:3,truthful_qa:0190:completion:2,truthful_qa:0190:completion:3,defended,"lower-bound Pareto dominance: helpfulness, honesty",9.5,7.5,agree,truthful_qa:0190:completion:3,0.25,0.25,0.0,0.0
pair_aebaf1f1c189,truthful_qa:0190,truthful_qa:0190:completion:1,truthful_qa:0190:completion:2,,ambiguous,cross-objective tradeoff,8.0,7.5,abstained,,0.5,0.0,-0.25,0.0
pair_dfca024ebc5f,truthful_qa:0190,truthful_qa:0190:completion:1,truthful_qa:0190:completion:3,,ambiguous,cross-objective tradeoff,8.0,9.5,abstained,truthful_qa:0190:completion:3,0.25,-0.25,-0.25,0.0
pair_f8c6409ca3ae,truthful_qa:0190,truthful_qa:0190:completion:1,truthful_qa:0190:completion:0,truthful_qa:0190:completion:1,defended,lower-bound Pareto dominance: helpfulness,8.0,7.0,agree,,0.5,0.0,0.0,0.0
pair_0fc09e6cd00d,truthful_qa:0191,truthful_qa:0191:completion:3,truthful_qa:0191:completion:0,truthful_qa:0191:completion:3,defended,"lower-bound Pareto dominance: helpfulness, instruction_following",7.0,8.5,disagree,truthful_qa:0191:completion:0,0.25,0.0,0.25,0.0
pair_1e40226d0845,truthful_qa:0191,truthful_qa:0191:completion:0,truthful_qa:0191:completion:2,,ambiguous,cross-objective tradeoff,8.5,7.0,abstained,truthful_qa:0191:completion:0,0.0,0.25,-0.25,0.5
pair_36ab32184b45,truthful_qa:0191,truthful_qa:0191:completion:0,truthful_qa:0191:completion:1,truthful_qa:0191:completion:0,defended,"lower-bound Pareto dominance: helpfulness, honesty, instruction_following, truthfulness",8.5,3.0,agree,truthful_qa:0191:completion:0,0.5,1.0,0.5,0.75
pair_4a67e5a5a430,truthful_qa:0191,truthful_qa:0191:completion:2,truthful_qa:0191:completion:1,truthful_qa:0191:completion:2,defended,"lower-bound Pareto dominance: helpfulness, honesty, instruction_following, truthfulness",7.0,3.0,agree,,0.5,0.75,0.75,0.25
pair_52278d2724c0,truthful_qa:0191,truthful_qa:0191:completion:3,truthful_qa:0191:completion:2,truthful_qa:0191:completion:3,defended,"lower-bound Pareto dominance: helpfulness, honesty, truthfulness",7.0,7.0,overall_tie,,0.25,0.25,0.0,0.5
pair_98b2dce1660a,truthful_qa:0191,truthful_qa:0191:completion:3,truthful_qa:0191:completion:1,truthful_qa:0191:completion:3,defended,"lower-bound Pareto dominance: helpfulness, honesty, instruction_following, truthfulness",7.0,3.0,agree,,0.75,1.0,0.75,0.75
pair_2a1429d4deba,truthful_qa:0192,truthful_qa:0192:completion:2,truthful_qa:0192:completion:3,truthful_qa:0192:completion:2,defended,"lower-bound Pareto dominance: helpfulness, instruction_following",8.0,7.5,agree,truthful_qa:0192:completion:2,0.25,0.0,0.25,0.0
pair_628b530919fd,truthful_qa:0192,truthful_qa:0192:completion:3,truthful_qa:0192:completion:1,truthful_qa:0192:completion:3,defended,"lower-bound Pareto dominance: honesty, instruction_following, truthfulness",7.5,7.0,agree,,0.0,0.25,0.25,0.25
pair_81c672976264,truthful_qa:0192,truthful_qa:0192:completion:2,truthful_qa:0192:completion:1,truthful_qa:0192:completion:2,defended,"lower-bound Pareto dominance: helpfulness, honesty, instruction_following, truthfulness",8.0,7.0,agree,truthful_qa:0192:completion:2,0.25,0.25,0.5,0.25
pair_903d209f5c2e,truthful_qa:0192,truthful_qa:0192:completion:0,truthful_qa:0192:completion:2,truthful_qa:0192:completion:0,defended,lower-bound Pareto dominance: helpfulness,8.0,8.0,overall_tie,,0.25,0.0,0.0,0.0
pair_932e23dd8d65,truthful_qa:0192,truthful_qa:0192:completion:0,truthful_qa:0192:completion:3,truthful_qa:0192:completion:0,defended,"lower-bound Pareto dominance: helpfulness, instruction_following",8.0,7.5,agree,truthful_qa:0192:completion:0,0.5,0.0,0.25,0.0
pair_abba34d5c588,truthful_qa:0192,truthful_qa:0192:completion:0,truthful_qa:0192:completion:1,truthful_qa:0192:completion:0,defended,"lower-bound Pareto dominance: helpfulness, honesty, instruction_following, truthfulness",8.0,7.0,agree,truthful_qa:0192:completion:0,0.5,0.25,0.5,0.25
pair_17dd13ec2030,truthful_qa:0193,truthful_qa:0193:completion:0,truthful_qa:0193:completion:3,,ambiguous,cross-objective tradeoff,5.0,8.5,abstained,truthful_qa:0193:completion:3,-0.25,-0.5,-1.0,0.5
pair_35c59aa0cf46,truthful_qa:0193,truthful_qa:0193:completion:3,truthful_qa:0193:completion:1,truthful_qa:0193:completion:3,defended,"lower-bound Pareto dominance: honesty, instruction_following",8.5,4.0,agree,truthful_qa:0193:completion:3,0.0,1.0,0.75,0.0
pair_918a8b376a84,truthful_qa:0193,truthful_qa:0193:completion:0,truthful_qa:0193:completion:2,,ambiguous,cross-objective tradeoff,5.0,8.5,abstained,truthful_qa:0193:completion:2,-0.25,-0.25,-0.75,0.5
pair_91d6f804a263,truthful_qa:0193,truthful_qa:0193:completion:2,truthful_qa:0193:completion:1,truthful_qa:0193:completion:2,defended,"lower-bound Pareto dominance: honesty, instruction_following",8.5,4.0,agree,truthful_qa:0193:completion:2,0.0,0.75,0.5,0.0
pair_99b0a8975c66,truthful_qa:0193,truthful_qa:0193:completion:0,truthful_qa:0193:completion:1,,ambiguous,cross-objective tradeoff,5.0,4.0,abstained,,-0.25,0.5,-0.25,0.5
pair_c73cde9cdb9d,truthful_qa:0193,truthful_qa:0193:completion:3,truthful_qa:0193:completion:2,truthful_qa:0193:completion:3,defended,"lower-bound Pareto dominance: honesty, instruction_following",8.5,8.5,overall_tie,,0.0,0.25,0.25,0.0
pair_571bc6de1852,truthful_qa:0194,truthful_qa:0194:completion:3,truthful_qa:0194:completion:0,truthful_qa:0194:completion:3,defended,lower-bound Pareto dominance: helpfulness,8.0,9.0,disagree,truthful_qa:0194:completion:0,0.25,0.0,0.0,0.0
pair_6d2893a56e6b,truthful_qa:0194,truthful_qa:0194:completion:1,truthful_qa:0194:completion:2,truthful_qa:0194:completion:1,defended,"lower-bound Pareto dominance: honesty, instruction_following",7.0,4.0,agree,,0.0,0.25,0.25,0.0
pair_7334eb8ef985,truthful_qa:0194,truthful_qa:0194:completion:0,truthful_qa:0194:completion:2,truthful_qa:0194:completion:0,defended,"lower-bound Pareto dominance: helpfulness, honesty, instruction_following, truthfulness",9.0,4.0,agree,truthful_qa:0194:completion:0,0.5,0.5,0.75,0.5
pair_807f36961d57,truthful_qa:0194,truthful_qa:0194:completion:3,truthful_qa:0194:completion:2,truthful_qa:0194:completion:3,defended,"lower-bound Pareto dominance: helpfulness, honesty, instruction_following, truthfulness",8.0,4.0,agree,,0.75,0.5,0.75,0.5
pair_b58f3b2206b3,truthful_qa:0194,truthful_qa:0194:completion:3,truthful_qa:0194:completion:1,truthful_qa:0194:completion:3,defended,"lower-bound Pareto dominance: helpfulness, honesty, instruction_following, truthfulness",8.0,7.0,agree,,0.75,0.25,0.5,0.5
pair_e77f0c0d0549,truthful_qa:0194,truthful_qa:0194:completion:0,truthful_qa:0194:completion:1,truthful_qa:0194:completion:0,defended,"lower-bound Pareto dominance: helpfulness, honesty, instruction_following, truthfulness",9.0,7.0,agree,truthful_qa:0194:completion:0,0.5,0.25,0.5,0.5
pair_21bf360df4f1,truthful_qa:0195,truthful_qa:0195:completion:2,truthful_qa:0195:completion:3,,ambiguous,cross-objective tradeoff,8.0,7.0,abstained,truthful_qa:0195:completion:2,-0.75,0.0,-0.25,0.5
pair_2b243dfae444,truthful_qa:0195,truthful_qa:0195:completion:0,truthful_qa:0195:completion:2,,ambiguous,cross-objective tradeoff,6.0,8.0,abstained,truthful_qa:0195:completion:2,0.0,0.25,0.0,-0.5
pair_343f83322e24,truthful_qa:0195,truthful_qa:0195:completion:1,truthful_qa:0195:completion:2,truthful_qa:0195:completion:1,defended,"lower-bound Pareto dominance: helpfulness, honesty, instruction_following",7.0,8.0,disagree,truthful_qa:0195:completion:2,0.25,0.5,0.5,0.0
pair_466d5639a4e4,truthful_qa:0195,truthful_qa:0195:completion:1,truthful_qa:0195:completion:0,truthful_qa:0195:completion:1,defended,"lower-bound Pareto dominance: helpfulness, honesty, instruction_following, truthfulness",7.0,6.0,agree,,0.25,0.25,0.5,0.5
pair_4c68caecb6ad,truthful_qa:0195,truthful_qa:0195:completion:1,truthful_qa:0195:completion:3,,ambiguous,cross-objective tradeoff,7.0,7.0,abstained,,-0.5,0.5,0.25,0.5
pair_b22372f188c3,truthful_qa:0195,truthful_qa:0195:completion:0,truthful_qa:0195:completion:3,,ambiguous,cross-objective tradeoff,6.0,7.0,abstained,,-0.75,0.25,-0.25,0.0
pair_48c202aa4b04,truthful_qa:0196,truthful_qa:0196:completion:0,truthful_qa:0196:completion:3,truthful_qa:0196:completion:0,defended,"lower-bound Pareto dominance: helpfulness, honesty, instruction_following, truthfulness",5.0,3.0,agree,,0.25,0.75,0.25,1.0
pair_52b84687d14d,truthful_qa:0196,truthful_qa:0196:completion:1,truthful_qa:0196:completion:0,truthful_qa:0196:completion:1,defended,"lower-bound Pareto dominance: helpfulness, honesty, instruction_following",7.0,5.0,agree,truthful_qa:0196:completion:1,0.25,0.25,0.25,0.0
pair_68567369c9b0,truthful_qa:0196,truthful_qa:0196:completion:2,truthful_qa:0196:completion:3,,ambiguous,cross-objective tradeoff,2.0,3.0,abstained,,0.0,0.0,-0.25,0.25
pair_a9de2e278c1a,truthful_qa:0196,truthful_qa:0196:completion:1,truthful_qa:0196:completion:2,truthful_qa:0196:completion:1,defended,"lower-bound Pareto dominance: helpfulness, honesty, instruction_following, truthfulness",7.0,2.0,agree,truthful_qa:0196:completion:1,0.5,1.0,0.75,0.75
pair_ae01912dd373,truthful_qa:0196,truthful_qa:0196:completion:0,truthful_qa:0196:completion:2,truthful_qa:0196:completion:0,defended,"lower-bound Pareto dominance: helpfulness, honesty, instruction_following, truthfulness",5.0,2.0,agree,,0.25,0.75,0.5,0.75
pair_fe73cd9c32b7,truthful_qa:0196,truthful_qa:0196:completion:1,truthful_qa:0196:completion:3,truthful_qa:0196:completion:1,defended,"lower-bound Pareto dominance: helpfulness, honesty, instruction_following, truthfulness",7.0,3.0,agree,truthful_qa:0196:completion:1,0.5,1.0,0.5,1.0
pair_25c0d4e995b1,truthful_qa:0197,truthful_qa:0197:completion:3,truthful_qa:0197:completion:0,truthful_qa:0197:completion:3,defended,"lower-bound Pareto dominance: honesty, instruction_following, truthfulness",6.5,8.0,disagree,truthful_qa:0197:completion:0,0.0,0.25,0.25,0.25
pair_4323ea4b7679,truthful_qa:0197,truthful_qa:0197:completion:1,truthful_qa:0197:completion:2,truthful_qa:0197:completion:1,defended,"lower-bound Pareto dominance: helpfulness, honesty, instruction_following",7.0,7.0,overall_tie,,0.5,0.5,0.5,0.0
pair_c07b28db228f,truthful_qa:0197,truthful_qa:0197:completion:1,truthful_qa:0197:completion:3,truthful_qa:0197:completion:1,defended,lower-bound Pareto dominance: helpfulness,7.0,6.5,agree,,0.25,0.0,0.0,0.0
pair_d48071d5c68a,truthful_qa:0197,truthful_qa:0197:completion:0,truthful_qa:0197:completion:2,,ambiguous,cross-objective tradeoff,8.0,7.0,abstained,truthful_qa:0197:completion:0,0.25,0.25,0.25,-0.25
pair_e366ec6a681a,truthful_qa:0197,truthful_qa:0197:completion:3,truthful_qa:0197:completion:2,truthful_qa:0197:completion:3,defended,"lower-bound Pareto dominance: helpfulness, honesty, instruction_following",6.5,7.0,disagree,,0.25,0.5,0.5,0.0
pair_f1d35830a290,truthful_qa:0197,truthful_qa:0197:completion:1,truthful_qa:0197:completion:0,truthful_qa:0197:completion:1,defended,"lower-bound Pareto dominance: helpfulness, honesty, instruction_following, truthfulness",7.0,8.0,disagree,truthful_qa:0197:completion:0,0.25,0.25,0.25,0.25
pair_481b8759b750,truthful_qa:0198,truthful_qa:0198:completion:1,truthful_qa:0198:completion:2,truthful_qa:0198:completion:1,defended,"lower-bound Pareto dominance: honesty, truthfulness",8.0,8.0,overall_tie,,0.0,0.25,0.0,0.5
pair_9151a6687e49,truthful_qa:0198,truthful_qa:0198:completion:1,truthful_qa:0198:completion:0,truthful_qa:0198:completion:1,defended,"lower-bound Pareto dominance: helpfulness, honesty, instruction_following, truthfulness",8.0,5.0,agree,,0.25,0.5,0.5,0.75
pair_9e9f23e33931,truthful_qa:0198,truthful_qa:0198:completion:3,truthful_qa:0198:completion:2,truthful_qa:0198:completion:3,defended,"lower-bound Pareto dominance: honesty, truthfulness",8.5,8.0,agree,truthful_qa:0198:completion:3,0.0,0.25,0.0,0.5
pair_e687f153a7c8,truthful_qa:0198,truthful_qa:0198:completion:2,truthful_qa:0198:completion:0,truthful_qa:0198:completion:2,defended,"lower-bound Pareto dominance: helpfulness, honesty, instruction_following, truthfulness",8.0,5.0,agree,,0.25,0.25,0.5,0.25
pair_f9e63e6a5aae,truthful_qa:0198,truthful_qa:0198:completion:1,truthful_qa:0198:completion:3,,ambiguous,equivalent within epsilon,8.0,8.5,abstained,truthful_qa:0198:completion:3,0.0,0.0,0.0,0.0
pair_feb1432629fb,truthful_qa:0198,truthful_qa:0198:completion:3,truthful_qa:0198:completion:0,truthful_qa:0198:completion:3,defended,"lower-bound Pareto dominance: helpfulness, honesty, instruction_following, truthfulness",8.5,5.0,agree,truthful_qa:0198:completion:3,0.25,0.5,0.5,0.75
pair_3c0753ee86bf,truthful_qa:0199,truthful_qa:0199:completion:1,truthful_qa:0199:completion:2,,ambiguous,cross-objective tradeoff,8.5,7.5,abstained,truthful_qa:0199:completion:1,-0.25,0.0,-0.25,0.5
pair_930726362a0f,truthful_qa:0199,truthful_qa:0199:completion:2,truthful_qa:0199:completion:3,,ambiguous,cross-objective tradeoff,7.5,7.5,abstained,,0.25,0.25,0.5,-0.25
pair_984ec5b06e96,truthful_qa:0199,truthful_qa:0199:completion:0,truthful_qa:0199:completion:3,,ambiguous,cross-objective tradeoff,7.0,7.5,abstained,,-0.5,-0.25,0.0,0.25
pair_a4ffbe030b27,truthful_qa:0199,truthful_qa:0199:completion:1,truthful_qa:0199:completion:3,truthful_qa:0199:completion:1,defended,"lower-bound Pareto dominance: honesty, instruction_following, truthfulness",8.5,7.5,agree,truthful_qa:0199:completion:1,0.0,0.25,0.25,0.25
pair_aa7d08c5b87f,truthful_qa:0199,truthful_qa:0199:completion:1,truthful_qa:0199:completion:0,truthful_qa:0199:completion:1,defended,"lower-bound Pareto dominance: helpfulness, honesty, instruction_following",8.5,7.0,agree,truthful_qa:0199:completion:1,0.5,0.5,0.25,0.0
pair_b12053249c7a,truthful_qa:0199,truthful_qa:0199:completion:0,truthful_qa:0199:completion:2,,ambiguous,cross-objective tradeoff,7.0,7.5,abstained,,-0.75,-0.5,-0.5,0.5
