id,split,pareto,reason,helpfulness_gap,human,preference_strength,matched_pareto,matched_gap,full_yield_gap
helpsteer2:00000,train,1,lower-bound Pareto dominance: correctness,0,1,1,False,False,False
helpsteer2:00001,train,1,"lower-bound Pareto dominance: coherence, correctness",3,1,3,True,True,False
helpsteer2:00002,train,0,equivalent within epsilon,0,1,1,False,False,False
helpsteer2:00003,train,0,equivalent within epsilon,-1,0,0,False,True,False
helpsteer2:00004,train,1,lower-bound Pareto dominance: correctness,1,1,1,True,True,False
helpsteer2:00005,train,-1,lower-bound Pareto dominance: correctness,-1,0,0,True,True,False
helpsteer2:00006,train,-1,lower-bound Pareto dominance: coherence,-1,0,0,True,False,False
helpsteer2:00007,train,0,equivalent within epsilon,1,0,0,False,True,False
helpsteer2:00008,train,-1,"lower-bound Pareto dominance: coherence, correctness",-3,-1,-3,True,True,False
helpsteer2:00009,train,1,lower-bound Pareto dominance: correctness,1,1,1,True,True,False
helpsteer2:00010,train,-1,lower-bound Pareto dominance: correctness,-3,-1,-3,True,True,False
helpsteer2:00011,train,0,equivalent within epsilon,0,0,0,False,False,False
helpsteer2:00012,train,0,equivalent within epsilon,0,0,0,False,False,False
helpsteer2:00013,train,1,lower-bound Pareto dominance: correctness,1,1,1,True,True,False
helpsteer2:00014,train,1,lower-bound Pareto dominance: correctness,1,0,0,True,True,False
helpsteer2:00015,train,-1,lower-bound Pareto dominance: correctness,-1,-1,-1,True,True,False
helpsteer2:00016,train,1,lower-bound Pareto dominance: correctness,2,1,2,True,True,False
helpsteer2:00017,train,1,lower-bound Pareto dominance: coherence,1,0,0,True,True,False
helpsteer2:00018,train,-1,lower-bound Pareto dominance: correctness,-1,-1,-1,True,True,False
helpsteer2:00019,train,-1,"lower-bound Pareto dominance: coherence, correctness",-4,-1,-3,True,True,False
helpsteer2:00020,train,0,equivalent within epsilon,0,0,0,False,False,False
helpsteer2:00021,train,0,equivalent within epsilon,0,0,0,False,False,False
helpsteer2:00022,train,1,lower-bound Pareto dominance: correctness,4,1,3,True,True,False
helpsteer2:00023,train,1,"lower-bound Pareto dominance: coherence, correctness",3,1,2,True,True,False
helpsteer2:00024,train,0,equivalent within epsilon,0,1,1,False,False,False
helpsteer2:00025,train,1,"lower-bound Pareto dominance: coherence, correctness",1,1,1,True,False,False
helpsteer2:00026,train,1,lower-bound Pareto dominance: correctness,2,1,2,True,True,False
helpsteer2:00027,train,1,lower-bound Pareto dominance: correctness,3,1,3,True,True,False
helpsteer2:00028,train,-1,"lower-bound Pareto dominance: coherence, correctness",-2,-1,-2,True,True,False
helpsteer2:00029,train,0,equivalent within epsilon,0,0,0,False,False,False
helpsteer2:00030,train,0,equivalent within epsilon,0,-1,-1,False,False,False
helpsteer2:00031,train,1,"lower-bound Pareto dominance: coherence, correctness",2,1,1,True,True,False
helpsteer2:00032,train,0,equivalent within epsilon,0,-1,-2,False,False,False
helpsteer2:00033,train,0,equivalent within epsilon,0,0,0,False,False,False
helpsteer2:00034,train,-1,lower-bound Pareto dominance: correctness,-2,-1,-1,True,True,False
helpsteer2:00035,train,-1,lower-bound Pareto dominance: correctness,-2,-1,-2,True,True,False
helpsteer2:00036,train,0,equivalent within epsilon,0,0,0,False,False,False
helpsteer2:00037,train,1,lower-bound Pareto dominance: coherence,0,0,0,False,False,False
helpsteer2:00038,train,1,lower-bound Pareto dominance: correctness,2,1,2,True,True,False
helpsteer2:00039,train,1,lower-bound Pareto dominance: correctness,1,1,1,True,True,False
helpsteer2:00040,train,1,"lower-bound Pareto dominance: coherence, correctness",4,1,3,True,True,False
helpsteer2:00041,train,0,equivalent within epsilon,0,0,0,False,False,False
helpsteer2:00042,train,-1,"lower-bound Pareto dominance: coherence, correctness",-2,-1,-2,True,True,False
helpsteer2:00043,train,1,lower-bound Pareto dominance: correctness,0,1,1,False,False,False
helpsteer2:00044,train,-1,"lower-bound Pareto dominance: coherence, correctness",-3,-1,-3,True,True,False
helpsteer2:00045,train,-1,lower-bound Pareto dominance: correctness,-1,0,0,True,True,False
helpsteer2:00046,train,-1,lower-bound Pareto dominance: correctness,-1,-1,-2,True,True,False
helpsteer2:00047,train,1,"lower-bound Pareto dominance: coherence, correctness",0,1,1,False,False,False
helpsteer2:00048,train,0,equivalent within epsilon,0,1,1,False,False,False
helpsteer2:00049,train,1,"lower-bound Pareto dominance: coherence, correctness",2,1,2,True,True,False
helpsteer2:00050,train,-1,lower-bound Pareto dominance: coherence,0,0,0,False,False,False
helpsteer2:00051,train,-1,"lower-bound Pareto dominance: coherence, correctness",-1,-1,-1,True,True,False
helpsteer2:00052,train,-1,lower-bound Pareto dominance: correctness,-1,-1,-1,True,False,False
helpsteer2:00053,train,-1,"lower-bound Pareto dominance: coherence, correctness",-2,-1,-2,True,True,False
helpsteer2:00054,train,1,"lower-bound Pareto dominance: coherence, correctness",3,1,3,True,True,False
helpsteer2:00055,train,0,equivalent within epsilon,0,0,0,False,False,False
helpsteer2:00056,train,0,equivalent within epsilon,0,0,0,False,False,False
helpsteer2:00057,train,1,lower-bound Pareto dominance: coherence,1,1,1,True,True,False
helpsteer2:00058,train,1,lower-bound Pareto dominance: correctness,2,1,1,True,True,False
helpsteer2:00059,train,0,equivalent within epsilon,0,1,1,False,False,False
helpsteer2:00060,train,0,equivalent within epsilon,0,0,0,False,False,False
helpsteer2:00061,train,0,equivalent within epsilon,0,-1,-1,False,False,False
helpsteer2:00062,train,1,"lower-bound Pareto dominance: coherence, correctness",1,1,1,True,True,False
helpsteer2:00063,train,-1,lower-bound Pareto dominance: correctness,-3,-1,-3,True,True,False
helpsteer2:00064,train,1,lower-bound Pareto dominance: correctness,2,1,2,True,True,False
helpsteer2:00065,train,1,lower-bound Pareto dominance: correctness,1,1,1,True,False,False
helpsteer2:00066,train,0,equivalent within epsilon,0,0,0,False,False,False
helpsteer2:00067,train,-1,lower-bound Pareto dominance: correctness,-1,0,0,True,False,False
helpsteer2:00068,train,1,"lower-bound Pareto dominance: coherence, correctness",3,1,3,True,True,False
helpsteer2:00069,train,-1,"lower-bound Pareto dominance: coherence, correctness",-1,-1,-1,True,False,False
helpsteer2:00070,train,-1,"lower-bound Pareto dominance: coherence, correctness",-4,-1,-2,True,True,False
helpsteer2:00071,train,1,"lower-bound Pareto dominance: coherence, correctness",2,1,2,True,True,False
helpsteer2:00072,train,1,lower-bound Pareto dominance: correctness,4,1,3,True,True,False
helpsteer2:00073,train,1,lower-bound Pareto dominance: correctness,2,1,2,True,True,False
helpsteer2:00074,train,-1,"lower-bound Pareto dominance: coherence, correctness",-3,-1,-3,True,True,False
helpsteer2:00075,train,0,equivalent within epsilon,-1,-1,-2,False,True,False
helpsteer2:00076,train,-1,lower-bound Pareto dominance: correctness,-1,0,0,True,True,False
helpsteer2:00077,train,0,equivalent within epsilon,0,-1,-2,False,False,False
helpsteer2:00078,train,-1,lower-bound Pareto dominance: correctness,-4,-1,-3,True,True,False
helpsteer2:00079,train,1,"lower-bound Pareto dominance: coherence, correctness",3,1,3,True,True,False
helpsteer2:00080,train,0,equivalent within epsilon,1,0,0,False,False,False
helpsteer2:00081,train,1,"lower-bound Pareto dominance: coherence, correctness",2,1,2,True,True,False
helpsteer2:00082,train,-1,lower-bound Pareto dominance: correctness,-1,0,0,True,True,False
helpsteer2:00083,train,1,lower-bound Pareto dominance: correctness,1,0,0,True,True,False
helpsteer2:00084,train,1,"lower-bound Pareto dominance: coherence, correctness",1,1,1,True,False,False
helpsteer2:00085,train,-1,lower-bound Pareto dominance: correctness,-4,-1,-3,True,True,False
helpsteer2:00086,train,0,equivalent within epsilon,-1,1,1,False,True,False
helpsteer2:00087,train,-1,lower-bound Pareto dominance: correctness,-4,-1,-3,True,True,False
helpsteer2:00088,train,1,"lower-bound Pareto dominance: coherence, correctness",3,1,2,True,True,False
helpsteer2:00089,train,1,"lower-bound Pareto dominance: coherence, correctness",1,1,1,True,False,False
helpsteer2:00090,train,0,equivalent within epsilon,0,0,0,False,False,False
helpsteer2:00091,train,1,lower-bound Pareto dominance: correctness,1,1,1,True,True,False
helpsteer2:00092,train,1,lower-bound Pareto dominance: correctness,1,1,2,True,True,False
helpsteer2:00093,train,-1,"lower-bound Pareto dominance: coherence, correctness",-2,-1,-2,True,True,False
helpsteer2:00094,train,-1,"lower-bound Pareto dominance: coherence, correctness",-1,-1,-1,True,True,False
helpsteer2:00095,train,0,equivalent within epsilon,-1,0,0,False,True,False
helpsteer2:00096,train,1,lower-bound Pareto dominance: coherence,0,1,1,False,False,False
helpsteer2:00097,train,1,lower-bound Pareto dominance: correctness,0,0,0,False,False,False
helpsteer2:00098,train,1,lower-bound Pareto dominance: correctness,1,1,2,True,True,False
helpsteer2:00099,train,-1,"lower-bound Pareto dominance: coherence, correctness",-1,-1,-1,True,True,False
helpsteer2:00100,train,1,"lower-bound Pareto dominance: coherence, correctness",2,1,2,True,True,False
helpsteer2:00101,train,1,"lower-bound Pareto dominance: coherence, correctness",2,1,2,True,True,False
helpsteer2:00102,train,1,lower-bound Pareto dominance: correctness,0,0,0,False,False,False
helpsteer2:00103,train,0,equivalent within epsilon,0,1,2,False,False,False
helpsteer2:00104,train,-1,"lower-bound Pareto dominance: coherence, correctness",-2,-1,-2,True,True,False
helpsteer2:00105,train,1,"lower-bound Pareto dominance: coherence, correctness",1,1,1,True,True,False
helpsteer2:00106,train,-1,lower-bound Pareto dominance: correctness,-3,-1,-3,True,True,False
helpsteer2:00107,train,-1,lower-bound Pareto dominance: correctness,-1,-1,-2,True,False,False
helpsteer2:00108,train,1,"lower-bound Pareto dominance: coherence, correctness",1,1,2,True,True,False
helpsteer2:00109,train,1,lower-bound Pareto dominance: correctness,2,1,2,True,True,False
helpsteer2:00110,train,-1,"lower-bound Pareto dominance: coherence, correctness",-2,-1,-2,True,True,False
helpsteer2:00111,train,-1,"lower-bound Pareto dominance: coherence, correctness",-2,-1,-3,True,True,False
helpsteer2:00112,train,1,lower-bound Pareto dominance: coherence,0,-1,-2,False,False,False
helpsteer2:00113,train,-1,lower-bound Pareto dominance: coherence,1,0,0,True,False,False
helpsteer2:00114,train,0,equivalent within epsilon,1,0,0,False,True,False
helpsteer2:00115,train,1,"lower-bound Pareto dominance: coherence, correctness",3,1,2,True,True,False
helpsteer2:00116,train,0,cross-objective tradeoff,1,0,0,False,True,False
helpsteer2:00117,train,0,equivalent within epsilon,0,1,1,False,False,False
helpsteer2:00118,train,-1,lower-bound Pareto dominance: coherence,-1,0,0,True,True,False
helpsteer2:00119,train,0,equivalent within epsilon,0,0,0,False,False,False
helpsteer2:00120,train,0,equivalent within epsilon,0,0,0,False,False,False
helpsteer2:00121,train,-1,"lower-bound Pareto dominance: coherence, correctness",-2,-1,-2,True,True,False
helpsteer2:00122,train,-1,lower-bound Pareto dominance: coherence,-1,0,0,True,True,False
helpsteer2:00123,train,-1,lower-bound Pareto dominance: correctness,0,0,0,False,False,False
helpsteer2:00124,train,-1,lower-bound Pareto dominance: correctness,-3,-1,-3,True,True,False
helpsteer2:00125,train,-1,lower-bound Pareto dominance: correctness,-1,-1,-1,True,True,False
helpsteer2:00126,train,0,equivalent within epsilon,0,1,1,False,False,False
helpsteer2:00127,train,-1,lower-bound Pareto dominance: coherence,0,0,0,False,False,False
helpsteer2:00128,train,1,lower-bound Pareto dominance: correctness,1,1,1,True,True,False
helpsteer2:00129,train,0,equivalent within epsilon,-1,-1,-1,False,True,False
helpsteer2:00130,train,1,lower-bound Pareto dominance: correctness,2,1,2,True,True,False
helpsteer2:00131,train,-1,lower-bound Pareto dominance: correctness,-1,0,0,True,True,False
helpsteer2:00132,train,0,equivalent within epsilon,0,1,1,False,False,False
helpsteer2:00133,train,0,equivalent within epsilon,0,-1,-2,False,False,False
helpsteer2:00134,train,0,equivalent within epsilon,0,0,0,False,False,False
helpsteer2:00135,train,1,"lower-bound Pareto dominance: coherence, correctness",1,1,1,True,True,False
helpsteer2:00136,train,-1,lower-bound Pareto dominance: correctness,-1,-1,-1,True,True,False
helpsteer2:00137,train,0,equivalent within epsilon,0,0,0,False,False,False
helpsteer2:00138,train,1,"lower-bound Pareto dominance: coherence, correctness",2,1,1,True,True,False
helpsteer2:00139,train,1,"lower-bound Pareto dominance: coherence, correctness",0,0,0,False,False,False
helpsteer2:00140,train,0,equivalent within epsilon,0,0,0,False,False,False
helpsteer2:00141,train,0,equivalent within epsilon,0,0,0,False,False,False
helpsteer2:00142,train,0,equivalent within epsilon,0,1,1,False,False,False
helpsteer2:00143,train,1,"lower-bound Pareto dominance: coherence, correctness",2,1,2,True,True,False
helpsteer2:00144,train,1,"lower-bound Pareto dominance: coherence, correctness",2,1,2,True,True,False
helpsteer2:00145,train,-1,"lower-bound Pareto dominance: coherence, correctness",-4,-1,-3,True,True,False
helpsteer2:00146,train,1,lower-bound Pareto dominance: correctness,1,1,2,True,True,False
helpsteer2:00147,train,-1,"lower-bound Pareto dominance: coherence, correctness",-2,-1,-2,True,True,False
helpsteer2:00148,train,1,lower-bound Pareto dominance: correctness,1,1,1,True,True,False
helpsteer2:00149,train,1,lower-bound Pareto dominance: correctness,2,1,2,True,True,False
helpsteer2:00150,train,0,equivalent within epsilon,0,-1,-1,False,False,False
helpsteer2:00151,train,-1,"lower-bound Pareto dominance: coherence, correctness",-1,-1,-2,True,True,False
helpsteer2:00152,train,0,equivalent within epsilon,0,0,0,False,False,False
helpsteer2:00153,train,-1,lower-bound Pareto dominance: coherence,0,0,0,False,False,False
helpsteer2:00154,train,1,"lower-bound Pareto dominance: coherence, correctness",1,1,1,True,False,False
helpsteer2:00155,train,-1,lower-bound Pareto dominance: coherence,-2,-1,-2,True,True,False
helpsteer2:00156,train,-1,lower-bound Pareto dominance: coherence,-1,-1,-1,True,True,False
helpsteer2:00157,train,-1,lower-bound Pareto dominance: correctness,-1,-1,-1,True,True,False
helpsteer2:00158,train,-1,"lower-bound Pareto dominance: coherence, correctness",-4,-1,-3,True,True,False
helpsteer2:00159,train,-1,"lower-bound Pareto dominance: coherence, correctness",-1,-1,-1,True,True,False
helpsteer2:00160,train,-1,"lower-bound Pareto dominance: coherence, correctness",-3,-1,-3,True,True,False
helpsteer2:00161,train,-1,lower-bound Pareto dominance: correctness,-1,-1,-1,True,True,False
helpsteer2:00162,train,0,equivalent within epsilon,0,0,0,False,False,False
helpsteer2:00163,train,1,"lower-bound Pareto dominance: coherence, correctness",1,0,0,True,True,False
helpsteer2:00164,train,1,"lower-bound Pareto dominance: coherence, correctness",4,1,3,True,True,False
helpsteer2:00165,train,0,equivalent within epsilon,0,0,0,False,False,False
helpsteer2:00166,train,1,lower-bound Pareto dominance: correctness,2,1,2,True,True,False
helpsteer2:00167,train,0,equivalent within epsilon,0,0,0,False,False,False
helpsteer2:00168,train,-1,lower-bound Pareto dominance: correctness,-1,-1,-1,True,False,False
helpsteer2:00169,train,0,equivalent within epsilon,0,0,0,False,False,False
helpsteer2:00170,train,-1,lower-bound Pareto dominance: correctness,-4,-1,-3,True,True,False
helpsteer2:00171,train,-1,"lower-bound Pareto dominance: coherence, correctness",-2,-1,-2,True,True,False
helpsteer2:00172,train,-1,"lower-bound Pareto dominance: coherence, correctness",-2,-1,-2,True,True,False
helpsteer2:00173,train,-1,lower-bound Pareto dominance: correctness,-2,-1,-1,True,True,False
helpsteer2:00174,train,1,"lower-bound Pareto dominance: coherence, correctness",0,0,0,False,False,False
helpsteer2:00175,train,0,equivalent within epsilon,0,1,1,False,False,False
helpsteer2:00176,train,0,equivalent within epsilon,-1,-1,-1,False,True,False
helpsteer2:00177,train,1,lower-bound Pareto dominance: correctness,1,1,1,True,True,False
helpsteer2:00178,train,0,equivalent within epsilon,0,0,0,False,False,False
helpsteer2:00179,train,0,equivalent within epsilon,0,0,0,False,False,False
helpsteer2:00180,train,1,"lower-bound Pareto dominance: coherence, correctness",1,1,1,True,True,False
helpsteer2:00181,train,-1,"lower-bound Pareto dominance: coherence, correctness",-2,-1,-2,True,True,False
helpsteer2:00182,train,1,lower-bound Pareto dominance: correctness,1,1,1,True,True,False
helpsteer2:00183,train,1,lower-bound Pareto dominance: correctness,4,1,2,True,True,False
helpsteer2:00184,train,0,equivalent within epsilon,0,0,0,False,False,False
helpsteer2:00185,train,1,"lower-bound Pareto dominance: coherence, correctness",1,1,2,True,True,False
helpsteer2:00186,train,-1,lower-bound Pareto dominance: correctness,-3,-1,-3,True,True,False
helpsteer2:00187,train,-1,lower-bound Pareto dominance: correctness,-1,-1,-1,True,True,False
helpsteer2:00188,train,-1,lower-bound Pareto dominance: correctness,-2,-1,-2,True,True,False
helpsteer2:00189,train,1,"lower-bound Pareto dominance: coherence, correctness",4,1,3,True,True,False
helpsteer2:00190,train,1,lower-bound Pareto dominance: correctness,2,1,2,True,True,False
helpsteer2:00191,train,-1,lower-bound Pareto dominance: coherence,0,0,0,False,False,False
helpsteer2:00192,train,0,equivalent within epsilon,0,1,1,False,False,False
helpsteer2:00193,train,0,equivalent within epsilon,0,1,1,False,False,False
helpsteer2:00194,train,1,"lower-bound Pareto dominance: coherence, correctness",1,1,1,True,True,False
helpsteer2:00195,train,0,cross-objective tradeoff,3,1,3,False,True,False
helpsteer2:00196,train,-1,"lower-bound Pareto dominance: coherence, correctness",-2,-1,-1,True,True,False
helpsteer2:00197,train,0,equivalent within epsilon,0,0,0,False,False,False
helpsteer2:00198,train,1,lower-bound Pareto dominance: correctness,1,0,0,True,True,False
helpsteer2:00199,train,1,lower-bound Pareto dominance: correctness,3,1,3,True,True,False
helpsteer2:00200,train,1,lower-bound Pareto dominance: correctness,-3,-1,-2,True,True,False
helpsteer2:00201,train,-1,"lower-bound Pareto dominance: coherence, correctness",-2,-1,-2,True,True,False
helpsteer2:00202,train,0,equivalent within epsilon,0,0,0,False,False,False
helpsteer2:00203,train,0,equivalent within epsilon,0,-1,-1,False,False,False
helpsteer2:00204,train,1,"lower-bound Pareto dominance: coherence, correctness",3,1,3,True,True,False
helpsteer2:00205,train,-1,"lower-bound Pareto dominance: coherence, correctness",-4,-1,-3,True,True,False
helpsteer2:00206,train,-1,lower-bound Pareto dominance: correctness,-2,-1,-2,True,True,False
helpsteer2:00207,train,-1,lower-bound Pareto dominance: correctness,-4,-1,-3,True,True,False
helpsteer2:00208,train,-1,"lower-bound Pareto dominance: coherence, correctness",-3,-1,-3,True,True,False
helpsteer2:00209,train,0,equivalent within epsilon,0,-1,-1,False,False,False
helpsteer2:00210,train,-1,"lower-bound Pareto dominance: coherence, correctness",-2,-1,-2,True,True,False
helpsteer2:00211,train,-1,"lower-bound Pareto dominance: coherence, correctness",-3,-1,-2,True,True,False
helpsteer2:00212,train,0,equivalent within epsilon,0,0,0,False,False,False
helpsteer2:00213,train,1,"lower-bound Pareto dominance: coherence, correctness",1,1,1,True,True,False
helpsteer2:00214,train,1,"lower-bound Pareto dominance: coherence, correctness",3,1,3,True,True,False
helpsteer2:00215,train,-1,"lower-bound Pareto dominance: coherence, correctness",-1,-1,-2,True,True,False
helpsteer2:00216,train,1,"lower-bound Pareto dominance: coherence, correctness",1,1,1,True,True,False
helpsteer2:00217,train,0,equivalent within epsilon,0,-1,-1,False,False,False
helpsteer2:00218,train,0,equivalent within epsilon,0,0,0,False,False,False
helpsteer2:00219,train,-1,"lower-bound Pareto dominance: coherence, correctness",-4,-1,-3,True,True,False
helpsteer2:00220,train,1,"lower-bound Pareto dominance: coherence, correctness",1,0,0,True,False,False
helpsteer2:00221,train,-1,lower-bound Pareto dominance: coherence,-1,0,0,True,True,False
helpsteer2:00222,train,-1,lower-bound Pareto dominance: correctness,-1,-1,-1,True,True,False
helpsteer2:00223,train,0,equivalent within epsilon,0,-1,-1,False,False,False
helpsteer2:00224,train,1,"lower-bound Pareto dominance: coherence, correctness",2,1,2,True,True,False
helpsteer2:00225,train,0,equivalent within epsilon,-1,0,0,False,False,False
helpsteer2:00226,train,-1,lower-bound Pareto dominance: correctness,-1,-1,-1,True,True,False
helpsteer2:00227,train,1,"lower-bound Pareto dominance: coherence, correctness",2,1,2,True,True,False
helpsteer2:00228,train,0,equivalent within epsilon,0,0,0,False,False,False
helpsteer2:00229,train,-1,lower-bound Pareto dominance: correctness,-4,-1,-3,True,True,False
helpsteer2:00230,train,1,lower-bound Pareto dominance: coherence,-1,-1,-1,True,True,False
helpsteer2:00231,train,1,lower-bound Pareto dominance: correctness,1,1,1,True,True,False
helpsteer2:00232,train,1,lower-bound Pareto dominance: correctness,3,1,1,True,True,False
helpsteer2:00233,train,0,equivalent within epsilon,0,-1,-1,False,False,False
helpsteer2:00234,train,0,equivalent within epsilon,0,0,0,False,False,False
helpsteer2:00235,train,0,equivalent within epsilon,0,0,0,False,False,False
helpsteer2:00236,train,0,equivalent within epsilon,0,0,0,False,False,False
helpsteer2:00237,train,1,lower-bound Pareto dominance: coherence,1,1,2,True,True,False
helpsteer2:00238,train,1,"lower-bound Pareto dominance: coherence, correctness",1,1,1,True,True,False
helpsteer2:00239,train,0,equivalent within epsilon,0,1,1,False,False,False
helpsteer2:00240,train,-1,lower-bound Pareto dominance: correctness,-2,-1,-2,True,True,False
helpsteer2:00241,train,0,equivalent within epsilon,0,-1,-2,False,False,False
helpsteer2:00242,train,-1,"lower-bound Pareto dominance: coherence, correctness",-3,-1,-3,True,True,False
helpsteer2:00243,train,1,"lower-bound Pareto dominance: coherence, correctness",2,1,2,True,True,False
helpsteer2:00244,train,1,lower-bound Pareto dominance: correctness,4,1,3,True,True,False
helpsteer2:00245,train,1,lower-bound Pareto dominance: correctness,1,1,1,True,True,False
helpsteer2:00246,train,-1,lower-bound Pareto dominance: correctness,-1,-1,-1,True,True,False
helpsteer2:00247,train,0,equivalent within epsilon,0,0,0,False,False,False
helpsteer2:00248,train,0,equivalent within epsilon,0,0,0,False,False,False
helpsteer2:00249,train,0,equivalent within epsilon,0,0,0,False,False,False
helpsteer2:00250,train,1,"lower-bound Pareto dominance: coherence, correctness",1,1,2,True,True,False
helpsteer2:00251,train,1,lower-bound Pareto dominance: correctness,1,1,1,True,True,False
helpsteer2:00252,train,-1,lower-bound Pareto dominance: coherence,-1,-1,-1,True,True,False
helpsteer2:00253,train,-1,"lower-bound Pareto dominance: coherence, correctness",-4,-1,-3,True,True,False
helpsteer2:00254,train,-1,lower-bound Pareto dominance: correctness,-2,-1,-2,True,True,False
helpsteer2:00255,train,-1,lower-bound Pareto dominance: correctness,-4,-1,-3,True,True,False
helpsteer2:00256,train,1,lower-bound Pareto dominance: correctness,2,1,2,True,True,False
helpsteer2:00257,train,-1,"lower-bound Pareto dominance: coherence, correctness",0,-1,-1,False,False,False
helpsteer2:00258,train,1,"lower-bound Pareto dominance: coherence, correctness",2,1,2,True,True,False
helpsteer2:00259,train,1,"lower-bound Pareto dominance: coherence, correctness",3,1,2,True,True,False
helpsteer2:00260,train,1,lower-bound Pareto dominance: correctness,2,1,1,True,True,False
helpsteer2:00261,train,-1,lower-bound Pareto dominance: coherence,0,-1,-1,False,False,False
helpsteer2:00262,train,-1,lower-bound Pareto dominance: correctness,-1,-1,-2,True,True,False
helpsteer2:00263,train,-1,lower-bound Pareto dominance: correctness,-1,-1,-2,True,False,False
helpsteer2:00264,train,-1,"lower-bound Pareto dominance: coherence, correctness",-1,-1,-3,True,True,False
helpsteer2:00265,train,0,equivalent within epsilon,0,1,1,False,False,False
helpsteer2:00266,train,1,"lower-bound Pareto dominance: coherence, correctness",4,1,3,True,True,False
helpsteer2:00267,train,0,equivalent within epsilon,0,0,0,False,False,False
helpsteer2:00268,train,-1,lower-bound Pareto dominance: coherence,0,0,0,False,False,False
helpsteer2:00269,train,1,"lower-bound Pareto dominance: coherence, correctness",1,1,1,True,True,False
helpsteer2:00270,train,0,equivalent within epsilon,0,-1,-1,False,False,False
helpsteer2:00271,train,0,equivalent within epsilon,0,0,0,False,False,False
helpsteer2:00272,train,-1,lower-bound Pareto dominance: correctness,-1,-1,-1,True,True,False
helpsteer2:00273,train,1,lower-bound Pareto dominance: correctness,2,1,2,True,True,False
helpsteer2:00274,train,0,equivalent within epsilon,0,1,2,False,False,False
helpsteer2:00275,train,1,lower-bound Pareto dominance: correctness,1,1,1,True,False,False
helpsteer2:00276,train,1,lower-bound Pareto dominance: coherence,0,0,0,False,False,False
helpsteer2:00277,train,0,equivalent within epsilon,0,0,0,False,False,False
helpsteer2:00278,train,-1,lower-bound Pareto dominance: correctness,-2,-1,-1,True,True,False
helpsteer2:00279,train,1,"lower-bound Pareto dominance: coherence, correctness",1,1,1,True,True,False
helpsteer2:00280,train,1,lower-bound Pareto dominance: correctness,0,1,1,False,False,False
helpsteer2:00281,train,1,"lower-bound Pareto dominance: coherence, correctness",4,1,2,True,True,False
helpsteer2:00282,train,1,"lower-bound Pareto dominance: coherence, correctness",1,1,1,True,True,False
helpsteer2:00283,train,0,cross-objective tradeoff,-1,-1,-1,False,True,False
helpsteer2:00284,train,0,equivalent within epsilon,0,0,0,False,False,False
helpsteer2:00285,train,0,equivalent within epsilon,1,1,1,False,True,False
helpsteer2:00286,train,0,equivalent within epsilon,0,0,0,False,False,False
helpsteer2:00287,train,1,lower-bound Pareto dominance: correctness,1,0,0,True,True,False
helpsteer2:00288,train,-1,"lower-bound Pareto dominance: coherence, correctness",-2,-1,-2,True,True,False
helpsteer2:00289,train,1,"lower-bound Pareto dominance: coherence, correctness",4,1,3,True,True,False
helpsteer2:00290,train,-1,"lower-bound Pareto dominance: coherence, correctness",-4,-1,-3,True,True,False
helpsteer2:00291,train,-1,"lower-bound Pareto dominance: coherence, correctness",-4,-1,-3,True,True,False
helpsteer2:00292,train,-1,lower-bound Pareto dominance: coherence,0,-1,-2,False,False,False
helpsteer2:00293,train,1,"lower-bound Pareto dominance: coherence, correctness",4,1,3,True,True,False
helpsteer2:00294,train,1,lower-bound Pareto dominance: coherence,0,1,1,False,False,False
helpsteer2:00295,train,-1,lower-bound Pareto dominance: coherence,0,0,0,False,False,False
helpsteer2:00296,train,1,lower-bound Pareto dominance: correctness,1,0,0,True,True,False
helpsteer2:00297,train,1,lower-bound Pareto dominance: correctness,2,1,2,True,True,False
helpsteer2:00298,train,-1,"lower-bound Pareto dominance: coherence, correctness",-4,-1,-3,True,True,False
helpsteer2:00299,train,1,lower-bound Pareto dominance: correctness,1,1,1,True,True,False
helpsteer2:00300,train,1,"lower-bound Pareto dominance: coherence, correctness",2,1,2,True,True,False
helpsteer2:00301,train,1,lower-bound Pareto dominance: correctness,3,1,3,True,True,False
helpsteer2:00302,train,1,lower-bound Pareto dominance: correctness,2,1,2,True,True,False
helpsteer2:00303,train,-1,"lower-bound Pareto dominance: coherence, correctness",-1,-1,-2,True,True,False
helpsteer2:00304,train,-1,"lower-bound Pareto dominance: coherence, correctness",-4,-1,-3,True,True,False
helpsteer2:00305,train,-1,"lower-bound Pareto dominance: coherence, correctness",-2,-1,-2,True,True,False
helpsteer2:00306,train,1,"lower-bound Pareto dominance: coherence, correctness",4,1,3,True,True,False
helpsteer2:00307,train,-1,"lower-bound Pareto dominance: coherence, correctness",-3,-1,-3,True,True,False
helpsteer2:00308,train,-1,lower-bound Pareto dominance: correctness,-1,-1,-1,True,False,False
helpsteer2:00309,train,1,lower-bound Pareto dominance: correctness,3,1,3,True,True,False
helpsteer2:00310,train,1,"lower-bound Pareto dominance: coherence, correctness",3,1,3,True,True,False
helpsteer2:00311,train,-1,"lower-bound Pareto dominance: coherence, correctness",-2,-1,-2,True,True,False
helpsteer2:00312,train,-1,lower-bound Pareto dominance: correctness,-2,-1,-2,True,True,False
helpsteer2:00313,train,-1,"lower-bound Pareto dominance: coherence, correctness",-4,-1,-3,True,True,False
helpsteer2:00314,train,1,lower-bound Pareto dominance: correctness,2,1,2,True,True,False
helpsteer2:00315,train,-1,lower-bound Pareto dominance: correctness,-4,-1,-3,True,True,False
helpsteer2:00316,train,-1,lower-bound Pareto dominance: correctness,-3,-1,-2,True,True,False
helpsteer2:00317,train,1,lower-bound Pareto dominance: correctness,2,1,2,True,True,False
helpsteer2:00318,train,0,equivalent within epsilon,0,1,1,False,False,False
helpsteer2:00319,train,1,"lower-bound Pareto dominance: coherence, correctness",3,1,3,True,True,False
helpsteer2:00320,train,1,lower-bound Pareto dominance: coherence,1,1,1,True,True,False
helpsteer2:00321,train,0,equivalent within epsilon,0,0,0,False,False,False
helpsteer2:00322,train,1,"lower-bound Pareto dominance: coherence, correctness",2,1,2,True,True,False
helpsteer2:00323,train,1,lower-bound Pareto dominance: correctness,4,1,2,True,True,False
helpsteer2:00324,train,0,equivalent within epsilon,0,0,0,False,False,False
helpsteer2:00325,train,-1,lower-bound Pareto dominance: correctness,-1,-1,-1,True,True,False
helpsteer2:00326,train,1,lower-bound Pareto dominance: correctness,2,1,2,True,True,False
helpsteer2:00327,train,-1,"lower-bound Pareto dominance: coherence, correctness",-2,-1,-3,True,True,False
helpsteer2:00328,train,1,"lower-bound Pareto dominance: coherence, correctness",3,1,3,True,True,False
helpsteer2:00329,train,0,equivalent within epsilon,-1,-1,-2,False,True,False
helpsteer2:00330,train,-1,"lower-bound Pareto dominance: coherence, correctness",-3,-1,-3,True,True,False
helpsteer2:00331,train,1,lower-bound Pareto dominance: coherence,1,1,1,True,True,False
helpsteer2:00332,train,1,lower-bound Pareto dominance: coherence,1,1,1,True,True,False
helpsteer2:00333,train,1,"lower-bound Pareto dominance: coherence, correctness",1,1,2,True,True,False
helpsteer2:00334,train,1,lower-bound Pareto dominance: correctness,2,1,3,True,True,False
helpsteer2:00335,train,0,equivalent within epsilon,0,0,0,False,False,False
helpsteer2:00336,train,-1,lower-bound Pareto dominance: correctness,-1,-1,-1,True,True,False
helpsteer2:00337,train,1,"lower-bound Pareto dominance: coherence, correctness",1,1,2,True,True,False
helpsteer2:00338,train,0,equivalent within epsilon,1,0,0,False,True,False
helpsteer2:00339,train,1,lower-bound Pareto dominance: correctness,1,1,1,True,True,False
helpsteer2:00340,train,1,lower-bound Pareto dominance: correctness,1,1,1,True,True,False
helpsteer2:00341,train,-1,lower-bound Pareto dominance: correctness,-3,-1,-3,True,True,False
helpsteer2:00342,train,0,equivalent within epsilon,0,-1,-1,False,False,False
helpsteer2:00343,train,1,lower-bound Pareto dominance: correctness,1,1,1,True,True,False
helpsteer2:00344,train,1,lower-bound Pareto dominance: correctness,2,1,2,True,True,False
helpsteer2:00345,train,-1,"lower-bound Pareto dominance: coherence, correctness",-3,-1,-3,True,True,False
helpsteer2:00346,train,1,"lower-bound Pareto dominance: coherence, correctness",2,1,2,True,True,False
helpsteer2:00347,train,-1,lower-bound Pareto dominance: correctness,-1,-1,-1,True,True,False
helpsteer2:00348,train,-1,"lower-bound Pareto dominance: coherence, correctness",-1,-1,-1,True,False,False
helpsteer2:00349,train,-1,"lower-bound Pareto dominance: coherence, correctness",-2,-1,-2,True,True,False
helpsteer2:00350,train,1,lower-bound Pareto dominance: correctness,3,1,3,True,True,False
helpsteer2:00351,train,-1,lower-bound Pareto dominance: correctness,-1,0,0,True,True,False
helpsteer2:00352,train,-1,"lower-bound Pareto dominance: coherence, correctness",-2,-1,-2,True,True,False
helpsteer2:00353,train,1,"lower-bound Pareto dominance: coherence, correctness",2,1,2,True,True,False
helpsteer2:00354,train,-1,"lower-bound Pareto dominance: coherence, correctness",-1,-1,-1,True,True,False
helpsteer2:00355,train,0,equivalent within epsilon,-1,0,0,False,True,False
helpsteer2:00356,train,1,"lower-bound Pareto dominance: coherence, correctness",2,1,2,True,True,False
helpsteer2:00357,train,1,"lower-bound Pareto dominance: coherence, correctness",1,1,1,True,True,False
helpsteer2:00358,train,1,lower-bound Pareto dominance: correctness,1,1,2,True,True,False
helpsteer2:00359,train,0,equivalent within epsilon,0,-1,-2,False,False,False
helpsteer2:00360,train,1,lower-bound Pareto dominance: correctness,1,1,2,True,True,False
helpsteer2:00361,train,1,lower-bound Pareto dominance: correctness,4,1,3,True,True,False
helpsteer2:00362,train,-1,lower-bound Pareto dominance: correctness,-1,0,0,True,False,False
helpsteer2:00363,train,0,equivalent within epsilon,0,-1,-1,False,False,False
helpsteer2:00364,train,-1,lower-bound Pareto dominance: correctness,-4,-1,-3,True,True,False
helpsteer2:00365,train,1,lower-bound Pareto dominance: correctness,3,1,2,True,True,False
helpsteer2:00366,train,1,lower-bound Pareto dominance: correctness,1,1,1,True,True,False
helpsteer2:00367,train,-1,lower-bound Pareto dominance: correctness,-1,-1,-2,True,True,False
helpsteer2:00368,train,0,equivalent within epsilon,3,1,3,False,True,False
helpsteer2:00369,train,-1,lower-bound Pareto dominance: correctness,-4,-1,-3,True,True,False
helpsteer2:00370,train,0,equivalent within epsilon,0,0,0,False,False,False
helpsteer2:00371,train,0,equivalent within epsilon,2,1,1,False,True,False
helpsteer2:00372,train,1,"lower-bound Pareto dominance: coherence, correctness",2,1,2,True,True,False
helpsteer2:00373,train,1,lower-bound Pareto dominance: correctness,4,1,3,True,True,False
helpsteer2:00374,train,1,"lower-bound Pareto dominance: coherence, correctness",2,1,2,True,True,False
helpsteer2:00375,train,-1,"lower-bound Pareto dominance: coherence, correctness",-3,-1,-3,True,True,False
helpsteer2:00376,train,-1,lower-bound Pareto dominance: correctness,-1,-1,-1,True,False,False
helpsteer2:00377,train,-1,"lower-bound Pareto dominance: coherence, correctness",-2,-1,-2,True,True,False
helpsteer2:00378,train,-1,lower-bound Pareto dominance: correctness,0,-1,-2,False,False,False
helpsteer2:00379,train,1,"lower-bound Pareto dominance: coherence, correctness",1,1,1,True,False,False
helpsteer2:00380,train,-1,"lower-bound Pareto dominance: coherence, correctness",-3,-1,-3,True,True,False
helpsteer2:00381,train,1,lower-bound Pareto dominance: correctness,1,1,1,True,True,False
helpsteer2:00382,train,0,equivalent within epsilon,0,0,0,False,False,False
helpsteer2:00383,train,-1,lower-bound Pareto dominance: coherence,-1,0,0,True,True,False
helpsteer2:00384,train,1,lower-bound Pareto dominance: correctness,0,0,0,False,False,False
helpsteer2:00385,train,1,lower-bound Pareto dominance: coherence,0,-1,-3,False,False,False
helpsteer2:00386,train,0,equivalent within epsilon,0,1,1,False,False,False
helpsteer2:00387,train,1,lower-bound Pareto dominance: coherence,0,1,1,False,False,False
helpsteer2:00388,train,-1,"lower-bound Pareto dominance: coherence, correctness",-3,-1,-2,True,True,False
helpsteer2:00389,train,-1,"lower-bound Pareto dominance: coherence, correctness",-2,-1,-2,True,True,False
helpsteer2:00390,train,-1,lower-bound Pareto dominance: correctness,-1,-1,-1,True,True,False
helpsteer2:00391,train,1,"lower-bound Pareto dominance: coherence, correctness",2,1,2,True,True,False
helpsteer2:00392,train,-1,lower-bound Pareto dominance: correctness,-4,-1,-3,True,True,False
helpsteer2:00393,train,-1,lower-bound Pareto dominance: correctness,-4,-1,-3,True,True,False
helpsteer2:00394,train,1,"lower-bound Pareto dominance: coherence, correctness",3,1,2,True,True,False
helpsteer2:00395,train,1,"lower-bound Pareto dominance: coherence, correctness",3,1,2,True,True,False
helpsteer2:00396,train,0,equivalent within epsilon,0,-1,-2,False,False,False
helpsteer2:00397,train,-1,lower-bound Pareto dominance: coherence,-1,-1,-1,True,False,False
helpsteer2:00398,train,-1,lower-bound Pareto dominance: correctness,-2,-1,-2,True,True,False
helpsteer2:00399,train,1,lower-bound Pareto dominance: correctness,3,1,3,True,True,False
helpsteer2:00400,train,-1,"lower-bound Pareto dominance: coherence, correctness",-1,0,0,True,True,False
helpsteer2:00401,train,1,lower-bound Pareto dominance: correctness,2,1,2,True,True,False
helpsteer2:00402,train,1,lower-bound Pareto dominance: correctness,1,0,0,True,True,False
helpsteer2:00403,train,-1,"lower-bound Pareto dominance: coherence, correctness",-4,-1,-3,True,True,False
helpsteer2:00404,train,-1,"lower-bound Pareto dominance: coherence, correctness",-4,-1,-3,True,True,False
helpsteer2:00405,train,1,lower-bound Pareto dominance: correctness,1,1,1,True,True,False
helpsteer2:00406,train,-1,"lower-bound Pareto dominance: coherence, correctness",-3,-1,-2,True,True,False
helpsteer2:00407,train,0,equivalent within epsilon,0,1,1,False,False,False
helpsteer2:00408,train,1,lower-bound Pareto dominance: correctness,2,1,2,True,True,False
helpsteer2:00409,train,-1,lower-bound Pareto dominance: correctness,-4,-1,-3,True,True,False
helpsteer2:00410,train,-1,"lower-bound Pareto dominance: coherence, correctness",-2,-1,-2,True,True,False
helpsteer2:00411,train,-1,lower-bound Pareto dominance: correctness,0,-1,-1,False,False,False
helpsteer2:00412,train,1,"lower-bound Pareto dominance: coherence, correctness",1,1,1,True,False,False
helpsteer2:00413,train,1,"lower-bound Pareto dominance: coherence, correctness",2,1,2,True,True,False
helpsteer2:00414,train,-1,lower-bound Pareto dominance: coherence,0,0,0,False,False,False
helpsteer2:00415,train,-1,lower-bound Pareto dominance: correctness,-4,-1,-3,True,True,False
helpsteer2:00416,train,-1,lower-bound Pareto dominance: coherence,-1,-1,-1,True,True,False
helpsteer2:00417,train,0,equivalent within epsilon,0,0,0,False,False,False
helpsteer2:00418,train,1,"lower-bound Pareto dominance: coherence, correctness",1,1,1,True,True,False
helpsteer2:00419,train,1,lower-bound Pareto dominance: coherence,3,1,1,True,True,False
helpsteer2:00420,train,-1,lower-bound Pareto dominance: correctness,-2,-1,-2,True,True,False
helpsteer2:00421,train,-1,lower-bound Pareto dominance: correctness,-3,-1,-3,True,True,False
helpsteer2:00422,train,0,equivalent within epsilon,0,0,0,False,False,False
helpsteer2:00423,train,-1,"lower-bound Pareto dominance: coherence, correctness",-1,-1,-2,True,True,False
helpsteer2:00424,train,1,lower-bound Pareto dominance: correctness,2,1,2,True,True,False
helpsteer2:00425,train,0,equivalent within epsilon,0,0,0,False,False,False
helpsteer2:00426,train,-1,lower-bound Pareto dominance: correctness,-3,-1,-1,True,True,False
helpsteer2:00427,train,0,equivalent within epsilon,0,-1,-2,False,False,False
helpsteer2:00428,train,1,lower-bound Pareto dominance: coherence,-1,-1,-1,True,False,False
helpsteer2:00429,train,1,lower-bound Pareto dominance: coherence,0,1,1,False,False,False
helpsteer2:00430,train,0,equivalent within epsilon,0,1,1,False,False,False
helpsteer2:00431,train,1,lower-bound Pareto dominance: correctness,3,-1,-1,True,True,False
helpsteer2:00432,train,0,equivalent within epsilon,1,1,1,False,True,False
helpsteer2:00433,train,-1,lower-bound Pareto dominance: coherence,-1,-1,-1,True,True,False
helpsteer2:00434,train,-1,lower-bound Pareto dominance: correctness,0,0,0,False,False,False
helpsteer2:00435,train,1,"lower-bound Pareto dominance: coherence, correctness",4,1,3,True,True,False
helpsteer2:00436,train,0,equivalent within epsilon,0,-1,-1,False,False,False
helpsteer2:00437,train,-1,lower-bound Pareto dominance: correctness,-1,-1,-2,True,False,False
helpsteer2:00438,train,-1,lower-bound Pareto dominance: correctness,-1,-1,-1,True,False,False
helpsteer2:00439,train,-1,lower-bound Pareto dominance: coherence,-1,-1,-1,True,True,False
helpsteer2:00440,train,1,"lower-bound Pareto dominance: coherence, correctness",4,1,3,True,True,False
helpsteer2:00441,train,1,lower-bound Pareto dominance: correctness,2,1,2,True,True,False
helpsteer2:00442,train,1,lower-bound Pareto dominance: correctness,2,1,2,True,True,False
helpsteer2:00443,train,-1,lower-bound Pareto dominance: correctness,-2,-1,-2,True,True,False
helpsteer2:00444,train,1,lower-bound Pareto dominance: correctness,1,1,1,True,True,False
helpsteer2:00445,train,-1,lower-bound Pareto dominance: coherence,-1,0,0,True,True,False
helpsteer2:00446,train,-1,lower-bound Pareto dominance: correctness,-1,-1,-1,True,True,False
helpsteer2:00447,train,1,lower-bound Pareto dominance: correctness,2,1,2,True,True,False
helpsteer2:00448,train,0,equivalent within epsilon,0,0,0,False,False,False
helpsteer2:00449,train,0,equivalent within epsilon,0,1,1,False,False,False
helpsteer2:00450,train,-1,lower-bound Pareto dominance: correctness,-1,-1,-2,True,True,False
helpsteer2:00451,train,0,equivalent within epsilon,0,1,1,False,False,False
helpsteer2:00452,train,-1,lower-bound Pareto dominance: correctness,-2,-1,-2,True,True,False
helpsteer2:00453,train,1,lower-bound Pareto dominance: correctness,3,1,3,True,True,False
helpsteer2:00454,train,0,equivalent within epsilon,0,1,1,False,False,False
helpsteer2:00455,train,1,lower-bound Pareto dominance: coherence,0,0,0,False,False,False
helpsteer2:00456,train,0,equivalent within epsilon,0,0,0,False,False,False
helpsteer2:00457,train,-1,lower-bound Pareto dominance: correctness,-1,-1,-1,True,True,False
helpsteer2:00458,train,-1,lower-bound Pareto dominance: correctness,-1,-1,-1,True,True,False
helpsteer2:00459,train,0,equivalent within epsilon,0,-1,-1,False,False,False
helpsteer2:00460,train,1,lower-bound Pareto dominance: correctness,2,1,1,True,True,False
helpsteer2:00461,train,-1,lower-bound Pareto dominance: coherence,0,1,1,False,False,False
helpsteer2:00462,train,0,equivalent within epsilon,1,1,1,False,False,False
helpsteer2:00463,train,1,lower-bound Pareto dominance: correctness,2,1,2,True,True,False
helpsteer2:00464,train,1,"lower-bound Pareto dominance: coherence, correctness",4,1,3,True,True,False
helpsteer2:00465,train,0,equivalent within epsilon,0,0,0,False,False,False
helpsteer2:00466,train,0,equivalent within epsilon,0,-1,-1,False,False,False
helpsteer2:00467,train,1,lower-bound Pareto dominance: coherence,0,0,0,False,False,False
helpsteer2:00468,train,0,equivalent within epsilon,-1,0,0,False,True,False
helpsteer2:00469,train,0,equivalent within epsilon,0,0,0,False,False,False
helpsteer2:00470,train,0,equivalent within epsilon,0,1,1,False,False,False
helpsteer2:00471,train,0,equivalent within epsilon,0,0,0,False,False,False
helpsteer2:00472,train,1,"lower-bound Pareto dominance: coherence, correctness",1,1,1,True,True,False
helpsteer2:00473,train,0,equivalent within epsilon,0,0,0,False,False,False
helpsteer2:00474,train,-1,"lower-bound Pareto dominance: coherence, correctness",-2,-1,-2,True,True,False
helpsteer2:00475,train,-1,lower-bound Pareto dominance: coherence,-2,0,0,True,True,False
helpsteer2:00476,train,1,lower-bound Pareto dominance: coherence,0,0,0,False,False,False
helpsteer2:00477,train,0,equivalent within epsilon,0,0,0,False,False,False
helpsteer2:00478,train,0,equivalent within epsilon,1,0,0,False,True,False
helpsteer2:00479,train,1,lower-bound Pareto dominance: correctness,1,1,1,True,False,False
helpsteer2:00480,train,1,lower-bound Pareto dominance: coherence,-2,-1,-2,True,True,False
helpsteer2:00481,train,1,"lower-bound Pareto dominance: coherence, correctness",3,1,2,True,True,False
helpsteer2:00482,train,1,"lower-bound Pareto dominance: coherence, correctness",2,1,2,True,True,False
helpsteer2:00483,train,-1,"lower-bound Pareto dominance: coherence, correctness",-3,-1,-2,True,True,False
helpsteer2:00484,train,-1,lower-bound Pareto dominance: correctness,-1,-1,-1,True,True,False
helpsteer2:00485,train,-1,lower-bound Pareto dominance: correctness,-2,-1,-2,True,True,False
helpsteer2:00486,train,-1,lower-bound Pareto dominance: correctness,-1,-1,-1,True,True,False
helpsteer2:00487,train,-1,lower-bound Pareto dominance: correctness,-1,-1,-2,True,True,False
helpsteer2:00488,train,1,lower-bound Pareto dominance: coherence,1,1,1,True,False,False
helpsteer2:00489,train,-1,"lower-bound Pareto dominance: coherence, correctness",-3,-1,-3,True,True,False
helpsteer2:00490,train,-1,lower-bound Pareto dominance: correctness,-2,-1,-2,True,True,False
helpsteer2:00491,train,0,equivalent within epsilon,0,0,0,False,False,False
helpsteer2:00492,train,0,equivalent within epsilon,0,1,1,False,False,False
helpsteer2:00493,train,1,"lower-bound Pareto dominance: coherence, correctness",2,1,2,True,True,False
helpsteer2:00494,train,-1,"lower-bound Pareto dominance: coherence, correctness",-2,-1,-2,True,True,False
helpsteer2:00495,train,0,equivalent within epsilon,0,0,0,False,False,False
helpsteer2:00496,train,0,equivalent within epsilon,0,0,0,False,False,False
helpsteer2:00497,train,0,equivalent within epsilon,0,0,0,False,False,False
helpsteer2:00498,train,0,cross-objective tradeoff,1,1,1,False,False,False
helpsteer2:00499,train,1,"lower-bound Pareto dominance: coherence, correctness",4,1,3,True,True,False
helpsteer2:00500,train,1,"lower-bound Pareto dominance: coherence, correctness",1,0,0,True,False,False
helpsteer2:00501,train,1,"lower-bound Pareto dominance: coherence, correctness",1,1,1,True,True,False
helpsteer2:00502,train,-1,"lower-bound Pareto dominance: coherence, correctness",-3,-1,-3,True,True,False
helpsteer2:00503,train,0,equivalent within epsilon,0,0,0,False,False,False
helpsteer2:00504,train,0,equivalent within epsilon,0,1,1,False,False,False
helpsteer2:00505,train,1,lower-bound Pareto dominance: correctness,2,1,2,True,True,False
helpsteer2:00506,train,0,equivalent within epsilon,0,0,0,False,False,False
helpsteer2:00507,train,-1,"lower-bound Pareto dominance: coherence, correctness",-4,-1,-3,True,True,False
helpsteer2:00508,train,-1,lower-bound Pareto dominance: correctness,-1,-1,-1,True,True,False
helpsteer2:00509,train,-1,"lower-bound Pareto dominance: coherence, correctness",-2,-1,-2,True,True,False
helpsteer2:00510,train,-1,"lower-bound Pareto dominance: coherence, correctness",-2,-1,-1,True,True,False
helpsteer2:00511,train,1,lower-bound Pareto dominance: correctness,1,1,1,True,False,False
helpsteer2:00512,train,-1,"lower-bound Pareto dominance: coherence, correctness",-2,-1,-2,True,True,False
helpsteer2:00513,train,1,lower-bound Pareto dominance: coherence,0,0,0,False,False,False
helpsteer2:00514,train,0,equivalent within epsilon,0,1,1,False,False,False
helpsteer2:00515,train,1,lower-bound Pareto dominance: correctness,2,1,2,True,True,False
helpsteer2:00516,train,0,equivalent within epsilon,1,1,1,False,True,False
helpsteer2:00517,train,-1,"lower-bound Pareto dominance: coherence, correctness",-3,-1,-3,True,True,False
helpsteer2:00518,train,0,equivalent within epsilon,0,-1,-1,False,False,False
helpsteer2:00519,train,1,lower-bound Pareto dominance: coherence,1,1,1,True,False,False
helpsteer2:00520,train,1,"lower-bound Pareto dominance: coherence, correctness",2,1,1,True,True,False
helpsteer2:00521,train,0,equivalent within epsilon,0,1,1,False,False,False
helpsteer2:00522,train,-1,lower-bound Pareto dominance: coherence,-1,-1,-1,True,True,False
helpsteer2:00523,train,1,"lower-bound Pareto dominance: coherence, correctness",1,1,1,True,True,False
helpsteer2:00524,train,1,lower-bound Pareto dominance: correctness,1,1,1,True,True,False
helpsteer2:00525,train,0,equivalent within epsilon,1,1,2,False,True,False
helpsteer2:00526,train,1,lower-bound Pareto dominance: correctness,1,0,0,True,True,False
helpsteer2:00527,train,1,lower-bound Pareto dominance: coherence,0,0,0,False,False,False
helpsteer2:00528,train,0,cross-objective tradeoff,0,0,0,False,False,False
helpsteer2:00529,train,1,lower-bound Pareto dominance: correctness,1,0,0,True,False,False
helpsteer2:00530,train,0,equivalent within epsilon,0,-1,-1,False,False,False
helpsteer2:00531,train,1,lower-bound Pareto dominance: correctness,1,1,1,True,True,False
helpsteer2:00532,train,-1,"lower-bound Pareto dominance: coherence, correctness",-1,0,0,True,True,False
helpsteer2:00533,train,0,equivalent within epsilon,0,0,0,False,False,False
helpsteer2:00534,train,0,equivalent within epsilon,0,-1,-1,False,False,False
helpsteer2:00535,train,0,equivalent within epsilon,0,0,0,False,False,False
helpsteer2:00536,train,0,equivalent within epsilon,0,0,0,False,False,False
helpsteer2:00537,train,1,lower-bound Pareto dominance: correctness,1,1,1,True,True,False
helpsteer2:00538,train,1,lower-bound Pareto dominance: correctness,1,0,0,True,True,False
helpsteer2:00539,train,1,lower-bound Pareto dominance: correctness,0,0,0,False,False,False
helpsteer2:00540,train,0,equivalent within epsilon,0,0,0,False,False,False
helpsteer2:00541,train,-1,lower-bound Pareto dominance: correctness,-1,-1,-1,True,True,False
helpsteer2:00542,train,0,equivalent within epsilon,0,0,0,False,False,False
helpsteer2:00543,train,0,equivalent within epsilon,0,0,0,False,False,False
helpsteer2:00544,train,-1,lower-bound Pareto dominance: coherence,0,0,0,False,False,False
helpsteer2:00545,train,0,equivalent within epsilon,-4,-1,-3,False,True,False
helpsteer2:00546,train,1,"lower-bound Pareto dominance: coherence, correctness",0,1,1,False,False,False
helpsteer2:00547,train,1,"lower-bound Pareto dominance: coherence, correctness",2,1,2,True,True,False
helpsteer2:00548,train,0,equivalent within epsilon,0,1,1,False,False,False
helpsteer2:00549,train,0,equivalent within epsilon,0,0,0,False,False,False
helpsteer2:00550,train,1,lower-bound Pareto dominance: coherence,1,1,1,True,False,False
helpsteer2:00551,train,-1,lower-bound Pareto dominance: coherence,-1,0,0,True,False,False
helpsteer2:00552,train,0,equivalent within epsilon,0,0,0,False,False,False
helpsteer2:00553,train,-1,lower-bound Pareto dominance: correctness,-3,-1,-2,True,True,False
helpsteer2:00554,train,-1,"lower-bound Pareto dominance: coherence, correctness",-2,-1,-2,True,True,False
helpsteer2:00555,train,0,equivalent within epsilon,0,1,1,False,False,False
helpsteer2:00556,train,0,equivalent within epsilon,0,0,0,False,False,False
helpsteer2:00557,train,1,"lower-bound Pareto dominance: coherence, correctness",2,1,2,True,True,False
helpsteer2:00558,train,1,lower-bound Pareto dominance: coherence,1,0,0,True,True,False
helpsteer2:00559,train,0,equivalent within epsilon,0,0,0,False,False,False
helpsteer2:00560,train,0,equivalent within epsilon,0,0,0,False,False,False
helpsteer2:00561,train,1,lower-bound Pareto dominance: correctness,3,1,3,True,True,False
helpsteer2:00562,train,0,equivalent within epsilon,0,0,0,False,False,False
helpsteer2:00563,train,1,"lower-bound Pareto dominance: coherence, correctness",1,1,1,True,True,False
helpsteer2:00564,train,1,"lower-bound Pareto dominance: coherence, correctness",3,1,3,True,True,False
helpsteer2:00565,train,1,lower-bound Pareto dominance: coherence,0,0,0,False,False,False
helpsteer2:00566,train,-1,lower-bound Pareto dominance: correctness,-1,-1,-1,True,True,False
helpsteer2:00567,train,1,"lower-bound Pareto dominance: coherence, correctness",1,1,1,True,True,False
helpsteer2:00568,train,-1,"lower-bound Pareto dominance: coherence, correctness",-2,-1,-2,True,True,False
helpsteer2:00569,train,1,lower-bound Pareto dominance: correctness,1,-1,-2,True,True,False
helpsteer2:00570,train,1,lower-bound Pareto dominance: correctness,1,0,0,True,True,False
helpsteer2:00571,train,1,lower-bound Pareto dominance: correctness,1,1,2,True,True,False
helpsteer2:00572,train,-1,"lower-bound Pareto dominance: coherence, correctness",-1,-1,-1,True,True,False
helpsteer2:00573,train,0,equivalent within epsilon,0,0,0,False,False,False
helpsteer2:00574,train,1,lower-bound Pareto dominance: correctness,4,1,3,True,True,False
helpsteer2:00575,train,0,equivalent within epsilon,0,0,0,False,False,False
helpsteer2:00576,train,0,equivalent within epsilon,0,0,0,False,False,False
helpsteer2:00577,train,0,equivalent within epsilon,1,0,0,False,True,False
helpsteer2:00578,train,1,"lower-bound Pareto dominance: coherence, correctness",4,1,3,True,True,False
helpsteer2:00579,train,-1,"lower-bound Pareto dominance: coherence, correctness",-1,0,0,True,True,False
helpsteer2:00580,train,0,equivalent within epsilon,0,-1,-1,False,False,False
helpsteer2:00581,train,0,equivalent within epsilon,1,1,1,False,True,False
helpsteer2:00582,train,1,lower-bound Pareto dominance: correctness,0,0,0,False,False,False
helpsteer2:00583,train,1,"lower-bound Pareto dominance: coherence, correctness",2,1,2,True,True,False
helpsteer2:00584,train,-1,lower-bound Pareto dominance: correctness,-1,-1,-2,True,True,False
helpsteer2:00585,train,-1,"lower-bound Pareto dominance: coherence, correctness",-1,-1,-1,True,True,False
helpsteer2:00586,train,0,equivalent within epsilon,-1,-1,-1,False,True,False
helpsteer2:00587,train,-1,"lower-bound Pareto dominance: coherence, correctness",-3,-1,-3,True,True,False
helpsteer2:00588,train,0,equivalent within epsilon,2,1,1,False,True,False
helpsteer2:00589,train,1,"lower-bound Pareto dominance: coherence, correctness",2,1,2,True,True,False
helpsteer2:00590,train,1,"lower-bound Pareto dominance: coherence, correctness",2,1,2,True,True,False
helpsteer2:00591,train,1,lower-bound Pareto dominance: correctness,0,1,1,False,False,False
helpsteer2:00592,train,-1,"lower-bound Pareto dominance: coherence, correctness",-4,-1,-3,True,True,False
helpsteer2:00593,train,1,lower-bound Pareto dominance: correctness,1,1,1,True,True,False
helpsteer2:00594,train,1,"lower-bound Pareto dominance: coherence, correctness",4,1,3,True,True,False
helpsteer2:00595,train,-1,lower-bound Pareto dominance: correctness,-1,-1,-1,True,True,False
helpsteer2:00596,train,-1,lower-bound Pareto dominance: coherence,-1,0,0,True,False,False
helpsteer2:00597,train,-1,"lower-bound Pareto dominance: coherence, correctness",-1,-1,-1,True,False,False
helpsteer2:00598,train,-1,lower-bound Pareto dominance: correctness,-1,0,0,True,True,False
helpsteer2:00599,train,-1,"lower-bound Pareto dominance: coherence, correctness",-3,-1,-3,True,True,False
helpsteer2:00600,train,-1,"lower-bound Pareto dominance: coherence, correctness",-2,-1,-2,True,True,False
helpsteer2:00601,train,1,"lower-bound Pareto dominance: coherence, correctness",2,1,2,True,True,False
helpsteer2:00602,train,1,"lower-bound Pareto dominance: coherence, correctness",3,1,2,True,True,False
helpsteer2:00603,train,1,"lower-bound Pareto dominance: coherence, correctness",2,1,2,True,True,False
helpsteer2:00604,train,0,equivalent within epsilon,0,0,0,False,False,False
helpsteer2:00605,train,1,lower-bound Pareto dominance: correctness,3,1,3,True,True,False
helpsteer2:00606,train,-1,lower-bound Pareto dominance: coherence,-1,0,0,True,True,False
helpsteer2:00607,train,1,lower-bound Pareto dominance: coherence,1,1,1,True,True,False
helpsteer2:00608,train,1,lower-bound Pareto dominance: correctness,4,1,2,True,True,False
helpsteer2:00609,train,1,"lower-bound Pareto dominance: coherence, correctness",3,1,3,True,True,False
helpsteer2:00610,train,1,lower-bound Pareto dominance: coherence,1,0,0,True,False,False
helpsteer2:00611,train,-1,lower-bound Pareto dominance: correctness,-1,0,0,True,True,False
helpsteer2:00612,train,1,lower-bound Pareto dominance: correctness,1,0,0,True,True,False
helpsteer2:00613,train,0,equivalent within epsilon,0,1,1,False,False,False
helpsteer2:00614,train,1,lower-bound Pareto dominance: coherence,0,0,0,False,False,False
helpsteer2:00615,train,0,equivalent within epsilon,0,0,0,False,False,False
helpsteer2:00616,train,-1,lower-bound Pareto dominance: correctness,-4,-1,-3,True,True,False
helpsteer2:00617,train,0,equivalent within epsilon,0,1,1,False,False,False
helpsteer2:00618,train,0,equivalent within epsilon,-1,1,1,False,True,False
helpsteer2:00619,train,0,equivalent within epsilon,0,0,0,False,False,False
helpsteer2:00620,train,0,equivalent within epsilon,1,1,2,False,True,False
helpsteer2:00621,train,0,equivalent within epsilon,-1,1,1,False,True,False
helpsteer2:00622,train,1,lower-bound Pareto dominance: correctness,0,1,1,False,False,False
helpsteer2:00623,train,1,lower-bound Pareto dominance: correctness,3,1,3,True,True,False
helpsteer2:00624,train,1,"lower-bound Pareto dominance: coherence, correctness",2,1,1,True,True,False
helpsteer2:00625,train,-1,lower-bound Pareto dominance: coherence,-1,0,0,True,False,False
helpsteer2:00626,train,1,lower-bound Pareto dominance: correctness,1,1,1,True,True,False
helpsteer2:00627,train,0,equivalent within epsilon,0,0,0,False,False,False
helpsteer2:00628,train,1,lower-bound Pareto dominance: correctness,1,1,1,True,True,False
helpsteer2:00629,train,1,lower-bound Pareto dominance: correctness,2,1,1,True,True,False
helpsteer2:00630,train,1,"lower-bound Pareto dominance: coherence, correctness",2,1,2,True,True,False
helpsteer2:00631,train,1,"lower-bound Pareto dominance: coherence, correctness",1,1,1,True,True,False
helpsteer2:00632,train,1,"lower-bound Pareto dominance: coherence, correctness",1,1,1,True,True,False
helpsteer2:00633,train,-1,lower-bound Pareto dominance: correctness,-1,-1,-1,True,True,False
helpsteer2:00634,train,-1,lower-bound Pareto dominance: coherence,-1,0,0,True,True,False
helpsteer2:00635,train,0,equivalent within epsilon,0,0,0,False,False,False
helpsteer2:00636,train,-1,lower-bound Pareto dominance: coherence,-1,-1,-1,True,True,False
helpsteer2:00637,train,0,equivalent within epsilon,1,1,1,False,True,False
helpsteer2:00638,train,1,lower-bound Pareto dominance: coherence,0,1,1,False,False,False
helpsteer2:00639,train,-1,lower-bound Pareto dominance: coherence,-1,-1,-1,True,True,False
helpsteer2:00640,train,0,equivalent within epsilon,0,0,0,False,False,False
helpsteer2:00641,train,1,lower-bound Pareto dominance: coherence,0,1,2,False,False,False
helpsteer2:00642,train,-1,"lower-bound Pareto dominance: coherence, correctness",-3,-1,-3,True,True,False
helpsteer2:00643,train,1,lower-bound Pareto dominance: correctness,2,1,2,True,True,False
helpsteer2:00644,train,1,"lower-bound Pareto dominance: coherence, correctness",2,1,1,True,True,False
helpsteer2:00645,train,-1,lower-bound Pareto dominance: correctness,-1,-1,-1,True,True,False
helpsteer2:00646,train,-1,lower-bound Pareto dominance: correctness,-1,-1,-1,True,True,False
helpsteer2:00647,train,1,lower-bound Pareto dominance: correctness,1,1,1,True,True,False
helpsteer2:00648,train,1,lower-bound Pareto dominance: correctness,2,1,1,True,True,False
helpsteer2:00649,train,0,equivalent within epsilon,1,0,0,False,False,False
helpsteer2:00650,train,1,lower-bound Pareto dominance: coherence,0,0,0,False,False,False
helpsteer2:00651,train,1,lower-bound Pareto dominance: correctness,2,1,1,True,True,False
helpsteer2:00652,train,0,equivalent within epsilon,0,0,0,False,False,False
helpsteer2:00653,train,-1,"lower-bound Pareto dominance: coherence, correctness",-2,-1,-2,True,True,False
helpsteer2:00654,train,-1,lower-bound Pareto dominance: correctness,-1,-1,-1,True,True,False
helpsteer2:00655,train,0,equivalent within epsilon,0,1,1,False,False,False
helpsteer2:00656,train,1,lower-bound Pareto dominance: correctness,1,1,1,True,True,False
helpsteer2:00657,train,-1,lower-bound Pareto dominance: correctness,-2,-1,-2,True,True,False
helpsteer2:00658,train,0,equivalent within epsilon,-1,-1,-1,False,True,False
helpsteer2:00659,train,0,equivalent within epsilon,0,-1,-1,False,False,False
helpsteer2:00660,train,-1,"lower-bound Pareto dominance: coherence, correctness",-2,-1,-2,True,True,False
helpsteer2:00661,train,-1,"lower-bound Pareto dominance: coherence, correctness",-1,0,0,True,False,False
helpsteer2:00662,train,1,lower-bound Pareto dominance: coherence,1,1,2,True,True,False
helpsteer2:00663,train,-1,"lower-bound Pareto dominance: coherence, correctness",-1,-1,-1,True,False,False
helpsteer2:00664,train,0,equivalent within epsilon,0,0,0,False,False,False
helpsteer2:00665,train,0,equivalent within epsilon,0,0,0,False,False,False
helpsteer2:00666,train,1,lower-bound Pareto dominance: coherence,1,1,2,True,True,False
helpsteer2:00667,train,-1,"lower-bound Pareto dominance: coherence, correctness",-1,0,0,True,True,False
helpsteer2:00668,train,0,equivalent within epsilon,0,0,0,False,False,False
helpsteer2:00669,train,1,"lower-bound Pareto dominance: coherence, correctness",1,1,1,True,True,False
helpsteer2:00670,train,1,lower-bound Pareto dominance: correctness,3,1,2,True,True,False
helpsteer2:00671,train,1,"lower-bound Pareto dominance: coherence, correctness",3,1,2,True,True,False
helpsteer2:00672,train,1,"lower-bound Pareto dominance: coherence, correctness",4,1,3,True,True,False
helpsteer2:00673,train,-1,lower-bound Pareto dominance: correctness,-1,-1,-2,True,True,False
helpsteer2:00674,train,-1,lower-bound Pareto dominance: correctness,-2,-1,-1,True,True,False
helpsteer2:00675,train,1,"lower-bound Pareto dominance: coherence, correctness",3,1,3,True,True,False
helpsteer2:00676,train,0,equivalent within epsilon,0,0,0,False,False,False
helpsteer2:00677,train,0,equivalent within epsilon,0,-1,-1,False,False,False
helpsteer2:00678,train,1,"lower-bound Pareto dominance: coherence, correctness",1,1,1,True,True,False
helpsteer2:00679,train,0,equivalent within epsilon,0,0,0,False,False,False
helpsteer2:00680,train,-1,lower-bound Pareto dominance: coherence,-1,-1,-1,True,False,False
helpsteer2:00681,train,-1,"lower-bound Pareto dominance: coherence, correctness",-2,-1,-2,True,True,False
helpsteer2:00682,train,0,equivalent within epsilon,0,0,0,False,False,False
helpsteer2:00683,train,1,"lower-bound Pareto dominance: coherence, correctness",2,1,1,True,True,False
helpsteer2:00684,train,1,lower-bound Pareto dominance: correctness,2,1,2,True,True,False
helpsteer2:00685,train,0,equivalent within epsilon,0,1,2,False,False,False
helpsteer2:00686,train,1,"lower-bound Pareto dominance: coherence, correctness",2,1,2,True,True,False
helpsteer2:00687,train,0,equivalent within epsilon,0,1,1,False,False,False
helpsteer2:00688,train,1,lower-bound Pareto dominance: coherence,0,1,1,False,False,False
helpsteer2:00689,train,1,lower-bound Pareto dominance: correctness,1,0,0,True,True,False
helpsteer2:00690,train,0,equivalent within epsilon,1,0,0,False,True,False
helpsteer2:00691,train,1,lower-bound Pareto dominance: coherence,0,0,0,False,False,False
helpsteer2:00692,train,0,equivalent within epsilon,0,0,0,False,False,False
helpsteer2:00693,train,1,"lower-bound Pareto dominance: coherence, correctness",1,1,1,True,True,False
helpsteer2:00694,train,0,equivalent within epsilon,0,0,0,False,False,False
helpsteer2:00695,train,-1,lower-bound Pareto dominance: coherence,-1,-1,-1,True,True,False
helpsteer2:00696,train,0,equivalent within epsilon,0,0,0,False,False,False
helpsteer2:00697,train,-1,"lower-bound Pareto dominance: coherence, correctness",-2,-1,-2,True,True,False
helpsteer2:00698,train,0,equivalent within epsilon,0,0,0,False,False,False
helpsteer2:00699,train,1,"lower-bound Pareto dominance: coherence, correctness",1,0,0,True,True,False
helpsteer2:00700,train,-1,lower-bound Pareto dominance: correctness,0,0,0,False,False,False
helpsteer2:00701,train,0,equivalent within epsilon,0,0,0,False,False,False
helpsteer2:00702,train,1,lower-bound Pareto dominance: correctness,3,1,3,True,True,False
helpsteer2:00703,train,-1,lower-bound Pareto dominance: correctness,-1,-1,-1,True,True,False
helpsteer2:00704,train,0,cross-objective tradeoff,-1,-1,-1,False,True,False
helpsteer2:00705,train,0,equivalent within epsilon,0,1,2,False,False,False
helpsteer2:00706,train,1,"lower-bound Pareto dominance: coherence, correctness",4,1,3,True,True,False
helpsteer2:00707,train,1,"lower-bound Pareto dominance: coherence, correctness",1,1,2,True,True,False
helpsteer2:00708,train,0,equivalent within epsilon,0,1,1,False,False,False
helpsteer2:00709,train,-1,lower-bound Pareto dominance: correctness,-1,0,0,True,True,False
helpsteer2:00710,train,0,equivalent within epsilon,1,-1,-1,False,True,False
helpsteer2:00711,train,0,equivalent within epsilon,0,1,1,False,False,False
helpsteer2:00712,train,1,"lower-bound Pareto dominance: coherence, correctness",1,1,1,True,True,False
helpsteer2:00713,train,0,equivalent within epsilon,0,0,0,False,False,False
helpsteer2:00714,train,-1,"lower-bound Pareto dominance: coherence, correctness",-1,-1,-1,True,True,False
helpsteer2:00715,train,-1,lower-bound Pareto dominance: correctness,-1,-1,-1,True,True,False
helpsteer2:00716,train,0,equivalent within epsilon,0,0,0,False,False,False
helpsteer2:00717,train,-1,lower-bound Pareto dominance: correctness,-1,-1,-1,True,True,False
helpsteer2:00718,train,1,lower-bound Pareto dominance: correctness,3,1,3,True,True,False
helpsteer2:00719,train,0,equivalent within epsilon,1,0,0,False,True,False
helpsteer2:00720,train,1,lower-bound Pareto dominance: correctness,-2,-1,-3,True,True,False
helpsteer2:00721,train,-1,"lower-bound Pareto dominance: coherence, correctness",-1,-1,-2,True,True,False
helpsteer2:00722,train,-1,lower-bound Pareto dominance: correctness,-1,-1,-1,True,True,False
helpsteer2:00723,train,-1,lower-bound Pareto dominance: correctness,-1,-1,-1,True,False,False
helpsteer2:00724,train,1,"lower-bound Pareto dominance: coherence, correctness",2,1,2,True,True,False
helpsteer2:00725,train,0,equivalent within epsilon,0,-1,-2,False,False,False
helpsteer2:00726,train,-1,"lower-bound Pareto dominance: coherence, correctness",-1,-1,-1,True,True,False
helpsteer2:00727,train,0,equivalent within epsilon,1,1,2,False,True,False
helpsteer2:00728,train,1,lower-bound Pareto dominance: coherence,1,1,1,True,True,False
helpsteer2:00729,train,0,equivalent within epsilon,0,0,0,False,False,False
helpsteer2:00730,train,-1,lower-bound Pareto dominance: correctness,-2,-1,-2,True,True,False
helpsteer2:00731,train,-1,lower-bound Pareto dominance: correctness,-1,-1,-1,True,True,False
helpsteer2:00732,train,0,equivalent within epsilon,0,-1,-1,False,False,False
helpsteer2:00733,train,1,"lower-bound Pareto dominance: coherence, correctness",1,1,1,True,True,False
helpsteer2:00734,train,0,equivalent within epsilon,0,0,0,False,False,False
helpsteer2:00735,train,-1,"lower-bound Pareto dominance: coherence, correctness",-4,-1,-3,True,True,False
helpsteer2:00736,train,-1,"lower-bound Pareto dominance: coherence, correctness",-2,-1,-1,True,True,False
helpsteer2:00737,train,1,lower-bound Pareto dominance: correctness,4,1,2,True,True,False
helpsteer2:00738,train,0,equivalent within epsilon,0,0,0,False,False,False
helpsteer2:00739,train,1,"lower-bound Pareto dominance: coherence, correctness",3,1,3,True,True,False
helpsteer2:00740,train,0,equivalent within epsilon,0,0,0,False,False,False
helpsteer2:00741,train,0,equivalent within epsilon,0,-1,-1,False,False,False
helpsteer2:00742,train,1,lower-bound Pareto dominance: correctness,2,1,2,True,True,False
helpsteer2:00743,train,1,lower-bound Pareto dominance: correctness,2,1,2,True,True,False
helpsteer2:00744,train,1,"lower-bound Pareto dominance: coherence, correctness",2,1,1,True,True,False
helpsteer2:00745,train,1,lower-bound Pareto dominance: correctness,3,1,2,True,True,False
helpsteer2:00746,train,-1,lower-bound Pareto dominance: correctness,-1,-1,-1,True,True,False
helpsteer2:00747,train,1,lower-bound Pareto dominance: correctness,1,0,0,True,True,False
helpsteer2:00748,train,0,cross-objective tradeoff,0,0,0,False,False,False
helpsteer2:00749,train,0,equivalent within epsilon,0,0,0,False,False,False
helpsteer2:00750,train,-1,"lower-bound Pareto dominance: coherence, correctness",-1,-1,-1,True,True,False
helpsteer2:00751,train,-1,"lower-bound Pareto dominance: coherence, correctness",-1,-1,-2,True,False,False
helpsteer2:00752,train,-1,lower-bound Pareto dominance: correctness,-2,-1,-2,True,True,False
helpsteer2:00753,train,0,equivalent within epsilon,1,1,1,False,True,False
helpsteer2:00754,train,0,equivalent within epsilon,3,1,2,False,True,False
helpsteer2:00755,train,-1,lower-bound Pareto dominance: correctness,-2,-1,-1,True,True,False
helpsteer2:00756,train,0,equivalent within epsilon,0,0,0,False,False,False
helpsteer2:00757,train,-1,lower-bound Pareto dominance: coherence,-1,-1,-1,True,True,False
helpsteer2:00758,train,-1,lower-bound Pareto dominance: coherence,-1,-1,-1,True,True,False
helpsteer2:00759,train,-1,lower-bound Pareto dominance: correctness,0,0,0,False,False,False
helpsteer2:00760,train,1,lower-bound Pareto dominance: correctness,1,1,1,True,True,False
helpsteer2:00761,train,1,lower-bound Pareto dominance: correctness,2,1,2,True,True,False
helpsteer2:00762,train,1,"lower-bound Pareto dominance: coherence, correctness",4,1,3,True,True,False
helpsteer2:00763,train,1,lower-bound Pareto dominance: correctness,1,1,2,True,True,False
helpsteer2:00764,train,1,lower-bound Pareto dominance: correctness,1,1,1,True,True,False
helpsteer2:00765,train,-1,"lower-bound Pareto dominance: coherence, correctness",-2,-1,-2,True,True,False
helpsteer2:00766,train,1,lower-bound Pareto dominance: correctness,1,0,0,True,True,False
helpsteer2:00767,train,0,cross-objective tradeoff,-1,-1,-1,False,True,False
helpsteer2:00768,train,0,equivalent within epsilon,0,0,0,False,False,False
helpsteer2:00769,train,-1,lower-bound Pareto dominance: coherence,0,-1,-2,False,False,False
helpsteer2:00770,train,-1,"lower-bound Pareto dominance: coherence, correctness",-2,-1,-2,True,True,False
helpsteer2:00771,train,1,"lower-bound Pareto dominance: coherence, correctness",3,1,3,True,True,False
helpsteer2:00772,train,-1,lower-bound Pareto dominance: coherence,-1,0,0,True,True,False
helpsteer2:00773,train,-1,"lower-bound Pareto dominance: coherence, correctness",-2,-1,-2,True,True,False
helpsteer2:00774,train,-1,lower-bound Pareto dominance: correctness,-1,-1,-2,True,True,False
helpsteer2:00775,train,1,lower-bound Pareto dominance: correctness,2,1,2,True,True,False
helpsteer2:00776,train,0,equivalent within epsilon,0,0,0,False,False,False
helpsteer2:00777,train,-1,"lower-bound Pareto dominance: coherence, correctness",-1,-1,-2,True,True,False
helpsteer2:00778,train,0,equivalent within epsilon,-1,-1,-1,False,True,False
helpsteer2:00779,train,1,lower-bound Pareto dominance: correctness,1,1,2,True,True,False
helpsteer2:00780,train,1,"lower-bound Pareto dominance: coherence, correctness",4,1,3,True,True,False
helpsteer2:00781,train,0,equivalent within epsilon,1,1,1,False,True,False
helpsteer2:00782,train,1,lower-bound Pareto dominance: coherence,2,1,2,True,True,False
helpsteer2:00783,train,1,lower-bound Pareto dominance: correctness,2,1,2,True,True,False
helpsteer2:00784,train,-1,"lower-bound Pareto dominance: coherence, correctness",-1,-1,-1,True,True,False
helpsteer2:00785,train,-1,"lower-bound Pareto dominance: coherence, correctness",-2,-1,-2,True,True,False
helpsteer2:00786,train,0,equivalent within epsilon,0,0,0,False,False,False
helpsteer2:00787,train,0,equivalent within epsilon,-1,0,0,False,True,False
helpsteer2:00788,train,-1,"lower-bound Pareto dominance: coherence, correctness",-3,-1,-2,True,True,False
helpsteer2:00789,train,1,"lower-bound Pareto dominance: coherence, correctness",1,1,1,True,True,False
helpsteer2:00790,train,-1,lower-bound Pareto dominance: correctness,-1,-1,-2,True,False,False
helpsteer2:00791,train,-1,"lower-bound Pareto dominance: coherence, correctness",-3,-1,-3,True,True,False
helpsteer2:00792,train,1,lower-bound Pareto dominance: correctness,4,1,2,True,True,False
helpsteer2:00793,train,1,"lower-bound Pareto dominance: coherence, correctness",1,1,1,True,True,False
helpsteer2:00794,train,0,equivalent within epsilon,0,0,0,False,False,False
helpsteer2:00795,train,-1,"lower-bound Pareto dominance: coherence, correctness",-1,-1,-2,True,False,False
helpsteer2:00796,train,1,lower-bound Pareto dominance: correctness,3,1,2,True,True,False
helpsteer2:00797,train,1,lower-bound Pareto dominance: correctness,1,1,1,True,False,False
helpsteer2:00798,train,0,equivalent within epsilon,0,-1,-1,False,False,False
helpsteer2:00799,train,-1,lower-bound Pareto dominance: correctness,-1,-1,-1,True,True,False
helpsteer2:00800,train,0,equivalent within epsilon,0,1,1,False,False,False
helpsteer2:00801,train,0,equivalent within epsilon,0,-1,-2,False,False,False
helpsteer2:00802,train,1,lower-bound Pareto dominance: correctness,1,1,1,True,True,False
helpsteer2:00803,train,0,equivalent within epsilon,0,0,0,False,False,False
helpsteer2:00804,train,1,"lower-bound Pareto dominance: coherence, correctness",1,1,1,True,True,False
helpsteer2:00805,train,-1,lower-bound Pareto dominance: coherence,0,0,0,False,False,False
helpsteer2:00806,train,0,cross-objective tradeoff,1,1,1,False,False,False
helpsteer2:00807,train,0,equivalent within epsilon,0,-1,-1,False,False,False
helpsteer2:00808,train,1,lower-bound Pareto dominance: correctness,4,1,3,True,True,False
helpsteer2:00809,train,-1,lower-bound Pareto dominance: correctness,-2,-1,-2,True,True,False
helpsteer2:00810,train,1,"lower-bound Pareto dominance: coherence, correctness",1,1,1,True,True,False
helpsteer2:00811,train,-1,lower-bound Pareto dominance: coherence,-1,-1,-1,True,True,False
helpsteer2:00812,train,1,lower-bound Pareto dominance: correctness,1,1,1,True,False,False
helpsteer2:00813,train,-1,lower-bound Pareto dominance: correctness,-1,0,0,True,True,False
helpsteer2:00814,train,-1,"lower-bound Pareto dominance: coherence, correctness",-3,-1,-3,True,True,False
helpsteer2:00815,train,-1,lower-bound Pareto dominance: correctness,-1,-1,-1,True,False,False
helpsteer2:00816,train,0,equivalent within epsilon,0,0,0,False,False,False
helpsteer2:00817,train,0,equivalent within epsilon,1,1,1,False,True,False
helpsteer2:00818,train,1,"lower-bound Pareto dominance: coherence, correctness",2,1,2,True,True,False
helpsteer2:00819,train,-1,lower-bound Pareto dominance: correctness,0,-1,-1,False,False,False
helpsteer2:00820,train,1,"lower-bound Pareto dominance: coherence, correctness",1,1,1,True,True,False
helpsteer2:00821,train,-1,lower-bound Pareto dominance: correctness,-1,0,0,True,True,False
helpsteer2:00822,train,0,equivalent within epsilon,0,1,1,False,False,False
helpsteer2:00823,train,1,lower-bound Pareto dominance: correctness,1,1,1,True,True,False
helpsteer2:00824,train,-1,"lower-bound Pareto dominance: coherence, correctness",0,-1,-1,False,False,False
helpsteer2:00825,train,-1,"lower-bound Pareto dominance: coherence, correctness",-2,-1,-2,True,True,False
helpsteer2:00826,train,1,lower-bound Pareto dominance: correctness,0,0,0,False,False,False
helpsteer2:00827,train,1,"lower-bound Pareto dominance: coherence, correctness",1,1,1,True,True,False
helpsteer2:00828,train,1,lower-bound Pareto dominance: correctness,2,1,2,True,True,False
helpsteer2:00829,train,-1,lower-bound Pareto dominance: correctness,0,0,0,False,False,False
helpsteer2:00830,train,-1,"lower-bound Pareto dominance: coherence, correctness",-2,-1,-2,True,True,False
helpsteer2:00831,train,0,cross-objective tradeoff,-2,-1,-2,False,True,False
helpsteer2:00832,train,0,equivalent within epsilon,-1,-1,-1,False,True,False
helpsteer2:00833,train,0,equivalent within epsilon,0,1,2,False,False,False
helpsteer2:00834,train,1,"lower-bound Pareto dominance: coherence, correctness",2,1,2,True,True,False
helpsteer2:00835,train,1,lower-bound Pareto dominance: correctness,3,1,3,True,True,False
helpsteer2:00836,train,1,lower-bound Pareto dominance: correctness,2,1,2,True,True,False
helpsteer2:00837,train,1,"lower-bound Pareto dominance: coherence, correctness",3,1,2,True,True,False
helpsteer2:00838,train,1,"lower-bound Pareto dominance: coherence, correctness",1,1,2,True,True,False
helpsteer2:00839,train,-1,"lower-bound Pareto dominance: coherence, correctness",-3,-1,-3,True,True,False
helpsteer2:00840,train,-1,lower-bound Pareto dominance: coherence,-1,0,0,True,True,False
helpsteer2:00841,train,0,equivalent within epsilon,0,0,0,False,False,False
helpsteer2:00842,train,0,equivalent within epsilon,0,1,2,False,False,False
helpsteer2:00843,train,1,lower-bound Pareto dominance: correctness,2,1,2,True,True,False
helpsteer2:00844,train,-1,lower-bound Pareto dominance: correctness,-2,-1,-2,True,True,False
helpsteer2:00845,train,-1,lower-bound Pareto dominance: correctness,-2,-1,-2,True,True,False
helpsteer2:00846,train,-1,lower-bound Pareto dominance: coherence,0,0,0,False,False,False
helpsteer2:00847,train,1,lower-bound Pareto dominance: correctness,1,0,0,True,True,False
helpsteer2:00848,train,0,equivalent within epsilon,-1,-1,-1,False,True,False
helpsteer2:00849,train,1,lower-bound Pareto dominance: correctness,3,1,2,True,True,False
helpsteer2:00850,train,0,equivalent within epsilon,0,0,0,False,False,False
helpsteer2:00851,train,0,equivalent within epsilon,0,0,0,False,False,False
helpsteer2:00852,train,0,equivalent within epsilon,0,0,0,False,False,False
helpsteer2:00853,train,1,lower-bound Pareto dominance: correctness,3,1,3,True,True,False
helpsteer2:00854,train,0,equivalent within epsilon,1,1,1,False,True,False
helpsteer2:00855,train,0,equivalent within epsilon,0,1,2,False,False,False
helpsteer2:00856,train,0,equivalent within epsilon,0,-1,-1,False,False,False
helpsteer2:00857,train,0,equivalent within epsilon,0,0,0,False,False,False
helpsteer2:00858,train,0,equivalent within epsilon,0,0,0,False,False,False
helpsteer2:00859,train,-1,lower-bound Pareto dominance: correctness,-1,-1,-1,True,True,False
helpsteer2:00860,train,0,cross-objective tradeoff,0,0,0,False,False,False
helpsteer2:00861,train,0,equivalent within epsilon,0,0,0,False,False,False
helpsteer2:00862,train,1,lower-bound Pareto dominance: correctness,1,0,0,True,False,False
helpsteer2:00863,train,-1,"lower-bound Pareto dominance: coherence, correctness",-3,-1,-2,True,True,False
helpsteer2:00864,train,-1,"lower-bound Pareto dominance: coherence, correctness",0,0,0,False,False,False
helpsteer2:00865,train,1,lower-bound Pareto dominance: correctness,4,1,3,True,True,False
helpsteer2:00866,train,-1,lower-bound Pareto dominance: correctness,-1,-1,-1,True,True,False
helpsteer2:00867,train,1,"lower-bound Pareto dominance: coherence, correctness",1,1,1,True,True,False
helpsteer2:00868,train,1,lower-bound Pareto dominance: coherence,1,1,1,True,True,False
helpsteer2:00869,train,0,equivalent within epsilon,0,0,0,False,False,False
helpsteer2:00870,train,0,equivalent within epsilon,0,-1,-1,False,False,False
helpsteer2:00871,train,1,"lower-bound Pareto dominance: coherence, correctness",0,1,1,False,False,False
helpsteer2:00872,train,1,lower-bound Pareto dominance: correctness,1,1,1,True,True,False
helpsteer2:00873,train,1,"lower-bound Pareto dominance: coherence, correctness",2,1,2,True,True,False
helpsteer2:00874,train,1,"lower-bound Pareto dominance: coherence, correctness",3,1,3,True,True,False
helpsteer2:00875,train,1,lower-bound Pareto dominance: coherence,1,1,1,True,False,False
helpsteer2:00876,train,1,lower-bound Pareto dominance: correctness,1,1,1,True,True,False
helpsteer2:00877,train,-1,"lower-bound Pareto dominance: coherence, correctness",-3,-1,-2,True,True,False
helpsteer2:00878,train,1,lower-bound Pareto dominance: coherence,1,1,2,True,True,False
helpsteer2:00879,train,1,lower-bound Pareto dominance: correctness,1,1,1,True,True,False
helpsteer2:00880,train,1,lower-bound Pareto dominance: coherence,1,0,0,True,True,False
helpsteer2:00881,train,1,lower-bound Pareto dominance: correctness,4,1,2,True,True,False
helpsteer2:00882,train,0,equivalent within epsilon,0,-1,-1,False,False,False
helpsteer2:00883,train,0,equivalent within epsilon,1,1,1,False,True,False
helpsteer2:00884,train,1,"lower-bound Pareto dominance: coherence, correctness",1,1,2,True,True,False
helpsteer2:00885,train,1,lower-bound Pareto dominance: coherence,0,1,1,False,False,False
helpsteer2:00886,train,-1,lower-bound Pareto dominance: correctness,-1,-1,-1,True,True,False
helpsteer2:00887,train,-1,"lower-bound Pareto dominance: coherence, correctness",-3,-1,-3,True,True,False
helpsteer2:00888,train,-1,lower-bound Pareto dominance: coherence,-1,0,0,True,True,False
helpsteer2:00889,train,-1,"lower-bound Pareto dominance: coherence, correctness",-1,-1,-1,True,True,False
helpsteer2:00890,train,-1,lower-bound Pareto dominance: coherence,0,-1,-1,False,False,False
helpsteer2:00891,train,-1,lower-bound Pareto dominance: coherence,0,0,0,False,False,False
helpsteer2:00892,train,1,"lower-bound Pareto dominance: coherence, correctness",2,1,2,True,True,False
helpsteer2:00893,train,-1,"lower-bound Pareto dominance: coherence, correctness",-1,0,0,True,False,False
helpsteer2:00894,train,1,"lower-bound Pareto dominance: coherence, correctness",4,1,3,True,True,False
helpsteer2:00895,train,0,equivalent within epsilon,0,0,0,False,False,False
helpsteer2:00896,train,-1,"lower-bound Pareto dominance: coherence, correctness",-2,-1,-2,True,True,False
helpsteer2:00897,train,0,equivalent within epsilon,0,0,0,False,False,False
helpsteer2:00898,train,1,lower-bound Pareto dominance: correctness,2,1,2,True,True,False
helpsteer2:00899,train,0,cross-objective tradeoff,0,-1,-1,False,False,False
helpsteer2:00900,train,1,"lower-bound Pareto dominance: coherence, correctness",2,1,2,True,True,False
helpsteer2:00901,train,1,"lower-bound Pareto dominance: coherence, correctness",2,1,2,True,True,False
helpsteer2:00902,train,0,equivalent within epsilon,0,0,0,False,False,False
helpsteer2:00903,train,-1,lower-bound Pareto dominance: correctness,-1,-1,-2,True,True,False
helpsteer2:00904,train,1,lower-bound Pareto dominance: correctness,0,0,0,False,False,False
helpsteer2:00905,train,-1,"lower-bound Pareto dominance: coherence, correctness",-1,0,0,True,True,False
helpsteer2:00906,train,1,"lower-bound Pareto dominance: coherence, correctness",2,1,2,True,True,False
helpsteer2:00907,train,-1,"lower-bound Pareto dominance: coherence, correctness",-4,-1,-3,True,True,False
helpsteer2:00908,train,1,lower-bound Pareto dominance: correctness,1,1,1,True,True,False
helpsteer2:00909,train,1,lower-bound Pareto dominance: correctness,0,0,0,False,False,False
helpsteer2:00910,train,-1,lower-bound Pareto dominance: correctness,-1,0,0,True,True,False
helpsteer2:00911,train,1,"lower-bound Pareto dominance: coherence, correctness",2,1,2,True,True,False
helpsteer2:00912,train,0,equivalent within epsilon,0,1,2,False,False,False
helpsteer2:00913,train,0,cross-objective tradeoff,1,1,2,False,True,False
helpsteer2:00914,train,0,cross-objective tradeoff,0,1,2,False,False,False
helpsteer2:00915,train,-1,"lower-bound Pareto dominance: coherence, correctness",-2,-1,-2,True,True,False
helpsteer2:00916,train,-1,"lower-bound Pareto dominance: coherence, correctness",-1,-1,-2,True,True,False
helpsteer2:00917,train,-1,"lower-bound Pareto dominance: coherence, correctness",-1,-1,-1,True,True,False
helpsteer2:00918,train,1,lower-bound Pareto dominance: correctness,2,1,2,True,True,False
helpsteer2:00919,train,0,cross-objective tradeoff,0,0,0,False,False,False
helpsteer2:00920,train,-1,"lower-bound Pareto dominance: coherence, correctness",-3,-1,-3,True,True,False
helpsteer2:00921,train,-1,"lower-bound Pareto dominance: coherence, correctness",-3,-1,-2,True,True,False
helpsteer2:00922,train,1,lower-bound Pareto dominance: correctness,3,1,3,True,True,False
helpsteer2:00923,train,1,lower-bound Pareto dominance: correctness,1,1,1,True,False,False
helpsteer2:00924,train,1,lower-bound Pareto dominance: coherence,0,1,1,False,False,False
helpsteer2:00925,train,-1,lower-bound Pareto dominance: correctness,-1,-1,-1,True,True,False
helpsteer2:00926,train,0,equivalent within epsilon,0,0,0,False,False,False
helpsteer2:00927,train,1,lower-bound Pareto dominance: correctness,3,1,3,True,True,False
helpsteer2:00928,train,-1,lower-bound Pareto dominance: correctness,-3,-1,-3,True,True,False
helpsteer2:00929,train,1,lower-bound Pareto dominance: correctness,1,0,0,True,False,False
helpsteer2:00930,train,1,lower-bound Pareto dominance: correctness,1,1,1,True,True,False
helpsteer2:00931,train,0,equivalent within epsilon,0,1,1,False,False,False
helpsteer2:00932,train,1,"lower-bound Pareto dominance: coherence, correctness",1,1,1,True,True,False
helpsteer2:00933,train,-1,lower-bound Pareto dominance: correctness,-2,-1,-1,True,True,False
helpsteer2:00934,train,0,equivalent within epsilon,0,-1,-1,False,False,False
helpsteer2:00935,train,-1,lower-bound Pareto dominance: correctness,0,1,1,False,False,False
helpsteer2:00936,train,-1,"lower-bound Pareto dominance: coherence, correctness",-3,-1,-3,True,True,False
helpsteer2:00937,train,0,equivalent within epsilon,0,0,0,False,False,False
helpsteer2:00938,train,0,equivalent within epsilon,0,0,0,False,False,False
helpsteer2:00939,train,-1,lower-bound Pareto dominance: correctness,-2,-1,-1,True,True,False
helpsteer2:00940,train,0,equivalent within epsilon,0,-1,-1,False,False,False
helpsteer2:00941,train,1,lower-bound Pareto dominance: correctness,2,1,2,True,True,False
helpsteer2:00942,train,0,equivalent within epsilon,-1,-1,-1,False,True,False
helpsteer2:00943,train,0,equivalent within epsilon,0,-1,-1,False,False,False
helpsteer2:00944,train,0,equivalent within epsilon,0,0,0,False,False,False
helpsteer2:00945,train,0,equivalent within epsilon,0,0,0,False,False,False
helpsteer2:00946,train,0,equivalent within epsilon,0,0,0,False,False,False
helpsteer2:00947,train,1,lower-bound Pareto dominance: coherence,1,0,0,True,True,False
helpsteer2:00948,train,1,lower-bound Pareto dominance: correctness,3,1,2,True,True,False
helpsteer2:00949,train,0,equivalent within epsilon,1,0,0,False,True,False
helpsteer2:00950,train,-1,"lower-bound Pareto dominance: coherence, correctness",-2,-1,-2,True,True,False
helpsteer2:00951,train,-1,"lower-bound Pareto dominance: coherence, correctness",-1,-1,-2,True,True,False
helpsteer2:00952,train,0,equivalent within epsilon,0,0,0,False,False,False
helpsteer2:00953,train,-1,"lower-bound Pareto dominance: coherence, correctness",-1,-1,-2,True,True,False
helpsteer2:00954,train,1,lower-bound Pareto dominance: correctness,1,1,1,True,True,False
helpsteer2:00955,train,1,lower-bound Pareto dominance: coherence,1,0,0,True,True,False
helpsteer2:00956,train,1,lower-bound Pareto dominance: correctness,1,1,1,True,True,False
helpsteer2:00957,train,-1,lower-bound Pareto dominance: coherence,0,0,0,False,False,False
helpsteer2:00958,train,-1,lower-bound Pareto dominance: correctness,0,0,0,False,False,False
helpsteer2:00959,train,-1,"lower-bound Pareto dominance: coherence, correctness",-2,-1,-2,True,True,False
helpsteer2:00960,train,1,"lower-bound Pareto dominance: coherence, correctness",3,1,3,True,True,False
helpsteer2:00961,train,0,equivalent within epsilon,0,0,0,False,False,False
helpsteer2:00962,train,1,lower-bound Pareto dominance: correctness,2,1,2,True,True,False
helpsteer2:00963,train,1,"lower-bound Pareto dominance: coherence, correctness",4,1,3,True,True,False
helpsteer2:00964,train,1,"lower-bound Pareto dominance: coherence, correctness",1,1,1,True,True,False
helpsteer2:00965,train,1,"lower-bound Pareto dominance: coherence, correctness",1,-1,-1,True,True,False
helpsteer2:00966,train,1,lower-bound Pareto dominance: correctness,0,0,0,False,False,False
helpsteer2:00967,train,-1,lower-bound Pareto dominance: correctness,-2,-1,-2,True,True,False
helpsteer2:00968,train,0,cross-objective tradeoff,2,1,3,False,True,False
helpsteer2:00969,train,-1,"lower-bound Pareto dominance: coherence, correctness",-1,-1,-1,True,True,False
helpsteer2:00970,train,0,cross-objective tradeoff,2,1,1,False,True,False
helpsteer2:00971,train,1,lower-bound Pareto dominance: correctness,1,1,1,True,True,False
helpsteer2:00972,train,0,equivalent within epsilon,1,1,1,False,True,False
helpsteer2:00973,train,1,"lower-bound Pareto dominance: coherence, correctness",3,1,3,True,True,False
helpsteer2:00974,train,1,"lower-bound Pareto dominance: coherence, correctness",4,1,3,True,True,False
helpsteer2:00975,train,1,lower-bound Pareto dominance: correctness,1,1,1,True,True,False
helpsteer2:00976,train,0,equivalent within epsilon,0,0,0,False,False,False
helpsteer2:00977,train,-1,"lower-bound Pareto dominance: coherence, correctness",-1,-1,-1,True,True,False
helpsteer2:00978,train,0,equivalent within epsilon,0,-1,-1,False,False,False
helpsteer2:00979,train,-1,"lower-bound Pareto dominance: coherence, correctness",0,0,0,False,False,False
helpsteer2:00980,train,0,equivalent within epsilon,0,1,2,False,False,False
helpsteer2:00981,train,1,lower-bound Pareto dominance: correctness,1,1,1,True,True,False
helpsteer2:00982,train,1,lower-bound Pareto dominance: correctness,1,1,1,True,True,False
helpsteer2:00983,train,0,equivalent within epsilon,1,1,2,False,True,False
helpsteer2:00984,train,0,equivalent within epsilon,0,0,0,False,False,False
helpsteer2:00985,train,0,equivalent within epsilon,-1,-1,-1,False,True,False
helpsteer2:00986,train,-1,lower-bound Pareto dominance: correctness,-2,-1,-1,True,True,False
helpsteer2:00987,train,-1,"lower-bound Pareto dominance: coherence, correctness",-2,-1,-3,True,True,False
helpsteer2:00988,train,1,"lower-bound Pareto dominance: coherence, correctness",3,1,3,True,True,False
helpsteer2:00989,train,-1,lower-bound Pareto dominance: coherence,0,0,0,False,False,False
helpsteer2:00990,train,1,lower-bound Pareto dominance: coherence,1,0,0,True,True,False
helpsteer2:00991,train,0,equivalent within epsilon,0,0,0,False,False,False
helpsteer2:00992,train,0,equivalent within epsilon,1,1,1,False,True,False
helpsteer2:00993,train,1,lower-bound Pareto dominance: correctness,1,0,0,True,True,False
helpsteer2:00994,train,1,lower-bound Pareto dominance: correctness,0,0,0,False,False,False
helpsteer2:00995,train,-1,"lower-bound Pareto dominance: coherence, correctness",-2,-1,-2,True,True,False
helpsteer2:00996,train,1,lower-bound Pareto dominance: correctness,2,1,2,True,True,False
helpsteer2:00997,train,0,equivalent within epsilon,1,0,0,False,True,False
helpsteer2:00998,train,-1,lower-bound Pareto dominance: coherence,-1,0,0,True,True,False
helpsteer2:00999,train,1,"lower-bound Pareto dominance: coherence, correctness",3,1,3,True,True,False
helpsteer2:01000,train,0,equivalent within epsilon,0,1,1,False,False,False
helpsteer2:01001,train,1,"lower-bound Pareto dominance: coherence, correctness",1,1,2,True,True,False
helpsteer2:01002,train,1,"lower-bound Pareto dominance: coherence, correctness",2,1,3,True,True,False
helpsteer2:01003,train,0,equivalent within epsilon,0,0,0,False,False,False
helpsteer2:01004,train,-1,lower-bound Pareto dominance: coherence,-1,-1,-1,True,True,False
helpsteer2:01005,train,0,equivalent within epsilon,1,-1,-1,False,False,False
helpsteer2:01006,train,1,"lower-bound Pareto dominance: coherence, correctness",3,1,3,True,True,False
helpsteer2:01007,train,0,cross-objective tradeoff,4,1,3,False,True,False
helpsteer2:01008,train,1,lower-bound Pareto dominance: correctness,1,1,2,True,True,False
helpsteer2:01009,train,0,equivalent within epsilon,0,0,0,False,False,False
helpsteer2:01010,train,0,equivalent within epsilon,0,0,0,False,False,False
helpsteer2:01011,train,-1,lower-bound Pareto dominance: coherence,-1,0,0,True,True,False
helpsteer2:01012,train,0,equivalent within epsilon,-1,0,0,False,True,False
helpsteer2:01013,train,0,equivalent within epsilon,0,0,0,False,False,False
helpsteer2:01014,train,1,lower-bound Pareto dominance: correctness,1,1,1,True,False,False
helpsteer2:01015,train,0,equivalent within epsilon,0,1,1,False,False,False
helpsteer2:01016,train,-1,lower-bound Pareto dominance: correctness,-1,-1,-1,True,True,False
helpsteer2:01017,train,0,equivalent within epsilon,0,0,0,False,False,False
helpsteer2:01018,train,0,equivalent within epsilon,0,0,0,False,False,False
helpsteer2:01019,train,1,lower-bound Pareto dominance: correctness,3,1,3,True,True,False
helpsteer2:01020,train,0,equivalent within epsilon,0,0,0,False,False,False
helpsteer2:01021,train,0,equivalent within epsilon,0,0,0,False,False,False
helpsteer2:01022,train,-1,"lower-bound Pareto dominance: coherence, correctness",-4,-1,-3,True,True,False
helpsteer2:01023,train,-1,lower-bound Pareto dominance: coherence,0,0,0,False,False,False
helpsteer2:01024,train,1,lower-bound Pareto dominance: correctness,1,1,1,True,True,False
helpsteer2:01025,train,1,lower-bound Pareto dominance: correctness,3,1,2,True,True,False
helpsteer2:01026,train,1,"lower-bound Pareto dominance: coherence, correctness",2,1,2,True,True,False
helpsteer2:01027,train,0,equivalent within epsilon,0,0,0,False,False,False
helpsteer2:01028,train,-1,lower-bound Pareto dominance: correctness,-4,-1,-3,True,True,False
helpsteer2:01029,train,1,lower-bound Pareto dominance: correctness,1,1,1,True,True,False
helpsteer2:01030,train,1,lower-bound Pareto dominance: coherence,0,0,0,False,False,False
helpsteer2:01031,train,1,"lower-bound Pareto dominance: coherence, correctness",1,1,1,True,True,False
helpsteer2:01032,train,-1,lower-bound Pareto dominance: correctness,-1,0,0,True,True,False
helpsteer2:01033,train,-1,lower-bound Pareto dominance: coherence,-1,-1,-1,True,False,False
helpsteer2:01034,train,-1,"lower-bound Pareto dominance: coherence, correctness",-3,-1,-3,True,True,False
helpsteer2:01035,train,0,equivalent within epsilon,0,0,0,False,False,False
helpsteer2:01036,train,0,equivalent within epsilon,0,1,1,False,False,False
helpsteer2:01037,train,0,equivalent within epsilon,0,1,1,False,False,False
helpsteer2:01038,train,1,lower-bound Pareto dominance: correctness,2,1,2,True,True,False
helpsteer2:01039,train,1,lower-bound Pareto dominance: correctness,3,1,3,True,True,False
helpsteer2:01040,train,1,lower-bound Pareto dominance: coherence,1,1,1,True,True,False
helpsteer2:01041,train,-1,lower-bound Pareto dominance: correctness,-1,-1,-1,True,True,False
helpsteer2:01042,train,1,"lower-bound Pareto dominance: coherence, correctness",0,1,1,False,False,False
helpsteer2:01043,train,-1,lower-bound Pareto dominance: correctness,-1,-1,-1,True,True,False
helpsteer2:01044,train,0,equivalent within epsilon,0,0,0,False,False,False
helpsteer2:01045,train,0,equivalent within epsilon,0,1,1,False,False,False
helpsteer2:01046,train,1,lower-bound Pareto dominance: correctness,2,1,2,True,True,False
helpsteer2:01047,train,1,lower-bound Pareto dominance: correctness,1,-1,-1,True,True,False
helpsteer2:01048,train,1,"lower-bound Pareto dominance: coherence, correctness",2,1,1,True,True,False
helpsteer2:01049,train,-1,lower-bound Pareto dominance: correctness,0,0,0,False,False,False
helpsteer2:01050,train,1,"lower-bound Pareto dominance: coherence, correctness",4,1,3,True,True,False
helpsteer2:01051,train,1,"lower-bound Pareto dominance: coherence, correctness",3,1,2,True,True,False
helpsteer2:01052,train,1,"lower-bound Pareto dominance: coherence, correctness",2,1,2,True,True,False
helpsteer2:01053,train,0,equivalent within epsilon,0,0,0,False,False,False
helpsteer2:01054,train,1,lower-bound Pareto dominance: correctness,1,0,0,True,True,False
helpsteer2:01055,train,1,lower-bound Pareto dominance: correctness,2,1,2,True,True,False
helpsteer2:01056,train,1,lower-bound Pareto dominance: correctness,1,1,1,True,False,False
helpsteer2:01057,train,1,"lower-bound Pareto dominance: coherence, correctness",3,1,2,True,True,False
helpsteer2:01058,train,-1,lower-bound Pareto dominance: correctness,-1,-1,-1,True,True,False
helpsteer2:01059,train,1,lower-bound Pareto dominance: coherence,-1,0,0,True,True,False
helpsteer2:01060,train,0,equivalent within epsilon,0,0,0,False,False,False
helpsteer2:01061,train,-1,lower-bound Pareto dominance: correctness,-1,0,0,True,True,False
helpsteer2:01062,train,1,"lower-bound Pareto dominance: coherence, correctness",2,1,2,True,True,False
helpsteer2:01063,train,1,"lower-bound Pareto dominance: coherence, correctness",1,1,2,True,False,False
helpsteer2:01064,train,1,lower-bound Pareto dominance: correctness,1,1,1,True,True,False
helpsteer2:01065,train,1,lower-bound Pareto dominance: correctness,2,1,1,True,True,False
helpsteer2:01066,train,0,equivalent within epsilon,0,0,0,False,False,False
helpsteer2:01067,train,-1,lower-bound Pareto dominance: coherence,-2,-1,-1,True,True,False
helpsteer2:01068,train,1,lower-bound Pareto dominance: correctness,2,1,2,True,True,False
helpsteer2:01069,train,-1,"lower-bound Pareto dominance: coherence, correctness",-4,-1,-3,True,True,False
helpsteer2:01070,train,0,equivalent within epsilon,0,0,0,False,False,False
helpsteer2:01071,train,0,equivalent within epsilon,-1,0,0,False,True,False
helpsteer2:01072,train,1,"lower-bound Pareto dominance: coherence, correctness",1,1,1,True,False,False
helpsteer2:01073,train,0,equivalent within epsilon,0,0,0,False,False,False
helpsteer2:01074,train,0,equivalent within epsilon,-1,-1,-1,False,True,False
helpsteer2:01075,train,1,"lower-bound Pareto dominance: coherence, correctness",1,1,1,True,True,False
helpsteer2:01076,train,0,equivalent within epsilon,1,0,0,False,False,False
helpsteer2:01077,train,0,equivalent within epsilon,0,0,0,False,False,False
helpsteer2:01078,train,1,lower-bound Pareto dominance: correctness,-1,1,1,True,False,False
helpsteer2:01079,train,-1,lower-bound Pareto dominance: correctness,-4,-1,-3,True,True,False
helpsteer2:01080,train,-1,lower-bound Pareto dominance: correctness,-2,-1,-2,True,True,False
helpsteer2:01081,train,1,lower-bound Pareto dominance: coherence,1,1,1,True,True,False
helpsteer2:01082,train,-1,lower-bound Pareto dominance: correctness,-1,-1,-1,True,True,False
helpsteer2:01083,train,0,equivalent within epsilon,0,1,1,False,False,False
helpsteer2:01084,train,0,equivalent within epsilon,-1,0,0,False,False,False
helpsteer2:01085,train,-1,lower-bound Pareto dominance: coherence,-1,-1,-1,True,False,False
helpsteer2:01086,train,1,lower-bound Pareto dominance: coherence,0,-1,-1,False,False,False
helpsteer2:01087,train,0,equivalent within epsilon,0,0,0,False,False,False
helpsteer2:01088,train,0,equivalent within epsilon,1,0,0,False,False,False
helpsteer2:01089,train,0,equivalent within epsilon,0,1,2,False,False,False
helpsteer2:01090,train,-1,"lower-bound Pareto dominance: coherence, correctness",-1,-1,-1,True,True,False
helpsteer2:01091,train,0,equivalent within epsilon,0,0,0,False,False,False
helpsteer2:01092,train,1,"lower-bound Pareto dominance: coherence, correctness",2,1,2,True,True,False
helpsteer2:01093,train,0,equivalent within epsilon,0,1,1,False,False,False
helpsteer2:01094,train,0,equivalent within epsilon,0,-1,-1,False,False,False
helpsteer2:01095,train,0,equivalent within epsilon,0,0,0,False,False,False
helpsteer2:01096,train,1,lower-bound Pareto dominance: coherence,0,0,0,False,False,False
helpsteer2:01097,train,1,lower-bound Pareto dominance: correctness,3,1,3,True,True,False
helpsteer2:01098,train,-1,lower-bound Pareto dominance: correctness,-2,-1,-2,True,True,False
helpsteer2:01099,train,1,"lower-bound Pareto dominance: coherence, correctness",2,1,2,True,True,False
helpsteer2:01100,train,1,lower-bound Pareto dominance: correctness,2,1,2,True,True,False
helpsteer2:01101,train,1,lower-bound Pareto dominance: correctness,3,1,3,True,True,False
helpsteer2:01102,train,-1,"lower-bound Pareto dominance: coherence, correctness",-1,-1,-1,True,True,False
helpsteer2:01103,train,1,lower-bound Pareto dominance: correctness,1,0,0,True,False,False
helpsteer2:01104,train,1,lower-bound Pareto dominance: coherence,0,1,1,False,False,False
helpsteer2:01105,train,1,lower-bound Pareto dominance: coherence,0,0,0,False,False,False
helpsteer2:01106,train,0,equivalent within epsilon,1,1,1,False,True,False
helpsteer2:01107,train,0,equivalent within epsilon,0,0,0,False,False,False
helpsteer2:01108,train,0,equivalent within epsilon,0,0,0,False,False,False
helpsteer2:01109,train,1,"lower-bound Pareto dominance: coherence, correctness",1,1,2,True,True,False
helpsteer2:01110,train,0,equivalent within epsilon,0,-1,-1,False,False,False
helpsteer2:01111,train,0,equivalent within epsilon,0,0,0,False,False,False
helpsteer2:01112,train,0,equivalent within epsilon,0,0,0,False,False,False
helpsteer2:01113,train,1,lower-bound Pareto dominance: correctness,1,1,2,True,True,False
helpsteer2:01114,train,-1,lower-bound Pareto dominance: correctness,-2,-1,-2,True,True,False
helpsteer2:01115,train,-1,"lower-bound Pareto dominance: coherence, correctness",-4,-1,-3,True,True,False
helpsteer2:01116,train,0,equivalent within epsilon,0,0,0,False,False,False
helpsteer2:01117,train,-1,"lower-bound Pareto dominance: coherence, correctness",-1,-1,-1,True,True,False
helpsteer2:01118,train,1,lower-bound Pareto dominance: correctness,2,1,2,True,True,False
helpsteer2:01119,train,0,equivalent within epsilon,0,0,0,False,False,False
helpsteer2:01120,train,-1,lower-bound Pareto dominance: correctness,0,0,0,False,False,False
helpsteer2:01121,train,0,equivalent within epsilon,0,0,0,False,False,False
helpsteer2:01122,train,1,lower-bound Pareto dominance: correctness,1,0,0,True,True,False
helpsteer2:01123,train,0,equivalent within epsilon,0,0,0,False,False,False
helpsteer2:01124,train,0,equivalent within epsilon,-1,0,0,False,True,False
helpsteer2:01125,train,0,equivalent within epsilon,0,0,0,False,False,False
helpsteer2:01126,train,-1,"lower-bound Pareto dominance: coherence, correctness",-2,-1,-2,True,True,False
helpsteer2:01127,train,0,equivalent within epsilon,0,0,0,False,False,False
helpsteer2:01128,train,1,lower-bound Pareto dominance: correctness,1,1,2,True,True,False
helpsteer2:01129,train,1,lower-bound Pareto dominance: correctness,1,1,1,True,False,False
helpsteer2:01130,train,1,"lower-bound Pareto dominance: coherence, correctness",1,1,1,True,True,False
helpsteer2:01131,train,1,"lower-bound Pareto dominance: coherence, correctness",1,1,1,True,True,False
helpsteer2:01132,train,-1,"lower-bound Pareto dominance: coherence, correctness",-1,-1,-1,True,True,False
helpsteer2:01133,train,0,equivalent within epsilon,0,-1,-1,False,False,False
helpsteer2:01134,train,0,equivalent within epsilon,0,1,1,False,False,False
helpsteer2:01135,train,0,equivalent within epsilon,0,0,0,False,False,False
helpsteer2:01136,train,-1,"lower-bound Pareto dominance: coherence, correctness",-2,-1,-2,True,True,False
helpsteer2:01137,train,0,equivalent within epsilon,0,0,0,False,False,False
helpsteer2:01138,train,1,"lower-bound Pareto dominance: coherence, correctness",1,1,1,True,False,False
helpsteer2:01139,train,-1,"lower-bound Pareto dominance: coherence, correctness",-1,0,0,True,True,False
helpsteer2:01140,train,-1,lower-bound Pareto dominance: coherence,-1,-1,-1,True,True,False
helpsteer2:01141,train,0,equivalent within epsilon,0,-1,-1,False,False,False
helpsteer2:01142,train,1,lower-bound Pareto dominance: correctness,1,1,1,True,True,False
helpsteer2:01143,train,-1,"lower-bound Pareto dominance: coherence, correctness",-1,-1,-1,True,False,False
helpsteer2:01144,train,0,equivalent within epsilon,0,1,2,False,False,False
helpsteer2:01145,train,1,lower-bound Pareto dominance: coherence,0,1,1,False,False,False
helpsteer2:01146,train,1,lower-bound Pareto dominance: correctness,1,1,1,True,True,False
helpsteer2:01147,train,0,equivalent within epsilon,0,0,0,False,False,False
helpsteer2:01148,train,1,lower-bound Pareto dominance: coherence,0,0,0,False,False,False
helpsteer2:01149,train,1,lower-bound Pareto dominance: correctness,0,1,1,False,False,False
helpsteer2:01150,train,0,equivalent within epsilon,0,0,0,False,False,False
helpsteer2:01151,train,-1,lower-bound Pareto dominance: correctness,-1,-1,-1,True,True,False
helpsteer2:01152,train,-1,lower-bound Pareto dominance: correctness,0,0,0,False,False,False
helpsteer2:01153,train,0,equivalent within epsilon,0,0,0,False,False,False
helpsteer2:01154,train,0,equivalent within epsilon,0,0,0,False,False,False
helpsteer2:01155,train,1,lower-bound Pareto dominance: correctness,4,1,3,True,True,False
helpsteer2:01156,train,-1,lower-bound Pareto dominance: correctness,-2,1,2,True,True,False
helpsteer2:01157,train,-1,lower-bound Pareto dominance: correctness,0,1,1,False,False,False
helpsteer2:01158,train,0,equivalent within epsilon,0,0,0,False,False,False
helpsteer2:01159,train,-1,"lower-bound Pareto dominance: coherence, correctness",-1,-1,-2,True,True,False
helpsteer2:01160,train,0,equivalent within epsilon,0,0,0,False,False,False
helpsteer2:01161,train,1,"lower-bound Pareto dominance: coherence, correctness",2,1,2,True,True,False
helpsteer2:01162,train,1,lower-bound Pareto dominance: correctness,3,1,2,True,True,False
helpsteer2:01163,train,1,"lower-bound Pareto dominance: coherence, correctness",3,1,3,True,True,False
helpsteer2:01164,train,-1,lower-bound Pareto dominance: coherence,-1,0,0,True,True,False
helpsteer2:01165,train,0,equivalent within epsilon,0,0,0,False,False,False
helpsteer2:01166,train,0,cross-objective tradeoff,2,1,2,False,True,False
helpsteer2:01167,train,-1,lower-bound Pareto dominance: coherence,0,0,0,False,False,False
helpsteer2:01168,train,0,equivalent within epsilon,1,1,1,False,False,False
helpsteer2:01169,train,-1,lower-bound Pareto dominance: correctness,-2,-1,-2,True,True,False
helpsteer2:01170,train,-1,lower-bound Pareto dominance: correctness,-3,-1,-3,True,True,False
helpsteer2:01171,train,-1,lower-bound Pareto dominance: coherence,0,-1,-1,False,False,False
helpsteer2:01172,train,0,equivalent within epsilon,0,0,0,False,False,False
helpsteer2:01173,train,1,lower-bound Pareto dominance: correctness,1,1,1,True,True,False
helpsteer2:01174,train,-1,lower-bound Pareto dominance: correctness,-3,-1,-3,True,True,False
helpsteer2:01175,train,0,equivalent within epsilon,0,0,0,False,False,False
helpsteer2:01176,train,1,lower-bound Pareto dominance: coherence,1,0,0,True,True,False
helpsteer2:01177,train,1,"lower-bound Pareto dominance: coherence, correctness",2,1,2,True,True,False
helpsteer2:01178,train,0,equivalent within epsilon,-1,-1,-2,False,True,False
helpsteer2:01179,train,1,lower-bound Pareto dominance: correctness,1,1,2,True,True,False
helpsteer2:01180,train,1,"lower-bound Pareto dominance: coherence, correctness",3,1,3,True,True,False
helpsteer2:01181,train,1,"lower-bound Pareto dominance: coherence, correctness",1,1,1,True,False,False
helpsteer2:01182,train,0,cross-objective tradeoff,0,1,2,False,False,False
helpsteer2:01183,train,1,lower-bound Pareto dominance: correctness,1,1,1,True,True,False
helpsteer2:01184,train,1,lower-bound Pareto dominance: correctness,0,1,1,False,False,False
helpsteer2:01185,train,0,equivalent within epsilon,0,0,0,False,False,False
helpsteer2:01186,train,-1,"lower-bound Pareto dominance: coherence, correctness",-2,-1,-2,True,True,False
helpsteer2:01187,train,1,lower-bound Pareto dominance: coherence,1,1,1,True,True,False
helpsteer2:01188,train,1,"lower-bound Pareto dominance: coherence, correctness",1,1,1,True,True,False
helpsteer2:01189,train,1,lower-bound Pareto dominance: correctness,2,1,2,True,True,False
helpsteer2:01190,train,1,"lower-bound Pareto dominance: coherence, correctness",2,1,1,True,True,False
helpsteer2:01191,train,1,lower-bound Pareto dominance: coherence,1,1,1,True,True,False
helpsteer2:01192,train,1,lower-bound Pareto dominance: correctness,1,1,2,True,True,False
helpsteer2:01193,train,1,lower-bound Pareto dominance: correctness,2,1,2,True,True,False
helpsteer2:01194,train,-1,"lower-bound Pareto dominance: coherence, correctness",-2,-1,-2,True,True,False
helpsteer2:01195,train,1,lower-bound Pareto dominance: correctness,1,0,0,True,True,False
helpsteer2:01196,train,1,lower-bound Pareto dominance: coherence,1,1,1,True,False,False
helpsteer2:01197,train,-1,lower-bound Pareto dominance: correctness,-2,-1,-2,True,True,False
helpsteer2:01198,train,1,"lower-bound Pareto dominance: coherence, correctness",4,1,3,True,True,False
helpsteer2:01199,train,0,equivalent within epsilon,0,0,0,False,False,False
helpsteer2:01200,train,0,equivalent within epsilon,0,0,0,False,False,False
helpsteer2:01201,train,1,lower-bound Pareto dominance: correctness,1,0,0,True,True,False
helpsteer2:01202,train,0,equivalent within epsilon,0,0,0,False,False,False
helpsteer2:01203,train,0,equivalent within epsilon,0,0,0,False,False,False
helpsteer2:01204,train,0,equivalent within epsilon,1,1,1,False,True,False
helpsteer2:01205,train,-1,lower-bound Pareto dominance: correctness,-1,-1,-1,True,True,False
helpsteer2:01206,train,1,"lower-bound Pareto dominance: coherence, correctness",1,1,1,True,True,False
helpsteer2:01207,train,-1,lower-bound Pareto dominance: correctness,0,0,0,False,False,False
helpsteer2:01208,train,-1,"lower-bound Pareto dominance: coherence, correctness",-2,-1,-2,True,True,False
helpsteer2:01209,train,1,lower-bound Pareto dominance: coherence,1,1,2,True,False,False
helpsteer2:01210,train,1,"lower-bound Pareto dominance: coherence, correctness",1,1,1,True,False,False
helpsteer2:01211,train,0,equivalent within epsilon,0,1,1,False,False,False
helpsteer2:01212,train,0,equivalent within epsilon,1,1,1,False,False,False
helpsteer2:01213,train,0,equivalent within epsilon,0,-1,-1,False,False,False
helpsteer2:01214,train,0,equivalent within epsilon,0,-1,-1,False,False,False
helpsteer2:01215,train,-1,lower-bound Pareto dominance: correctness,-4,-1,-3,True,True,False
helpsteer2:01216,train,0,equivalent within epsilon,0,0,0,False,False,False
helpsteer2:01217,train,-1,lower-bound Pareto dominance: correctness,0,0,0,False,False,False
helpsteer2:01218,train,1,"lower-bound Pareto dominance: coherence, correctness",2,1,1,True,True,False
helpsteer2:01219,train,1,lower-bound Pareto dominance: coherence,0,0,0,False,False,False
helpsteer2:01220,train,0,equivalent within epsilon,-1,-1,-1,False,False,False
helpsteer2:01221,train,0,equivalent within epsilon,0,0,0,False,False,False
helpsteer2:01222,train,0,equivalent within epsilon,-1,0,0,False,True,False
helpsteer2:01223,train,1,lower-bound Pareto dominance: coherence,-1,-1,-2,True,True,False
helpsteer2:01224,train,1,lower-bound Pareto dominance: coherence,1,1,2,True,True,False
helpsteer2:01225,train,1,lower-bound Pareto dominance: correctness,1,1,1,True,True,False
helpsteer2:01226,train,1,"lower-bound Pareto dominance: coherence, correctness",4,1,3,True,True,False
helpsteer2:01227,train,1,"lower-bound Pareto dominance: coherence, correctness",2,1,2,True,True,False
helpsteer2:01228,train,1,lower-bound Pareto dominance: correctness,1,0,0,True,False,False
helpsteer2:01229,train,1,"lower-bound Pareto dominance: coherence, correctness",2,1,2,True,True,False
helpsteer2:01230,train,-1,"lower-bound Pareto dominance: coherence, correctness",-2,-1,-2,True,True,False
helpsteer2:01231,train,0,equivalent within epsilon,0,0,0,False,False,False
helpsteer2:01232,train,0,equivalent within epsilon,0,0,0,False,False,False
helpsteer2:01233,train,0,equivalent within epsilon,0,-1,-1,False,False,False
helpsteer2:01234,train,1,lower-bound Pareto dominance: coherence,0,-1,-1,False,False,False
helpsteer2:01235,train,-1,lower-bound Pareto dominance: correctness,0,-1,-1,False,False,False
helpsteer2:01236,train,0,equivalent within epsilon,0,0,0,False,False,False
helpsteer2:01237,train,1,lower-bound Pareto dominance: coherence,1,1,1,True,False,False
helpsteer2:01238,train,0,equivalent within epsilon,1,0,0,False,False,False
helpsteer2:01239,train,-1,lower-bound Pareto dominance: correctness,-3,-1,-3,True,True,False
helpsteer2:01240,train,0,equivalent within epsilon,0,0,0,False,False,False
helpsteer2:01241,train,0,equivalent within epsilon,0,0,0,False,False,False
helpsteer2:01242,train,0,equivalent within epsilon,1,0,0,False,False,False
helpsteer2:01243,train,-1,"lower-bound Pareto dominance: coherence, correctness",-1,-1,-1,True,False,False
helpsteer2:01244,train,-1,lower-bound Pareto dominance: coherence,-1,0,0,True,True,False
helpsteer2:01245,train,-1,lower-bound Pareto dominance: correctness,-2,-1,-2,True,True,False
helpsteer2:01246,train,1,lower-bound Pareto dominance: correctness,1,1,1,True,True,False
helpsteer2:01247,train,1,lower-bound Pareto dominance: coherence,0,0,0,False,False,False
helpsteer2:01248,train,1,lower-bound Pareto dominance: correctness,1,0,0,True,True,False
helpsteer2:01249,train,0,equivalent within epsilon,0,0,0,False,False,False
helpsteer2:01250,train,0,equivalent within epsilon,0,1,1,False,False,False
helpsteer2:01251,train,1,lower-bound Pareto dominance: correctness,1,1,1,True,True,False
helpsteer2:01252,train,-1,"lower-bound Pareto dominance: coherence, correctness",-2,-1,-2,True,True,False
helpsteer2:01253,train,1,"lower-bound Pareto dominance: coherence, correctness",1,0,0,True,True,False
helpsteer2:01254,train,1,lower-bound Pareto dominance: correctness,1,1,1,True,True,False
helpsteer2:01255,train,1,"lower-bound Pareto dominance: coherence, correctness",1,1,2,True,True,False
helpsteer2:01256,train,1,lower-bound Pareto dominance: correctness,1,1,1,True,True,False
helpsteer2:01257,train,0,equivalent within epsilon,0,-1,-1,False,False,False
helpsteer2:01258,train,1,lower-bound Pareto dominance: correctness,1,1,2,True,False,False
helpsteer2:01259,train,1,"lower-bound Pareto dominance: coherence, correctness",2,1,3,True,True,False
helpsteer2:01260,train,-1,lower-bound Pareto dominance: correctness,-1,-1,-1,True,False,False
helpsteer2:01261,train,0,equivalent within epsilon,1,0,0,False,True,False
helpsteer2:01262,train,-1,lower-bound Pareto dominance: correctness,-1,-1,-2,True,True,False
helpsteer2:01263,train,-1,lower-bound Pareto dominance: coherence,0,0,0,False,False,False
helpsteer2:01264,train,0,equivalent within epsilon,0,0,0,False,False,False
helpsteer2:01265,train,-1,lower-bound Pareto dominance: correctness,-2,-1,-2,True,True,False
helpsteer2:01266,train,1,lower-bound Pareto dominance: coherence,-3,-1,-2,True,True,False
helpsteer2:01267,train,-1,lower-bound Pareto dominance: correctness,-1,-1,-1,True,True,False
helpsteer2:01268,train,-1,lower-bound Pareto dominance: correctness,-3,-1,-3,True,True,False
helpsteer2:01269,train,1,"lower-bound Pareto dominance: coherence, correctness",1,1,1,True,True,False
helpsteer2:01270,train,1,lower-bound Pareto dominance: correctness,1,1,1,True,True,False
helpsteer2:01271,train,1,"lower-bound Pareto dominance: coherence, correctness",4,1,3,True,True,False
helpsteer2:01272,train,1,"lower-bound Pareto dominance: coherence, correctness",3,1,3,True,True,False
helpsteer2:01273,train,1,"lower-bound Pareto dominance: coherence, correctness",3,1,2,True,True,False
helpsteer2:01274,train,0,equivalent within epsilon,0,0,0,False,False,False
helpsteer2:01275,train,0,equivalent within epsilon,0,1,1,False,False,False
helpsteer2:01276,train,0,equivalent within epsilon,0,0,0,False,False,False
helpsteer2:01277,train,1,"lower-bound Pareto dominance: coherence, correctness",1,0,0,True,True,False
helpsteer2:01278,train,0,equivalent within epsilon,-1,0,0,False,True,False
helpsteer2:01279,train,-1,lower-bound Pareto dominance: correctness,-1,-1,-2,True,True,False
helpsteer2:01280,train,0,equivalent within epsilon,0,-1,-1,False,False,False
helpsteer2:01281,train,1,"lower-bound Pareto dominance: coherence, correctness",2,1,2,True,True,False
helpsteer2:01282,train,-1,"lower-bound Pareto dominance: coherence, correctness",-4,-1,-3,True,True,False
helpsteer2:01283,train,0,equivalent within epsilon,0,-1,-1,False,False,False
helpsteer2:01284,train,0,equivalent within epsilon,0,1,1,False,False,False
helpsteer2:01285,train,0,equivalent within epsilon,0,0,0,False,False,False
helpsteer2:01286,train,-1,"lower-bound Pareto dominance: coherence, correctness",-4,-1,-3,True,True,False
helpsteer2:01287,train,0,equivalent within epsilon,1,1,2,False,True,False
helpsteer2:01288,train,1,lower-bound Pareto dominance: correctness,1,0,0,True,True,False
helpsteer2:01289,train,-1,"lower-bound Pareto dominance: coherence, correctness",-3,-1,-3,True,True,False
helpsteer2:01290,train,1,lower-bound Pareto dominance: correctness,1,0,0,True,True,False
helpsteer2:01291,train,1,lower-bound Pareto dominance: correctness,1,0,0,True,False,False
helpsteer2:01292,train,-1,lower-bound Pareto dominance: correctness,-2,-1,-2,True,True,False
helpsteer2:01293,train,0,equivalent within epsilon,-1,-1,-1,False,True,False
helpsteer2:01294,train,-1,lower-bound Pareto dominance: correctness,-1,0,0,True,True,False
helpsteer2:01295,train,1,"lower-bound Pareto dominance: coherence, correctness",1,1,1,True,True,False
helpsteer2:01296,train,-1,lower-bound Pareto dominance: correctness,-2,-1,-2,True,True,False
helpsteer2:01297,train,1,"lower-bound Pareto dominance: coherence, correctness",1,1,1,True,True,False
helpsteer2:01298,train,0,equivalent within epsilon,0,-1,-1,False,False,False
helpsteer2:01299,train,1,lower-bound Pareto dominance: correctness,0,0,0,False,False,False
helpsteer2:01300,train,1,lower-bound Pareto dominance: correctness,1,0,0,True,True,False
helpsteer2:01301,train,0,equivalent within epsilon,0,0,0,False,False,False
helpsteer2:01302,train,-1,lower-bound Pareto dominance: correctness,0,0,0,False,False,False
helpsteer2:01303,train,0,equivalent within epsilon,-1,-1,-1,False,True,False
helpsteer2:01304,train,1,"lower-bound Pareto dominance: coherence, correctness",2,1,2,True,True,False
helpsteer2:01305,train,-1,lower-bound Pareto dominance: correctness,-1,0,0,True,True,False
helpsteer2:01306,train,-1,"lower-bound Pareto dominance: coherence, correctness",-2,-1,-3,True,True,False
helpsteer2:01307,train,1,lower-bound Pareto dominance: coherence,0,1,1,False,False,False
helpsteer2:01308,train,1,lower-bound Pareto dominance: correctness,1,0,0,True,True,False
helpsteer2:01309,train,1,"lower-bound Pareto dominance: coherence, correctness",2,1,2,True,True,False
helpsteer2:01310,train,1,lower-bound Pareto dominance: correctness,2,1,1,True,True,False
helpsteer2:01311,train,0,equivalent within epsilon,0,-1,-1,False,False,False
helpsteer2:01312,train,1,lower-bound Pareto dominance: correctness,1,1,2,True,True,False
helpsteer2:01313,train,-1,lower-bound Pareto dominance: correctness,-1,0,0,True,False,False
helpsteer2:01314,train,0,equivalent within epsilon,1,0,0,False,True,False
helpsteer2:01315,train,-1,"lower-bound Pareto dominance: coherence, correctness",-1,-1,-2,True,False,False
helpsteer2:01316,train,0,equivalent within epsilon,1,0,0,False,True,False
helpsteer2:01317,train,1,"lower-bound Pareto dominance: coherence, correctness",2,1,1,True,True,False
helpsteer2:01318,train,0,equivalent within epsilon,0,-1,-1,False,False,False
helpsteer2:01319,train,0,equivalent within epsilon,0,0,0,False,False,False
helpsteer2:01320,train,1,lower-bound Pareto dominance: coherence,1,1,1,True,True,False
helpsteer2:01321,train,1,lower-bound Pareto dominance: correctness,1,0,0,True,True,False
helpsteer2:01322,train,1,lower-bound Pareto dominance: coherence,2,1,2,True,True,False
helpsteer2:01323,train,1,"lower-bound Pareto dominance: coherence, correctness",2,1,2,True,True,False
helpsteer2:01324,train,0,equivalent within epsilon,0,1,1,False,False,False
helpsteer2:01325,train,1,"lower-bound Pareto dominance: coherence, correctness",4,1,3,True,True,False
helpsteer2:01326,train,1,"lower-bound Pareto dominance: coherence, correctness",1,1,1,True,True,False
helpsteer2:01327,train,0,equivalent within epsilon,0,1,2,False,False,False
helpsteer2:01328,train,0,equivalent within epsilon,0,0,0,False,False,False
helpsteer2:01329,train,0,equivalent within epsilon,0,0,0,False,False,False
helpsteer2:01330,train,-1,lower-bound Pareto dominance: correctness,-2,-1,-2,True,True,False
helpsteer2:01331,train,1,lower-bound Pareto dominance: correctness,1,0,0,True,True,False
helpsteer2:01332,train,0,cross-objective tradeoff,0,-1,-1,False,False,False
helpsteer2:01333,train,1,lower-bound Pareto dominance: correctness,1,1,2,True,True,False
helpsteer2:01334,train,0,equivalent within epsilon,0,0,0,False,False,False
helpsteer2:01335,train,-1,lower-bound Pareto dominance: correctness,0,0,0,False,False,False
helpsteer2:01336,train,1,"lower-bound Pareto dominance: coherence, correctness",3,1,2,True,True,False
helpsteer2:01337,train,0,equivalent within epsilon,0,0,0,False,False,False
helpsteer2:01338,train,1,lower-bound Pareto dominance: correctness,2,1,2,True,True,False
helpsteer2:01339,train,-1,lower-bound Pareto dominance: correctness,-1,-1,-1,True,True,False
helpsteer2:01340,train,-1,"lower-bound Pareto dominance: coherence, correctness",-2,-1,-2,True,True,False
helpsteer2:01341,train,1,"lower-bound Pareto dominance: coherence, correctness",2,1,2,True,True,False
helpsteer2:01342,train,0,equivalent within epsilon,0,0,0,False,False,False
helpsteer2:01343,train,1,"lower-bound Pareto dominance: coherence, correctness",2,1,2,True,True,False
helpsteer2:01344,train,-1,"lower-bound Pareto dominance: coherence, correctness",-2,-1,-1,True,True,False
helpsteer2:01345,train,-1,lower-bound Pareto dominance: correctness,-1,-1,-1,True,True,False
helpsteer2:01346,train,1,"lower-bound Pareto dominance: coherence, correctness",1,1,1,True,True,False
helpsteer2:01347,train,-1,lower-bound Pareto dominance: coherence,0,0,0,False,False,False
helpsteer2:01348,train,1,lower-bound Pareto dominance: correctness,1,1,1,True,True,False
helpsteer2:01349,train,-1,lower-bound Pareto dominance: correctness,-2,-1,-2,True,True,False
helpsteer2:01350,train,-1,lower-bound Pareto dominance: coherence,0,-1,-1,False,False,False
helpsteer2:01351,train,0,equivalent within epsilon,1,1,1,False,True,False
helpsteer2:01352,train,-1,lower-bound Pareto dominance: correctness,-1,-1,-2,True,True,False
helpsteer2:01353,train,0,equivalent within epsilon,0,-1,-1,False,False,False
helpsteer2:01354,train,1,"lower-bound Pareto dominance: coherence, correctness",2,1,2,True,True,False
helpsteer2:01355,train,-1,"lower-bound Pareto dominance: coherence, correctness",-4,-1,-3,True,True,False
helpsteer2:01356,train,0,equivalent within epsilon,1,1,2,False,True,False
helpsteer2:01357,train,-1,"lower-bound Pareto dominance: coherence, correctness",-1,-1,-1,True,True,False
helpsteer2:01358,train,1,lower-bound Pareto dominance: coherence,1,1,1,True,True,False
helpsteer2:01359,train,0,equivalent within epsilon,0,0,0,False,False,False
helpsteer2:01360,train,1,lower-bound Pareto dominance: coherence,1,1,1,True,False,False
helpsteer2:01361,train,0,equivalent within epsilon,0,0,0,False,False,False
helpsteer2:01362,train,0,equivalent within epsilon,0,0,0,False,False,False
helpsteer2:01363,train,1,lower-bound Pareto dominance: correctness,1,0,0,True,True,False
helpsteer2:01364,train,0,equivalent within epsilon,0,0,0,False,False,False
helpsteer2:01365,train,0,equivalent within epsilon,0,1,1,False,False,False
helpsteer2:01366,train,-1,lower-bound Pareto dominance: correctness,-2,-1,-2,True,True,False
helpsteer2:01367,train,0,equivalent within epsilon,0,0,0,False,False,False
helpsteer2:01368,train,-1,"lower-bound Pareto dominance: coherence, correctness",-2,-1,-2,True,True,False
helpsteer2:01369,train,-1,lower-bound Pareto dominance: correctness,-3,-1,-2,True,True,False
helpsteer2:01370,train,0,equivalent within epsilon,0,1,1,False,False,False
helpsteer2:01371,train,0,equivalent within epsilon,0,-1,-1,False,False,False
helpsteer2:01372,train,1,lower-bound Pareto dominance: correctness,2,1,1,True,True,False
helpsteer2:01373,train,0,equivalent within epsilon,0,-1,-1,False,False,False
helpsteer2:01374,train,1,"lower-bound Pareto dominance: coherence, correctness",2,1,2,True,True,False
helpsteer2:01375,train,0,equivalent within epsilon,1,1,1,False,True,False
helpsteer2:01376,train,-1,"lower-bound Pareto dominance: coherence, correctness",-2,-1,-2,True,True,False
helpsteer2:01377,train,-1,lower-bound Pareto dominance: correctness,-1,-1,-2,True,True,False
helpsteer2:01378,train,1,lower-bound Pareto dominance: coherence,2,1,1,True,True,False
helpsteer2:01379,train,1,lower-bound Pareto dominance: correctness,1,1,1,True,True,False
helpsteer2:01380,train,1,lower-bound Pareto dominance: correctness,0,1,1,False,False,False
helpsteer2:01381,train,-1,lower-bound Pareto dominance: correctness,-1,-1,-1,True,True,False
helpsteer2:01382,train,1,lower-bound Pareto dominance: coherence,1,1,1,True,True,False
helpsteer2:01383,train,-1,lower-bound Pareto dominance: coherence,-1,-1,-1,True,False,False
helpsteer2:01384,train,1,lower-bound Pareto dominance: coherence,0,0,0,False,False,False
helpsteer2:01385,train,0,cross-objective tradeoff,0,-1,-2,False,False,False
helpsteer2:01386,train,1,lower-bound Pareto dominance: correctness,1,0,0,True,False,False
helpsteer2:01387,train,-1,"lower-bound Pareto dominance: coherence, correctness",-1,-1,-1,True,True,False
helpsteer2:01388,train,1,"lower-bound Pareto dominance: coherence, correctness",3,1,2,True,True,False
helpsteer2:01389,train,1,lower-bound Pareto dominance: coherence,1,0,0,True,False,False
helpsteer2:01390,train,0,equivalent within epsilon,1,0,0,False,True,False
helpsteer2:01391,train,1,"lower-bound Pareto dominance: coherence, correctness",2,1,2,True,True,False
helpsteer2:01392,train,1,lower-bound Pareto dominance: coherence,1,1,1,True,True,False
helpsteer2:01393,train,1,"lower-bound Pareto dominance: coherence, correctness",2,1,2,True,True,False
helpsteer2:01394,train,1,"lower-bound Pareto dominance: coherence, correctness",1,1,1,True,True,False
helpsteer2:01395,train,0,equivalent within epsilon,0,0,0,False,False,False
helpsteer2:01396,train,-1,"lower-bound Pareto dominance: coherence, correctness",-2,-1,-2,True,True,False
helpsteer2:01397,train,0,equivalent within epsilon,0,0,0,False,False,False
helpsteer2:01398,train,0,equivalent within epsilon,0,-1,-1,False,False,False
helpsteer2:01399,train,0,equivalent within epsilon,0,0,0,False,False,False
helpsteer2:01400,train,0,equivalent within epsilon,0,-1,-1,False,False,False
helpsteer2:01401,train,0,equivalent within epsilon,0,0,0,False,False,False
helpsteer2:01402,train,0,equivalent within epsilon,0,-1,-1,False,False,False
helpsteer2:01403,train,1,lower-bound Pareto dominance: coherence,0,1,1,False,False,False
helpsteer2:01404,train,1,lower-bound Pareto dominance: correctness,3,1,3,True,True,False
helpsteer2:01405,train,1,"lower-bound Pareto dominance: coherence, correctness",1,1,1,True,False,False
helpsteer2:01406,train,0,equivalent within epsilon,1,1,1,False,True,False
helpsteer2:01407,train,0,equivalent within epsilon,0,0,0,False,False,False
helpsteer2:01408,train,-1,"lower-bound Pareto dominance: coherence, correctness",-1,-1,-1,True,True,False
helpsteer2:01409,train,1,lower-bound Pareto dominance: correctness,1,0,0,True,True,False
helpsteer2:01410,train,-1,lower-bound Pareto dominance: correctness,-1,-1,-1,True,True,False
helpsteer2:01411,train,1,"lower-bound Pareto dominance: coherence, correctness",2,1,2,True,True,False
helpsteer2:01412,train,1,"lower-bound Pareto dominance: coherence, correctness",2,1,2,True,True,False
helpsteer2:01413,train,0,equivalent within epsilon,0,0,0,False,False,False
helpsteer2:01414,train,-1,"lower-bound Pareto dominance: coherence, correctness",-1,-1,-1,True,True,False
helpsteer2:01415,train,1,lower-bound Pareto dominance: correctness,1,1,1,True,True,False
helpsteer2:01416,train,1,lower-bound Pareto dominance: correctness,1,0,0,True,True,False
helpsteer2:01417,train,0,equivalent within epsilon,0,0,0,False,False,False
helpsteer2:01418,train,0,equivalent within epsilon,-1,0,0,False,False,False
helpsteer2:01419,train,0,equivalent within epsilon,0,0,0,False,False,False
helpsteer2:01420,train,1,lower-bound Pareto dominance: coherence,1,1,1,True,True,False
helpsteer2:01421,train,0,equivalent within epsilon,0,0,0,False,False,False
helpsteer2:01422,train,0,equivalent within epsilon,0,0,0,False,False,False
helpsteer2:01423,train,1,lower-bound Pareto dominance: correctness,1,1,1,True,True,False
helpsteer2:01424,train,-1,lower-bound Pareto dominance: coherence,-1,0,0,True,True,False
helpsteer2:01425,train,-1,lower-bound Pareto dominance: correctness,-1,-1,-1,True,True,False
helpsteer2:01426,train,0,equivalent within epsilon,0,0,0,False,False,False
helpsteer2:01427,train,1,lower-bound Pareto dominance: correctness,2,1,2,True,True,False
helpsteer2:01428,train,0,equivalent within epsilon,0,0,0,False,False,False
helpsteer2:01429,train,-1,lower-bound Pareto dominance: coherence,-1,-1,-1,True,True,False
helpsteer2:01430,train,0,equivalent within epsilon,0,0,0,False,False,False
helpsteer2:01431,train,-1,lower-bound Pareto dominance: correctness,-2,-1,-2,True,True,False
helpsteer2:01432,train,1,"lower-bound Pareto dominance: coherence, correctness",3,1,3,True,True,False
helpsteer2:01433,train,-1,"lower-bound Pareto dominance: coherence, correctness",-2,-1,-2,True,True,False
helpsteer2:01434,train,-1,"lower-bound Pareto dominance: coherence, correctness",-2,-1,-2,True,True,False
helpsteer2:01435,train,-1,lower-bound Pareto dominance: correctness,-3,-1,-1,True,True,False
helpsteer2:01436,train,-1,"lower-bound Pareto dominance: coherence, correctness",-2,-1,-1,True,True,False
helpsteer2:01437,train,-1,lower-bound Pareto dominance: correctness,-2,-1,-2,True,True,False
helpsteer2:01438,train,1,lower-bound Pareto dominance: coherence,1,1,1,True,True,False
helpsteer2:01439,train,-1,"lower-bound Pareto dominance: coherence, correctness",-2,-1,-2,True,True,False
helpsteer2:01440,train,0,equivalent within epsilon,0,0,0,False,False,False
helpsteer2:01441,train,-1,"lower-bound Pareto dominance: coherence, correctness",-3,-1,-3,True,True,False
helpsteer2:01442,train,1,lower-bound Pareto dominance: correctness,1,0,0,True,True,False
helpsteer2:01443,train,-1,lower-bound Pareto dominance: coherence,-1,-1,-1,True,True,False
helpsteer2:01444,train,1,lower-bound Pareto dominance: correctness,2,1,2,True,True,False
helpsteer2:01445,train,1,lower-bound Pareto dominance: correctness,1,1,1,True,True,False
helpsteer2:01446,train,1,"lower-bound Pareto dominance: coherence, correctness",1,1,1,True,True,False
helpsteer2:01447,train,-1,"lower-bound Pareto dominance: coherence, correctness",-2,-1,-1,True,True,False
helpsteer2:01448,train,0,equivalent within epsilon,0,0,0,False,False,False
helpsteer2:01449,train,0,equivalent within epsilon,1,1,1,False,True,False
helpsteer2:01450,train,-1,"lower-bound Pareto dominance: coherence, correctness",-2,-1,-2,True,True,False
helpsteer2:01451,train,0,equivalent within epsilon,0,0,0,False,False,False
helpsteer2:01452,train,1,"lower-bound Pareto dominance: coherence, correctness",1,1,1,True,True,False
helpsteer2:01453,train,-1,lower-bound Pareto dominance: coherence,-1,0,0,True,True,False
helpsteer2:01454,train,-1,"lower-bound Pareto dominance: coherence, correctness",-1,-1,-1,True,True,False
helpsteer2:01455,train,1,lower-bound Pareto dominance: coherence,0,0,0,False,False,False
helpsteer2:01456,train,1,lower-bound Pareto dominance: coherence,1,0,0,True,True,False
helpsteer2:01457,train,1,lower-bound Pareto dominance: correctness,2,1,2,True,True,False
helpsteer2:01458,train,1,lower-bound Pareto dominance: coherence,0,-1,-2,False,False,False
helpsteer2:01459,train,1,lower-bound Pareto dominance: correctness,3,1,3,True,True,False
helpsteer2:01460,train,1,"lower-bound Pareto dominance: coherence, correctness",1,0,0,True,True,False
helpsteer2:01461,train,1,lower-bound Pareto dominance: correctness,0,0,0,False,False,False
helpsteer2:01462,train,0,equivalent within epsilon,0,0,0,False,False,False
helpsteer2:01463,train,1,"lower-bound Pareto dominance: coherence, correctness",1,0,0,True,False,False
helpsteer2:01464,train,-1,"lower-bound Pareto dominance: coherence, correctness",-1,-1,-2,True,True,False
helpsteer2:01465,train,1,lower-bound Pareto dominance: correctness,1,1,2,True,True,False
helpsteer2:01466,train,1,lower-bound Pareto dominance: coherence,0,0,0,False,False,False
helpsteer2:01467,train,0,equivalent within epsilon,0,-1,-1,False,False,False
helpsteer2:01468,train,1,lower-bound Pareto dominance: coherence,0,0,0,False,False,False
helpsteer2:01469,train,-1,"lower-bound Pareto dominance: coherence, correctness",-3,-1,-3,True,True,False
helpsteer2:01470,train,0,equivalent within epsilon,0,0,0,False,False,False
helpsteer2:01471,train,0,equivalent within epsilon,0,1,1,False,False,False
helpsteer2:01472,train,-1,"lower-bound Pareto dominance: coherence, correctness",-3,-1,-3,True,True,False
helpsteer2:01473,train,1,lower-bound Pareto dominance: correctness,1,1,1,True,True,False
helpsteer2:01474,train,1,"lower-bound Pareto dominance: coherence, correctness",3,1,3,True,True,False
helpsteer2:01475,train,0,equivalent within epsilon,0,0,0,False,False,False
helpsteer2:01476,train,1,"lower-bound Pareto dominance: coherence, correctness",1,1,1,True,True,False
helpsteer2:01477,train,0,equivalent within epsilon,0,0,0,False,False,False
helpsteer2:01478,train,-1,"lower-bound Pareto dominance: coherence, correctness",-3,-1,-2,True,True,False
helpsteer2:01479,train,0,equivalent within epsilon,0,0,0,False,False,False
helpsteer2:01480,train,-1,"lower-bound Pareto dominance: coherence, correctness",-4,-1,-3,True,True,False
helpsteer2:01481,train,0,equivalent within epsilon,1,0,0,False,True,False
helpsteer2:01482,train,0,equivalent within epsilon,0,0,0,False,False,False
helpsteer2:01483,train,-1,lower-bound Pareto dominance: correctness,-1,-1,-1,True,True,False
helpsteer2:01484,train,0,equivalent within epsilon,0,0,0,False,False,False
helpsteer2:01485,train,-1,"lower-bound Pareto dominance: coherence, correctness",-4,-1,-3,True,True,False
helpsteer2:01486,train,1,lower-bound Pareto dominance: coherence,1,1,1,True,True,False
helpsteer2:01487,train,1,"lower-bound Pareto dominance: coherence, correctness",2,1,2,True,True,False
helpsteer2:01488,train,1,lower-bound Pareto dominance: coherence,0,0,0,False,False,False
helpsteer2:01489,train,1,lower-bound Pareto dominance: coherence,0,0,0,False,False,False
helpsteer2:01490,train,-1,"lower-bound Pareto dominance: coherence, correctness",-3,-1,-3,True,True,False
helpsteer2:01491,train,0,equivalent within epsilon,0,0,0,False,False,False
helpsteer2:01492,train,1,lower-bound Pareto dominance: correctness,1,1,1,True,True,False
helpsteer2:01493,train,0,equivalent within epsilon,-1,0,0,False,True,False
helpsteer2:01494,train,1,"lower-bound Pareto dominance: coherence, correctness",2,1,2,True,True,False
helpsteer2:01495,train,0,equivalent within epsilon,0,-1,-1,False,False,False
helpsteer2:01496,train,0,equivalent within epsilon,0,1,2,False,False,False
helpsteer2:01497,train,1,"lower-bound Pareto dominance: coherence, correctness",2,1,2,True,True,False
helpsteer2:01498,train,1,lower-bound Pareto dominance: correctness,1,1,1,True,True,False
helpsteer2:01499,train,1,lower-bound Pareto dominance: correctness,1,1,1,True,False,False
helpsteer2:01500,train,1,"lower-bound Pareto dominance: coherence, correctness",1,0,0,True,False,False
helpsteer2:01501,train,0,equivalent within epsilon,-1,-1,-1,False,False,False
helpsteer2:01502,train,1,"lower-bound Pareto dominance: coherence, correctness",2,1,2,True,True,False
helpsteer2:01503,train,1,"lower-bound Pareto dominance: coherence, correctness",1,0,0,True,True,False
helpsteer2:01504,train,1,lower-bound Pareto dominance: correctness,1,1,1,True,True,False
helpsteer2:01505,train,0,equivalent within epsilon,0,1,2,False,False,False
helpsteer2:01506,train,1,"lower-bound Pareto dominance: coherence, correctness",1,1,1,True,True,False
helpsteer2:01507,train,1,"lower-bound Pareto dominance: coherence, correctness",1,1,1,True,True,False
helpsteer2:01508,train,1,lower-bound Pareto dominance: coherence,1,0,0,True,True,False
helpsteer2:01509,train,0,equivalent within epsilon,0,0,0,False,False,False
helpsteer2:01510,train,1,lower-bound Pareto dominance: correctness,1,1,1,True,True,False
helpsteer2:01511,train,0,equivalent within epsilon,2,1,1,False,True,False
helpsteer2:01512,train,0,cross-objective tradeoff,1,1,1,False,True,False
helpsteer2:01513,train,0,cross-objective tradeoff,1,-1,-2,False,True,False
helpsteer2:01514,train,1,lower-bound Pareto dominance: coherence,0,0,0,False,False,False
helpsteer2:01515,train,0,equivalent within epsilon,0,-1,-1,False,False,False
helpsteer2:01516,train,1,lower-bound Pareto dominance: coherence,1,1,1,True,False,False
helpsteer2:01517,train,1,"lower-bound Pareto dominance: coherence, correctness",2,1,2,True,True,False
helpsteer2:01518,train,0,cross-objective tradeoff,0,-1,-1,False,False,False
helpsteer2:01519,train,0,equivalent within epsilon,0,0,0,False,False,False
helpsteer2:01520,train,-1,"lower-bound Pareto dominance: coherence, correctness",-2,-1,-2,True,True,False
helpsteer2:01521,train,0,equivalent within epsilon,0,0,0,False,False,False
helpsteer2:01522,train,0,equivalent within epsilon,0,0,0,False,False,False
helpsteer2:01523,train,1,lower-bound Pareto dominance: coherence,2,1,2,True,True,False
helpsteer2:01524,train,0,equivalent within epsilon,0,0,0,False,False,False
helpsteer2:01525,train,-1,lower-bound Pareto dominance: correctness,-1,-1,-1,True,True,False
helpsteer2:01526,train,-1,"lower-bound Pareto dominance: coherence, correctness",-3,-1,-3,True,True,False
helpsteer2:01527,train,1,lower-bound Pareto dominance: correctness,1,1,1,True,True,False
helpsteer2:01528,train,1,"lower-bound Pareto dominance: coherence, correctness",4,1,3,True,True,False
helpsteer2:01529,train,1,lower-bound Pareto dominance: correctness,1,1,1,True,True,False
helpsteer2:01530,train,-1,lower-bound Pareto dominance: coherence,-1,0,0,True,True,False
helpsteer2:01531,train,-1,lower-bound Pareto dominance: correctness,0,0,0,False,False,False
helpsteer2:01532,train,1,"lower-bound Pareto dominance: coherence, correctness",1,1,2,True,True,False
helpsteer2:01533,train,-1,lower-bound Pareto dominance: correctness,-1,0,0,True,True,False
helpsteer2:01534,train,1,lower-bound Pareto dominance: correctness,1,1,1,True,True,False
helpsteer2:01535,train,-1,lower-bound Pareto dominance: correctness,-1,-1,-1,True,False,False
helpsteer2:01536,train,0,equivalent within epsilon,0,0,0,False,False,False
helpsteer2:01537,train,1,"lower-bound Pareto dominance: coherence, correctness",2,1,2,True,True,False
helpsteer2:01538,train,1,lower-bound Pareto dominance: coherence,1,0,0,True,True,False
helpsteer2:01539,train,0,equivalent within epsilon,0,0,0,False,False,False
helpsteer2:01540,train,1,lower-bound Pareto dominance: correctness,3,1,3,True,True,False
helpsteer2:01541,train,0,equivalent within epsilon,0,0,0,False,False,False
helpsteer2:01542,train,0,equivalent within epsilon,0,0,0,False,False,False
helpsteer2:01543,train,1,lower-bound Pareto dominance: correctness,1,1,1,True,True,False
helpsteer2:01544,train,1,lower-bound Pareto dominance: correctness,3,1,2,True,True,False
helpsteer2:01545,train,-1,lower-bound Pareto dominance: correctness,-2,-1,-2,True,True,False
helpsteer2:01546,train,1,"lower-bound Pareto dominance: coherence, correctness",2,1,2,True,True,False
helpsteer2:01547,train,-1,lower-bound Pareto dominance: correctness,-2,-1,-1,True,True,False
helpsteer2:01548,train,0,equivalent within epsilon,0,0,0,False,False,False
helpsteer2:01549,train,1,"lower-bound Pareto dominance: coherence, correctness",1,1,1,True,True,False
helpsteer2:01550,train,-1,lower-bound Pareto dominance: correctness,-1,-1,-1,True,True,False
helpsteer2:01551,train,1,lower-bound Pareto dominance: coherence,2,1,2,True,True,False
helpsteer2:01552,train,1,"lower-bound Pareto dominance: coherence, correctness",1,1,1,True,True,False
helpsteer2:01553,train,1,lower-bound Pareto dominance: correctness,0,-1,-2,False,False,False
helpsteer2:01554,train,0,equivalent within epsilon,0,0,0,False,False,False
helpsteer2:01555,train,-1,"lower-bound Pareto dominance: coherence, correctness",-1,-1,-1,True,True,False
helpsteer2:01556,train,1,lower-bound Pareto dominance: correctness,2,1,2,True,True,False
helpsteer2:01557,train,-1,"lower-bound Pareto dominance: coherence, correctness",-2,-1,-1,True,True,False
helpsteer2:01558,train,-1,"lower-bound Pareto dominance: coherence, correctness",-4,-1,-3,True,True,False
helpsteer2:01559,train,0,equivalent within epsilon,0,0,0,False,False,False
helpsteer2:01560,train,1,"lower-bound Pareto dominance: coherence, correctness",2,1,2,True,True,False
helpsteer2:01561,train,1,lower-bound Pareto dominance: correctness,0,1,2,False,False,False
helpsteer2:01562,train,1,"lower-bound Pareto dominance: coherence, correctness",3,1,3,True,True,False
helpsteer2:01563,train,0,equivalent within epsilon,0,0,0,False,False,False
helpsteer2:01564,train,-1,"lower-bound Pareto dominance: coherence, correctness",-1,-1,-2,True,True,False
helpsteer2:01565,train,1,lower-bound Pareto dominance: correctness,0,1,1,False,False,False
helpsteer2:01566,train,1,"lower-bound Pareto dominance: coherence, correctness",1,1,1,True,True,False
helpsteer2:01567,train,0,equivalent within epsilon,0,1,1,False,False,False
helpsteer2:01568,train,1,lower-bound Pareto dominance: correctness,3,1,3,True,True,False
helpsteer2:01569,train,1,"lower-bound Pareto dominance: coherence, correctness",4,1,2,True,True,False
helpsteer2:01570,train,1,"lower-bound Pareto dominance: coherence, correctness",2,1,2,True,True,False
helpsteer2:01571,train,-1,"lower-bound Pareto dominance: coherence, correctness",-3,-1,-3,True,True,False
helpsteer2:01572,train,0,equivalent within epsilon,0,-1,-1,False,False,False
helpsteer2:01573,train,1,"lower-bound Pareto dominance: coherence, correctness",1,1,2,True,True,False
helpsteer2:01574,train,1,lower-bound Pareto dominance: correctness,2,1,2,True,True,False
helpsteer2:01575,train,1,lower-bound Pareto dominance: correctness,1,0,0,True,True,False
helpsteer2:01576,train,0,equivalent within epsilon,0,1,1,False,False,False
helpsteer2:01577,train,0,equivalent within epsilon,0,-1,-1,False,False,False
helpsteer2:01578,train,-1,lower-bound Pareto dominance: correctness,-1,-1,-1,True,True,False
helpsteer2:01579,train,-1,lower-bound Pareto dominance: coherence,0,-1,-1,False,False,False
helpsteer2:01580,train,1,"lower-bound Pareto dominance: coherence, correctness",2,1,2,True,True,False
helpsteer2:01581,train,0,cross-objective tradeoff,-1,-1,-2,False,True,False
helpsteer2:01582,train,1,lower-bound Pareto dominance: correctness,1,0,0,True,True,False
helpsteer2:01583,train,0,equivalent within epsilon,0,1,1,False,False,False
helpsteer2:01584,train,-1,"lower-bound Pareto dominance: coherence, correctness",-2,-1,-2,True,True,False
helpsteer2:01585,train,-1,"lower-bound Pareto dominance: coherence, correctness",-4,-1,-3,True,True,False
helpsteer2:01586,train,1,"lower-bound Pareto dominance: coherence, correctness",2,1,2,True,True,False
helpsteer2:01587,train,0,equivalent within epsilon,0,1,1,False,False,False
helpsteer2:01588,train,1,"lower-bound Pareto dominance: coherence, correctness",4,1,3,True,True,False
helpsteer2:01589,train,0,equivalent within epsilon,-1,-1,-1,False,True,False
helpsteer2:01590,train,0,equivalent within epsilon,0,-1,-1,False,False,False
helpsteer2:01591,train,1,lower-bound Pareto dominance: correctness,1,1,1,True,True,False
helpsteer2:01592,train,1,lower-bound Pareto dominance: correctness,1,1,1,True,True,False
helpsteer2:01593,train,-1,lower-bound Pareto dominance: correctness,-4,-1,-1,True,True,False
helpsteer2:01594,train,-1,lower-bound Pareto dominance: coherence,0,0,0,False,False,False
helpsteer2:01595,train,-1,"lower-bound Pareto dominance: coherence, correctness",-2,-1,-2,True,True,False
helpsteer2:01596,train,1,lower-bound Pareto dominance: correctness,0,1,1,False,False,False
helpsteer2:01597,train,0,equivalent within epsilon,0,-1,-1,False,False,False
helpsteer2:01598,train,-1,"lower-bound Pareto dominance: coherence, correctness",-3,-1,-1,True,True,False
helpsteer2:01599,train,0,equivalent within epsilon,0,0,0,False,False,False
helpsteer2:01600,train,0,equivalent within epsilon,0,0,0,False,False,False
helpsteer2:01601,train,-1,"lower-bound Pareto dominance: coherence, correctness",-4,-1,-3,True,True,False
helpsteer2:01602,train,0,equivalent within epsilon,0,0,0,False,False,False
helpsteer2:01603,train,-1,"lower-bound Pareto dominance: coherence, correctness",-2,-1,-2,True,True,False
helpsteer2:01604,train,-1,lower-bound Pareto dominance: correctness,-2,-1,-2,True,True,False
helpsteer2:01605,train,1,lower-bound Pareto dominance: correctness,1,1,1,True,True,False
helpsteer2:01606,train,1,lower-bound Pareto dominance: correctness,3,1,2,True,True,False
helpsteer2:01607,train,-1,lower-bound Pareto dominance: correctness,-3,-1,-2,True,True,False
helpsteer2:01608,train,0,equivalent within epsilon,1,1,1,False,True,False
helpsteer2:01609,train,-1,lower-bound Pareto dominance: correctness,-2,-1,-2,True,True,False
helpsteer2:01610,train,0,equivalent within epsilon,0,-1,-1,False,False,False
helpsteer2:01611,train,-1,lower-bound Pareto dominance: correctness,-1,-1,-2,True,True,False
helpsteer2:01612,train,0,equivalent within epsilon,0,1,1,False,False,False
helpsteer2:01613,train,1,"lower-bound Pareto dominance: coherence, correctness",2,1,2,True,True,False
helpsteer2:01614,train,1,"lower-bound Pareto dominance: coherence, correctness",1,1,1,True,True,False
helpsteer2:01615,train,-1,lower-bound Pareto dominance: correctness,-4,-1,-3,True,True,False
helpsteer2:01616,train,0,equivalent within epsilon,0,-1,-2,False,False,False
helpsteer2:01617,train,0,equivalent within epsilon,0,1,1,False,False,False
helpsteer2:01618,train,-1,lower-bound Pareto dominance: correctness,-2,-1,-2,True,True,False
helpsteer2:01619,train,1,lower-bound Pareto dominance: correctness,1,1,1,True,True,False
helpsteer2:01620,train,1,lower-bound Pareto dominance: correctness,1,1,1,True,True,False
helpsteer2:01621,train,1,"lower-bound Pareto dominance: coherence, correctness",2,1,2,True,True,False
helpsteer2:01622,train,1,lower-bound Pareto dominance: correctness,2,1,1,True,True,False
helpsteer2:01623,train,0,equivalent within epsilon,0,0,0,False,False,False
helpsteer2:01624,train,1,"lower-bound Pareto dominance: coherence, correctness",2,1,2,True,True,False
helpsteer2:01625,train,1,lower-bound Pareto dominance: correctness,1,1,1,True,True,False
helpsteer2:01626,train,1,lower-bound Pareto dominance: coherence,1,1,1,True,False,False
helpsteer2:01627,train,1,lower-bound Pareto dominance: correctness,3,1,3,True,True,False
helpsteer2:01628,train,-1,"lower-bound Pareto dominance: coherence, correctness",-1,0,0,True,True,False
helpsteer2:01629,train,-1,lower-bound Pareto dominance: correctness,-4,-1,-3,True,True,False
helpsteer2:01630,train,0,equivalent within epsilon,0,0,0,False,False,False
helpsteer2:01631,train,1,lower-bound Pareto dominance: correctness,1,1,2,True,True,False
helpsteer2:01632,train,-1,"lower-bound Pareto dominance: coherence, correctness",-2,-1,-3,True,True,False
helpsteer2:01633,train,1,"lower-bound Pareto dominance: coherence, correctness",1,1,2,True,True,False
helpsteer2:01634,train,0,equivalent within epsilon,0,1,1,False,False,False
helpsteer2:01635,train,-1,lower-bound Pareto dominance: correctness,-2,-1,-2,True,True,False
helpsteer2:01636,train,-1,"lower-bound Pareto dominance: coherence, correctness",-3,-1,-2,True,True,False
helpsteer2:01637,train,1,lower-bound Pareto dominance: correctness,3,1,2,True,True,False
helpsteer2:01638,train,1,lower-bound Pareto dominance: correctness,1,-1,-1,True,True,False
helpsteer2:01639,train,-1,lower-bound Pareto dominance: correctness,-1,-1,-1,True,True,False
helpsteer2:01640,train,0,equivalent within epsilon,0,0,0,False,False,False
helpsteer2:01641,train,-1,"lower-bound Pareto dominance: coherence, correctness",-3,-1,-2,True,True,False
helpsteer2:01642,train,0,equivalent within epsilon,0,0,0,False,False,False
helpsteer2:01643,train,1,lower-bound Pareto dominance: correctness,3,1,3,True,True,False
helpsteer2:01644,train,0,equivalent within epsilon,0,-1,-1,False,False,False
helpsteer2:01645,train,-1,lower-bound Pareto dominance: correctness,-2,1,2,True,True,False
helpsteer2:01646,train,0,equivalent within epsilon,0,1,1,False,False,False
helpsteer2:01647,train,1,"lower-bound Pareto dominance: coherence, correctness",2,1,2,True,True,False
helpsteer2:01648,train,0,cross-objective tradeoff,2,-1,-1,False,True,False
helpsteer2:01649,train,-1,"lower-bound Pareto dominance: coherence, correctness",-1,-1,-1,True,True,False
helpsteer2:01650,train,-1,"lower-bound Pareto dominance: coherence, correctness",-1,-1,-2,True,True,False
helpsteer2:01651,train,1,lower-bound Pareto dominance: correctness,1,1,1,True,True,False
helpsteer2:01652,train,-1,"lower-bound Pareto dominance: coherence, correctness",-1,-1,-1,True,False,False
helpsteer2:01653,train,-1,lower-bound Pareto dominance: correctness,-1,-1,-1,True,True,False
helpsteer2:01654,train,1,lower-bound Pareto dominance: coherence,1,1,1,True,True,False
helpsteer2:01655,train,1,lower-bound Pareto dominance: coherence,1,1,1,True,True,False
helpsteer2:01656,train,0,equivalent within epsilon,0,1,1,False,False,False
helpsteer2:01657,train,1,"lower-bound Pareto dominance: coherence, correctness",3,1,3,True,True,False
helpsteer2:01658,train,1,lower-bound Pareto dominance: coherence,0,1,1,False,False,False
helpsteer2:01659,train,1,lower-bound Pareto dominance: correctness,3,1,3,True,True,False
helpsteer2:01660,train,-1,"lower-bound Pareto dominance: coherence, correctness",-1,-1,-1,True,True,False
helpsteer2:01661,train,0,equivalent within epsilon,0,1,1,False,False,False
helpsteer2:01662,train,0,cross-objective tradeoff,0,1,1,False,False,False
helpsteer2:01663,train,0,equivalent within epsilon,0,0,0,False,False,False
helpsteer2:01664,train,1,"lower-bound Pareto dominance: coherence, correctness",4,1,3,True,True,False
helpsteer2:01665,train,1,lower-bound Pareto dominance: correctness,3,1,3,True,True,False
helpsteer2:01666,train,-1,lower-bound Pareto dominance: coherence,-1,0,0,True,True,False
helpsteer2:01667,train,-1,lower-bound Pareto dominance: correctness,-1,0,0,True,True,False
helpsteer2:01668,train,-1,lower-bound Pareto dominance: correctness,-2,-1,-2,True,True,False
helpsteer2:01669,train,0,equivalent within epsilon,0,0,0,False,False,False
helpsteer2:01670,train,0,equivalent within epsilon,0,1,1,False,False,False
helpsteer2:01671,train,0,equivalent within epsilon,0,1,1,False,False,False
helpsteer2:01672,train,-1,lower-bound Pareto dominance: correctness,-1,0,0,True,False,False
helpsteer2:01673,train,1,"lower-bound Pareto dominance: coherence, correctness",2,1,2,True,True,False
helpsteer2:01674,train,1,"lower-bound Pareto dominance: coherence, correctness",1,1,2,True,True,False
helpsteer2:01675,train,-1,"lower-bound Pareto dominance: coherence, correctness",-2,-1,-3,True,True,False
helpsteer2:01676,train,-1,lower-bound Pareto dominance: correctness,-2,-1,-2,True,True,False
helpsteer2:01677,train,1,lower-bound Pareto dominance: correctness,1,1,1,True,False,False
helpsteer2:01678,train,0,equivalent within epsilon,0,0,0,False,False,False
helpsteer2:01679,train,-1,lower-bound Pareto dominance: correctness,-2,-1,-2,True,True,False
helpsteer2:01680,train,1,lower-bound Pareto dominance: correctness,1,1,1,True,False,False
helpsteer2:01681,train,-1,"lower-bound Pareto dominance: coherence, correctness",-3,-1,-3,True,True,False
helpsteer2:01682,train,0,equivalent within epsilon,0,1,1,False,False,False
helpsteer2:01683,train,1,lower-bound Pareto dominance: correctness,4,1,3,True,True,False
helpsteer2:01684,train,1,"lower-bound Pareto dominance: coherence, correctness",3,1,3,True,True,False
helpsteer2:01685,train,0,equivalent within epsilon,0,0,0,False,False,False
helpsteer2:01686,train,0,equivalent within epsilon,1,1,1,False,True,False
helpsteer2:01687,train,1,"lower-bound Pareto dominance: coherence, correctness",4,1,3,True,True,False
helpsteer2:01688,train,0,equivalent within epsilon,2,1,2,False,True,False
helpsteer2:01689,train,-1,lower-bound Pareto dominance: correctness,-3,-1,-3,True,True,False
helpsteer2:01690,train,1,lower-bound Pareto dominance: correctness,0,0,0,False,False,False
helpsteer2:01691,train,1,"lower-bound Pareto dominance: coherence, correctness",3,1,2,True,True,False
helpsteer2:01692,train,-1,"lower-bound Pareto dominance: coherence, correctness",0,0,0,False,False,False
helpsteer2:01693,train,0,equivalent within epsilon,0,0,0,False,False,False
helpsteer2:01694,train,-1,"lower-bound Pareto dominance: coherence, correctness",-2,-1,-2,True,True,False
helpsteer2:01695,train,1,lower-bound Pareto dominance: correctness,1,1,1,True,True,False
helpsteer2:01696,train,-1,lower-bound Pareto dominance: correctness,-1,-1,-1,True,True,False
helpsteer2:01697,train,1,"lower-bound Pareto dominance: coherence, correctness",1,1,1,True,True,False
helpsteer2:01698,train,0,equivalent within epsilon,0,1,1,False,False,False
helpsteer2:01699,train,-1,lower-bound Pareto dominance: correctness,-2,-1,-1,True,True,False
helpsteer2:01700,train,-1,"lower-bound Pareto dominance: coherence, correctness",-2,-1,-2,True,True,False
helpsteer2:01701,train,-1,"lower-bound Pareto dominance: coherence, correctness",-2,-1,-3,True,True,False
helpsteer2:01702,train,-1,"lower-bound Pareto dominance: coherence, correctness",-3,-1,-3,True,True,False
helpsteer2:01703,train,1,"lower-bound Pareto dominance: coherence, correctness",1,0,0,True,True,False
helpsteer2:01704,train,-1,lower-bound Pareto dominance: correctness,-1,-1,-1,True,True,False
helpsteer2:01705,train,1,"lower-bound Pareto dominance: coherence, correctness",3,1,3,True,True,False
helpsteer2:01706,train,1,lower-bound Pareto dominance: correctness,3,1,2,True,True,False
helpsteer2:01707,train,1,"lower-bound Pareto dominance: coherence, correctness",2,1,2,True,True,False
helpsteer2:01708,train,-1,"lower-bound Pareto dominance: coherence, correctness",-3,-1,-2,True,True,False
helpsteer2:01709,train,1,lower-bound Pareto dominance: correctness,1,1,1,True,True,False
helpsteer2:01710,train,-1,lower-bound Pareto dominance: correctness,-1,-1,-1,True,True,False
helpsteer2:01711,train,0,equivalent within epsilon,0,-1,-1,False,False,False
helpsteer2:01712,train,-1,"lower-bound Pareto dominance: coherence, correctness",-2,-1,-2,True,True,False
helpsteer2:01713,train,-1,"lower-bound Pareto dominance: coherence, correctness",-3,-1,-3,True,True,False
helpsteer2:01714,train,-1,lower-bound Pareto dominance: correctness,-2,-1,-2,True,True,False
helpsteer2:01715,train,1,"lower-bound Pareto dominance: coherence, correctness",1,1,2,True,True,False
helpsteer2:01716,train,-1,"lower-bound Pareto dominance: coherence, correctness",-1,-1,-1,True,False,False
helpsteer2:01717,train,1,lower-bound Pareto dominance: correctness,1,1,1,True,True,False
helpsteer2:01718,train,-1,"lower-bound Pareto dominance: coherence, correctness",-2,-1,-2,True,True,False
helpsteer2:01719,train,-1,"lower-bound Pareto dominance: coherence, correctness",-3,-1,-2,True,True,False
helpsteer2:01720,train,1,lower-bound Pareto dominance: correctness,0,1,1,False,False,False
helpsteer2:01721,train,-1,"lower-bound Pareto dominance: coherence, correctness",-3,-1,-3,True,True,False
helpsteer2:01722,train,1,"lower-bound Pareto dominance: coherence, correctness",1,1,1,True,False,False
helpsteer2:01723,train,-1,"lower-bound Pareto dominance: coherence, correctness",-1,-1,-2,True,True,False
helpsteer2:01724,train,0,equivalent within epsilon,-1,0,0,False,True,False
helpsteer2:01725,train,-1,lower-bound Pareto dominance: correctness,-1,-1,-1,True,True,False
helpsteer2:01726,train,-1,"lower-bound Pareto dominance: coherence, correctness",-4,-1,-3,True,True,False
helpsteer2:01727,train,1,lower-bound Pareto dominance: correctness,1,1,2,True,False,False
helpsteer2:01728,train,1,lower-bound Pareto dominance: correctness,0,0,0,False,False,False
helpsteer2:01729,train,0,equivalent within epsilon,0,0,0,False,False,False
helpsteer2:01730,train,-1,lower-bound Pareto dominance: correctness,-3,-1,-2,True,True,False
helpsteer2:01731,train,-1,"lower-bound Pareto dominance: coherence, correctness",-2,-1,-1,True,True,False
helpsteer2:01732,train,0,equivalent within epsilon,1,0,0,False,False,False
helpsteer2:01733,train,1,lower-bound Pareto dominance: correctness,1,0,0,True,True,False
helpsteer2:01734,train,1,"lower-bound Pareto dominance: coherence, correctness",3,1,2,True,True,False
helpsteer2:01735,train,-1,lower-bound Pareto dominance: correctness,-1,-1,-2,True,False,False
helpsteer2:01736,train,-1,lower-bound Pareto dominance: correctness,-2,1,1,True,True,False
helpsteer2:01737,train,-1,"lower-bound Pareto dominance: coherence, correctness",0,0,0,False,False,False
helpsteer2:01738,train,1,"lower-bound Pareto dominance: coherence, correctness",3,1,3,True,True,False
helpsteer2:01739,train,1,lower-bound Pareto dominance: coherence,1,0,0,True,True,False
helpsteer2:01740,train,1,lower-bound Pareto dominance: coherence,-1,1,1,True,True,False
helpsteer2:01741,train,-1,lower-bound Pareto dominance: correctness,1,-1,-2,True,True,False
helpsteer2:01742,train,-1,lower-bound Pareto dominance: correctness,-1,0,0,True,True,False
helpsteer2:01743,train,-1,lower-bound Pareto dominance: correctness,-1,-1,-2,True,False,False
helpsteer2:01744,train,1,lower-bound Pareto dominance: correctness,4,1,3,True,True,False
helpsteer2:01745,train,-1,lower-bound Pareto dominance: correctness,-1,-1,-1,True,False,False
helpsteer2:01746,train,1,"lower-bound Pareto dominance: coherence, correctness",1,0,0,True,True,False
helpsteer2:01747,train,1,"lower-bound Pareto dominance: coherence, correctness",2,1,1,True,True,False
helpsteer2:01748,train,1,lower-bound Pareto dominance: correctness,4,1,3,True,True,False
helpsteer2:01749,train,-1,"lower-bound Pareto dominance: coherence, correctness",-1,-1,-2,True,False,False
helpsteer2:01750,train,1,lower-bound Pareto dominance: correctness,2,1,3,True,True,False
helpsteer2:01751,train,1,lower-bound Pareto dominance: correctness,3,1,3,True,True,False
helpsteer2:01752,train,1,lower-bound Pareto dominance: correctness,2,1,2,True,True,False
helpsteer2:01753,train,1,lower-bound Pareto dominance: correctness,1,1,2,True,True,False
helpsteer2:01754,train,-1,lower-bound Pareto dominance: correctness,-1,-1,-2,True,False,False
helpsteer2:01755,train,0,equivalent within epsilon,0,1,1,False,False,False
helpsteer2:01756,train,-1,"lower-bound Pareto dominance: coherence, correctness",-3,-1,-3,True,True,False
helpsteer2:01757,train,1,"lower-bound Pareto dominance: coherence, correctness",4,1,3,True,True,False
helpsteer2:01758,train,1,lower-bound Pareto dominance: coherence,0,1,2,False,False,False
helpsteer2:01759,train,1,"lower-bound Pareto dominance: coherence, correctness",1,1,1,True,True,False
helpsteer2:01760,train,0,equivalent within epsilon,0,0,0,False,False,False
helpsteer2:01761,train,0,equivalent within epsilon,0,0,0,False,False,False
helpsteer2:01762,train,1,lower-bound Pareto dominance: correctness,4,1,3,True,True,False
helpsteer2:01763,train,1,"lower-bound Pareto dominance: coherence, correctness",4,1,3,True,True,False
helpsteer2:01764,train,-1,"lower-bound Pareto dominance: coherence, correctness",-3,-1,-1,True,True,False
helpsteer2:01765,train,1,lower-bound Pareto dominance: correctness,2,1,2,True,True,False
helpsteer2:01766,train,0,equivalent within epsilon,0,0,0,False,False,False
helpsteer2:01767,train,-1,lower-bound Pareto dominance: correctness,-4,-1,-3,True,True,False
helpsteer2:01768,train,1,lower-bound Pareto dominance: coherence,0,0,0,False,False,False
helpsteer2:01769,train,1,"lower-bound Pareto dominance: coherence, correctness",1,1,2,True,False,False
helpsteer2:01770,train,1,lower-bound Pareto dominance: correctness,3,1,3,True,True,False
helpsteer2:01771,train,1,lower-bound Pareto dominance: correctness,1,1,1,True,True,False
helpsteer2:01772,train,-1,"lower-bound Pareto dominance: coherence, correctness",-4,-1,-3,True,True,False
helpsteer2:01773,train,1,"lower-bound Pareto dominance: coherence, correctness",1,1,1,True,True,False
helpsteer2:01774,train,1,lower-bound Pareto dominance: correctness,2,1,2,True,True,False
helpsteer2:01775,train,-1,"lower-bound Pareto dominance: coherence, correctness",-2,-1,-2,True,True,False
helpsteer2:01776,train,1,"lower-bound Pareto dominance: coherence, correctness",1,1,1,True,False,False
helpsteer2:01777,train,1,"lower-bound Pareto dominance: coherence, correctness",1,1,2,True,True,False
helpsteer2:01778,train,1,lower-bound Pareto dominance: correctness,1,1,1,True,True,False
helpsteer2:01779,train,1,lower-bound Pareto dominance: correctness,3,1,1,True,True,False
helpsteer2:01780,train,0,equivalent within epsilon,0,1,1,False,False,False
helpsteer2:01781,train,1,"lower-bound Pareto dominance: coherence, correctness",4,1,3,True,True,False
helpsteer2:01782,train,1,"lower-bound Pareto dominance: coherence, correctness",1,1,1,True,True,False
helpsteer2:01783,train,-1,"lower-bound Pareto dominance: coherence, correctness",-2,-1,-1,True,True,False
helpsteer2:01784,train,-1,lower-bound Pareto dominance: correctness,-2,-1,-2,True,True,False
helpsteer2:01785,train,-1,"lower-bound Pareto dominance: coherence, correctness",-2,-1,-2,True,True,False
helpsteer2:01786,train,1,lower-bound Pareto dominance: correctness,1,1,1,True,True,False
helpsteer2:01787,train,1,lower-bound Pareto dominance: correctness,2,0,0,True,True,False
helpsteer2:01788,train,0,equivalent within epsilon,3,1,2,False,True,False
helpsteer2:01789,train,1,"lower-bound Pareto dominance: coherence, correctness",3,1,3,True,True,False
helpsteer2:01790,train,0,equivalent within epsilon,0,0,0,False,False,False
helpsteer2:01791,train,1,"lower-bound Pareto dominance: coherence, correctness",2,1,2,True,True,False
helpsteer2:01792,train,1,"lower-bound Pareto dominance: coherence, correctness",3,1,2,True,True,False
helpsteer2:01793,train,1,"lower-bound Pareto dominance: coherence, correctness",4,1,3,True,True,False
helpsteer2:01794,train,1,"lower-bound Pareto dominance: coherence, correctness",4,1,3,True,True,False
helpsteer2:01795,train,0,equivalent within epsilon,0,0,0,False,False,False
helpsteer2:01796,train,1,"lower-bound Pareto dominance: coherence, correctness",3,1,2,True,True,False
helpsteer2:01797,train,1,"lower-bound Pareto dominance: coherence, correctness",4,1,3,True,True,False
helpsteer2:01798,train,-1,"lower-bound Pareto dominance: coherence, correctness",-3,-1,-2,True,True,False
helpsteer2:01799,train,0,equivalent within epsilon,0,1,2,False,False,False
helpsteer2:01800,train,-1,"lower-bound Pareto dominance: coherence, correctness",0,-1,-1,False,False,False
helpsteer2:01801,train,1,lower-bound Pareto dominance: coherence,-1,1,2,True,True,False
helpsteer2:01802,train,0,equivalent within epsilon,0,-1,-2,False,False,False
helpsteer2:01803,train,-1,lower-bound Pareto dominance: correctness,-1,0,0,True,True,False
helpsteer2:01804,train,-1,lower-bound Pareto dominance: coherence,0,0,0,False,False,False
helpsteer2:01805,train,-1,lower-bound Pareto dominance: coherence,-1,-1,-1,True,True,False
helpsteer2:01806,train,-1,lower-bound Pareto dominance: coherence,-1,-1,-1,True,True,False
helpsteer2:01807,train,1,"lower-bound Pareto dominance: coherence, correctness",3,1,2,True,True,False
helpsteer2:01808,train,0,equivalent within epsilon,0,0,0,False,False,False
helpsteer2:01809,train,0,equivalent within epsilon,1,0,0,False,True,False
helpsteer2:01810,train,-1,lower-bound Pareto dominance: correctness,-1,-1,-1,True,True,False
helpsteer2:01811,train,1,"lower-bound Pareto dominance: coherence, correctness",4,1,3,True,True,False
helpsteer2:01812,train,-1,"lower-bound Pareto dominance: coherence, correctness",-2,-1,-2,True,True,False
helpsteer2:01813,train,-1,"lower-bound Pareto dominance: coherence, correctness",-3,-1,-3,True,True,False
helpsteer2:01814,train,1,lower-bound Pareto dominance: correctness,4,1,3,True,True,False
helpsteer2:01815,train,1,"lower-bound Pareto dominance: coherence, correctness",1,1,2,True,True,False
helpsteer2:01816,train,0,equivalent within epsilon,0,-1,-1,False,False,False
helpsteer2:01817,train,-1,"lower-bound Pareto dominance: coherence, correctness",-1,-1,-2,True,True,False
helpsteer2:01818,train,-1,lower-bound Pareto dominance: coherence,-1,-1,-2,True,True,False
helpsteer2:01819,train,-1,lower-bound Pareto dominance: correctness,-2,-1,-1,True,True,False
helpsteer2:01820,train,1,"lower-bound Pareto dominance: coherence, correctness",3,1,3,True,True,False
helpsteer2:01821,train,1,lower-bound Pareto dominance: correctness,2,1,2,True,True,False
helpsteer2:01822,train,1,"lower-bound Pareto dominance: coherence, correctness",4,1,3,True,True,False
helpsteer2:01823,train,-1,lower-bound Pareto dominance: coherence,-2,0,0,True,True,False
helpsteer2:01824,train,-1,lower-bound Pareto dominance: correctness,-1,0,0,True,True,False
helpsteer2:01825,train,1,"lower-bound Pareto dominance: coherence, correctness",2,1,2,True,True,False
helpsteer2:01826,train,1,"lower-bound Pareto dominance: coherence, correctness",2,1,2,True,True,False
helpsteer2:01827,train,1,lower-bound Pareto dominance: coherence,1,1,1,True,True,False
helpsteer2:01828,train,1,lower-bound Pareto dominance: correctness,4,1,3,True,True,False
helpsteer2:01829,train,0,equivalent within epsilon,1,0,0,False,False,False
helpsteer2:01830,train,-1,"lower-bound Pareto dominance: coherence, correctness",-3,-1,-3,True,True,False
helpsteer2:01831,train,0,equivalent within epsilon,0,1,1,False,False,False
helpsteer2:01832,train,-1,lower-bound Pareto dominance: correctness,0,-1,-1,False,False,False
helpsteer2:01833,train,0,equivalent within epsilon,0,-1,-1,False,False,False
helpsteer2:01834,train,-1,lower-bound Pareto dominance: correctness,-2,-1,-2,True,True,False
helpsteer2:01835,train,-1,"lower-bound Pareto dominance: coherence, correctness",-2,-1,-2,True,True,False
helpsteer2:01836,train,1,lower-bound Pareto dominance: correctness,1,0,0,True,True,False
helpsteer2:01837,train,-1,"lower-bound Pareto dominance: coherence, correctness",-4,-1,-3,True,True,False
helpsteer2:01838,train,-1,"lower-bound Pareto dominance: coherence, correctness",0,-1,-1,False,False,False
helpsteer2:01839,train,1,lower-bound Pareto dominance: coherence,1,0,0,True,True,False
helpsteer2:01840,train,1,"lower-bound Pareto dominance: coherence, correctness",2,1,2,True,True,False
helpsteer2:01841,train,-1,"lower-bound Pareto dominance: coherence, correctness",0,-1,-1,False,False,False
helpsteer2:01842,train,1,lower-bound Pareto dominance: correctness,1,1,1,True,True,False
helpsteer2:01843,train,1,lower-bound Pareto dominance: coherence,1,1,1,True,True,False
helpsteer2:01844,train,-1,"lower-bound Pareto dominance: coherence, correctness",-1,-1,-1,True,True,False
helpsteer2:01845,train,1,"lower-bound Pareto dominance: coherence, correctness",2,1,2,True,True,False
helpsteer2:01846,train,0,equivalent within epsilon,0,0,0,False,False,False
helpsteer2:01847,train,1,"lower-bound Pareto dominance: coherence, correctness",2,1,2,True,True,False
helpsteer2:01848,train,1,"lower-bound Pareto dominance: coherence, correctness",1,1,1,True,True,False
helpsteer2:01849,train,1,lower-bound Pareto dominance: correctness,2,0,0,True,True,False
helpsteer2:01850,train,0,equivalent within epsilon,0,1,1,False,False,False
helpsteer2:01851,train,0,equivalent within epsilon,0,1,1,False,False,False
helpsteer2:01852,train,-1,lower-bound Pareto dominance: correctness,-1,-1,-1,True,True,False
helpsteer2:01853,train,0,equivalent within epsilon,0,0,0,False,False,False
helpsteer2:01854,train,-1,lower-bound Pareto dominance: correctness,-4,-1,-3,True,True,False
helpsteer2:01855,train,-1,lower-bound Pareto dominance: correctness,0,0,0,False,False,False
helpsteer2:01856,train,1,"lower-bound Pareto dominance: coherence, correctness",3,1,2,True,True,False
helpsteer2:01857,train,1,"lower-bound Pareto dominance: coherence, correctness",4,1,3,True,True,False
helpsteer2:01858,train,-1,"lower-bound Pareto dominance: coherence, correctness",-1,-1,-2,True,False,False
helpsteer2:01859,train,-1,lower-bound Pareto dominance: correctness,-3,-1,-2,True,True,False
helpsteer2:01860,train,0,equivalent within epsilon,0,0,0,False,False,False
helpsteer2:01861,train,0,equivalent within epsilon,0,0,0,False,False,False
helpsteer2:01862,train,1,"lower-bound Pareto dominance: coherence, correctness",3,1,3,True,True,False
helpsteer2:01863,train,1,lower-bound Pareto dominance: correctness,2,1,2,True,True,False
helpsteer2:01864,train,-1,"lower-bound Pareto dominance: coherence, correctness",-3,-1,-2,True,True,False
helpsteer2:01865,train,1,"lower-bound Pareto dominance: coherence, correctness",2,1,2,True,True,False
helpsteer2:01866,train,0,equivalent within epsilon,0,0,0,False,False,False
helpsteer2:01867,train,-1,"lower-bound Pareto dominance: coherence, correctness",-3,-1,-2,True,True,False
helpsteer2:01868,train,-1,lower-bound Pareto dominance: correctness,-3,-1,-3,True,True,False
helpsteer2:01869,train,-1,"lower-bound Pareto dominance: coherence, correctness",-3,-1,-3,True,True,False
helpsteer2:01870,train,-1,lower-bound Pareto dominance: correctness,-4,-1,-3,True,True,False
helpsteer2:01871,train,1,"lower-bound Pareto dominance: coherence, correctness",1,1,1,True,True,False
helpsteer2:01872,train,0,equivalent within epsilon,0,1,1,False,False,False
helpsteer2:01873,train,1,lower-bound Pareto dominance: correctness,3,1,2,True,True,False
helpsteer2:01874,train,1,"lower-bound Pareto dominance: coherence, correctness",2,1,1,True,True,False
helpsteer2:01875,train,-1,"lower-bound Pareto dominance: coherence, correctness",-3,-1,-3,True,True,False
helpsteer2:01876,train,-1,"lower-bound Pareto dominance: coherence, correctness",-3,-1,-3,True,True,False
helpsteer2:01877,train,-1,lower-bound Pareto dominance: correctness,-1,-1,-1,True,False,False
helpsteer2:01878,train,1,lower-bound Pareto dominance: correctness,3,1,2,True,True,False
helpsteer2:01879,train,1,"lower-bound Pareto dominance: coherence, correctness",2,1,2,True,True,False
helpsteer2:01880,train,1,"lower-bound Pareto dominance: coherence, correctness",1,1,1,True,True,False
helpsteer2:01881,train,1,lower-bound Pareto dominance: correctness,1,1,1,True,True,False
helpsteer2:01882,train,-1,"lower-bound Pareto dominance: coherence, correctness",-2,-1,-1,True,True,False
helpsteer2:01883,train,1,lower-bound Pareto dominance: coherence,1,1,1,True,True,False
helpsteer2:01884,train,-1,"lower-bound Pareto dominance: coherence, correctness",-1,-1,-1,True,True,False
helpsteer2:01885,train,-1,"lower-bound Pareto dominance: coherence, correctness",-1,-1,-1,True,True,False
helpsteer2:01886,train,1,lower-bound Pareto dominance: coherence,2,1,2,True,True,False
helpsteer2:01887,train,0,equivalent within epsilon,2,1,2,False,True,False
helpsteer2:01888,train,1,lower-bound Pareto dominance: correctness,2,1,2,True,True,False
helpsteer2:01889,train,0,cross-objective tradeoff,-1,0,0,False,False,False
helpsteer2:01890,train,-1,"lower-bound Pareto dominance: coherence, correctness",-2,-1,-2,True,True,False
helpsteer2:01891,train,-1,lower-bound Pareto dominance: coherence,0,1,1,False,False,False
helpsteer2:01892,train,0,cross-objective tradeoff,-2,-1,-3,False,True,False
helpsteer2:01893,train,-1,"lower-bound Pareto dominance: coherence, correctness",-2,-1,-2,True,True,False
helpsteer2:01894,train,0,equivalent within epsilon,0,-1,-2,False,False,False
helpsteer2:01895,train,-1,"lower-bound Pareto dominance: coherence, correctness",-1,-1,-1,True,True,False
helpsteer2:01896,train,1,lower-bound Pareto dominance: coherence,-1,1,2,True,True,False
helpsteer2:01897,train,1,"lower-bound Pareto dominance: coherence, correctness",4,1,3,True,True,False
helpsteer2:01898,train,0,equivalent within epsilon,0,-1,-1,False,False,False
helpsteer2:01899,train,0,equivalent within epsilon,0,0,0,False,False,False
helpsteer2:01900,train,1,lower-bound Pareto dominance: correctness,3,1,3,True,True,False
helpsteer2:01901,train,-1,lower-bound Pareto dominance: correctness,0,-1,-1,False,False,False
helpsteer2:01902,train,-1,"lower-bound Pareto dominance: coherence, correctness",-1,-1,-2,True,True,False
helpsteer2:01903,train,0,equivalent within epsilon,0,-1,-1,False,False,False
helpsteer2:01904,train,1,"lower-bound Pareto dominance: coherence, correctness",1,0,0,True,True,False
helpsteer2:01905,train,-1,lower-bound Pareto dominance: coherence,-1,0,0,True,False,False
helpsteer2:01906,train,1,lower-bound Pareto dominance: coherence,1,1,1,True,True,False
helpsteer2:01907,train,-1,"lower-bound Pareto dominance: coherence, correctness",-2,-1,-2,True,True,False
helpsteer2:01908,train,1,lower-bound Pareto dominance: correctness,1,-1,-2,True,True,False
helpsteer2:01909,train,-1,lower-bound Pareto dominance: correctness,-3,-1,-3,True,True,False
helpsteer2:01910,train,1,lower-bound Pareto dominance: correctness,2,1,1,True,True,False
helpsteer2:01911,train,-1,lower-bound Pareto dominance: correctness,-2,0,0,True,True,False
helpsteer2:01912,train,-1,"lower-bound Pareto dominance: coherence, correctness",-1,-1,-1,True,False,False
helpsteer2:01913,train,-1,"lower-bound Pareto dominance: coherence, correctness",-3,-1,-2,True,True,False
helpsteer2:01914,train,0,equivalent within epsilon,0,-1,-2,False,False,False
helpsteer2:01915,train,1,"lower-bound Pareto dominance: coherence, correctness",1,-1,-1,True,True,False
helpsteer2:01916,train,0,equivalent within epsilon,0,-1,-1,False,False,False
helpsteer2:01917,train,1,"lower-bound Pareto dominance: coherence, correctness",3,1,3,True,True,False
helpsteer2:01918,train,0,cross-objective tradeoff,-3,-1,-3,False,True,False
helpsteer2:01919,train,1,lower-bound Pareto dominance: correctness,2,1,2,True,True,False
helpsteer2:01920,train,1,"lower-bound Pareto dominance: coherence, correctness",4,1,3,True,True,False
helpsteer2:01921,train,1,lower-bound Pareto dominance: correctness,1,1,1,True,True,False
helpsteer2:01922,train,-1,"lower-bound Pareto dominance: coherence, correctness",-2,-1,-2,True,True,False
helpsteer2:01923,train,-1,"lower-bound Pareto dominance: coherence, correctness",-1,1,1,True,True,False
helpsteer2:01924,train,-1,lower-bound Pareto dominance: correctness,-2,-1,-3,True,True,False
helpsteer2:01925,train,1,lower-bound Pareto dominance: coherence,1,1,1,True,True,False
helpsteer2:01926,train,1,lower-bound Pareto dominance: coherence,1,1,1,True,True,False
helpsteer2:01927,train,-1,"lower-bound Pareto dominance: coherence, correctness",-3,-1,-2,True,True,False
helpsteer2:01928,train,1,lower-bound Pareto dominance: correctness,1,1,2,True,True,False
helpsteer2:01929,train,1,"lower-bound Pareto dominance: coherence, correctness",2,1,2,True,True,False
helpsteer2:01930,train,-1,"lower-bound Pareto dominance: coherence, correctness",-4,-1,-3,True,True,False
helpsteer2:01931,train,0,equivalent within epsilon,0,1,1,False,False,False
helpsteer2:01932,train,1,lower-bound Pareto dominance: correctness,1,0,0,True,True,False
helpsteer2:01933,train,1,lower-bound Pareto dominance: coherence,1,0,0,True,True,False
helpsteer2:01934,train,1,"lower-bound Pareto dominance: coherence, correctness",1,1,1,True,False,False
helpsteer2:01935,train,1,"lower-bound Pareto dominance: coherence, correctness",3,1,3,True,True,False
helpsteer2:01936,train,0,equivalent within epsilon,0,0,0,False,False,False
helpsteer2:01937,train,0,cross-objective tradeoff,0,0,0,False,False,False
helpsteer2:01938,train,1,"lower-bound Pareto dominance: coherence, correctness",1,1,2,True,True,False
helpsteer2:01939,train,1,"lower-bound Pareto dominance: coherence, correctness",2,1,2,True,True,False
helpsteer2:01940,train,1,lower-bound Pareto dominance: correctness,2,1,2,True,True,False
helpsteer2:01941,train,1,lower-bound Pareto dominance: correctness,1,-1,-2,True,True,False
helpsteer2:01942,train,-1,lower-bound Pareto dominance: correctness,-3,-1,-3,True,True,False
helpsteer2:01943,train,1,lower-bound Pareto dominance: correctness,2,1,2,True,True,False
helpsteer2:01944,train,1,lower-bound Pareto dominance: correctness,1,1,1,True,True,False
helpsteer2:01945,train,1,lower-bound Pareto dominance: correctness,1,0,0,True,True,False
helpsteer2:01946,train,0,equivalent within epsilon,0,0,0,False,False,False
helpsteer2:01947,train,1,lower-bound Pareto dominance: correctness,1,1,1,True,False,False
helpsteer2:01948,train,1,lower-bound Pareto dominance: correctness,2,1,2,True,True,False
helpsteer2:01949,train,-1,lower-bound Pareto dominance: correctness,-1,0,0,True,False,False
helpsteer2:01950,train,1,lower-bound Pareto dominance: correctness,2,1,1,True,True,False
helpsteer2:01951,train,0,equivalent within epsilon,0,1,1,False,False,False
helpsteer2:01952,train,0,equivalent within epsilon,0,0,0,False,False,False
helpsteer2:01953,train,1,lower-bound Pareto dominance: correctness,4,1,3,True,True,False
helpsteer2:01954,train,1,lower-bound Pareto dominance: correctness,2,1,2,True,True,False
helpsteer2:01955,train,0,equivalent within epsilon,0,0,0,False,False,False
helpsteer2:01956,train,1,lower-bound Pareto dominance: correctness,0,1,1,False,False,False
helpsteer2:01957,train,1,lower-bound Pareto dominance: correctness,1,0,0,True,True,False
helpsteer2:01958,train,-1,"lower-bound Pareto dominance: coherence, correctness",-1,-1,-1,True,True,False
helpsteer2:01959,train,1,"lower-bound Pareto dominance: coherence, correctness",2,1,2,True,True,False
helpsteer2:01960,train,1,lower-bound Pareto dominance: correctness,1,1,1,True,True,False
helpsteer2:01961,train,1,"lower-bound Pareto dominance: coherence, correctness",2,1,2,True,True,False
helpsteer2:01962,train,1,lower-bound Pareto dominance: correctness,3,1,2,True,True,False
helpsteer2:01963,train,-1,"lower-bound Pareto dominance: coherence, correctness",-1,-1,-2,True,False,False
helpsteer2:01964,train,1,"lower-bound Pareto dominance: coherence, correctness",1,1,1,True,True,False
helpsteer2:01965,train,1,"lower-bound Pareto dominance: coherence, correctness",1,1,1,True,True,False
helpsteer2:01966,train,-1,lower-bound Pareto dominance: correctness,-3,-1,-2,True,True,False
helpsteer2:01967,train,-1,lower-bound Pareto dominance: correctness,-1,-1,-1,True,False,False
helpsteer2:01968,train,1,"lower-bound Pareto dominance: coherence, correctness",3,1,2,True,True,False
helpsteer2:01969,train,0,equivalent within epsilon,0,0,0,False,False,False
helpsteer2:01970,train,-1,lower-bound Pareto dominance: correctness,-3,-1,-1,True,True,False
helpsteer2:01971,train,0,equivalent within epsilon,0,0,0,False,False,False
helpsteer2:01972,train,0,equivalent within epsilon,0,0,0,False,False,False
helpsteer2:01973,train,1,"lower-bound Pareto dominance: coherence, correctness",2,1,2,True,True,False
helpsteer2:01974,train,0,equivalent within epsilon,0,-1,-1,False,False,False
helpsteer2:01975,train,-1,"lower-bound Pareto dominance: coherence, correctness",-2,-1,-2,True,True,False
helpsteer2:01976,train,-1,lower-bound Pareto dominance: correctness,-3,-1,-3,True,True,False
helpsteer2:01977,train,1,"lower-bound Pareto dominance: coherence, correctness",1,0,0,True,True,False
helpsteer2:01978,train,-1,lower-bound Pareto dominance: coherence,-1,-1,-1,True,False,False
helpsteer2:01979,train,0,equivalent within epsilon,0,0,0,False,False,False
helpsteer2:01980,train,1,"lower-bound Pareto dominance: coherence, correctness",4,1,2,True,True,False
helpsteer2:01981,train,1,"lower-bound Pareto dominance: coherence, correctness",1,1,2,True,True,False
helpsteer2:01982,train,-1,lower-bound Pareto dominance: correctness,-3,-1,-3,True,True,False
helpsteer2:01983,train,1,lower-bound Pareto dominance: coherence,1,0,0,True,True,False
helpsteer2:01984,train,1,lower-bound Pareto dominance: correctness,1,1,1,True,True,False
helpsteer2:01985,train,1,lower-bound Pareto dominance: correctness,1,1,1,True,True,False
helpsteer2:01986,train,-1,lower-bound Pareto dominance: correctness,-1,-1,-2,True,True,False
helpsteer2:01987,train,0,equivalent within epsilon,0,1,1,False,False,False
helpsteer2:01988,train,1,"lower-bound Pareto dominance: coherence, correctness",2,1,2,True,True,False
helpsteer2:01989,train,-1,"lower-bound Pareto dominance: coherence, correctness",-2,-1,-2,True,True,False
helpsteer2:01990,train,-1,lower-bound Pareto dominance: correctness,-1,-1,-1,True,True,False
helpsteer2:01991,train,-1,"lower-bound Pareto dominance: coherence, correctness",-1,-1,-2,True,True,False
helpsteer2:01992,train,1,lower-bound Pareto dominance: correctness,1,0,0,True,True,False
helpsteer2:01993,train,-1,"lower-bound Pareto dominance: coherence, correctness",-1,-1,-1,True,True,False
helpsteer2:01994,train,0,equivalent within epsilon,0,0,0,False,False,False
helpsteer2:01995,train,0,equivalent within epsilon,0,0,0,False,False,False
helpsteer2:01996,train,-1,"lower-bound Pareto dominance: coherence, correctness",-2,-1,-2,True,True,False
helpsteer2:01997,train,-1,lower-bound Pareto dominance: correctness,-3,-1,-2,True,True,False
helpsteer2:01998,train,1,lower-bound Pareto dominance: coherence,1,1,1,True,True,False
helpsteer2:01999,train,0,equivalent within epsilon,0,-1,-1,False,False,False
helpsteer2:02000,train,-1,"lower-bound Pareto dominance: coherence, correctness",-3,-1,-3,True,True,False
helpsteer2:02001,train,1,"lower-bound Pareto dominance: coherence, correctness",2,1,2,True,True,False
helpsteer2:02002,train,0,equivalent within epsilon,1,1,1,False,True,False
helpsteer2:02003,train,1,lower-bound Pareto dominance: correctness,1,1,1,True,True,False
helpsteer2:02004,train,1,"lower-bound Pareto dominance: coherence, correctness",4,1,3,True,True,False
helpsteer2:02005,train,-1,"lower-bound Pareto dominance: coherence, correctness",-2,-1,-2,True,True,False
helpsteer2:02006,train,-1,"lower-bound Pareto dominance: coherence, correctness",-2,-1,-2,True,True,False
helpsteer2:02007,train,-1,lower-bound Pareto dominance: correctness,-4,-1,-3,True,True,False
helpsteer2:02008,train,1,"lower-bound Pareto dominance: coherence, correctness",1,1,1,True,True,False
helpsteer2:02009,train,0,equivalent within epsilon,0,-1,-1,False,False,False
helpsteer2:02010,train,1,"lower-bound Pareto dominance: coherence, correctness",1,1,1,True,True,False
helpsteer2:02011,train,1,lower-bound Pareto dominance: correctness,1,1,1,True,True,False
helpsteer2:02012,train,-1,"lower-bound Pareto dominance: coherence, correctness",-2,-1,-2,True,True,False
helpsteer2:02013,train,1,lower-bound Pareto dominance: correctness,1,1,1,True,True,False
helpsteer2:02014,train,1,"lower-bound Pareto dominance: coherence, correctness",1,1,2,True,True,False
helpsteer2:02015,train,0,equivalent within epsilon,0,0,0,False,False,False
helpsteer2:02016,train,-1,lower-bound Pareto dominance: correctness,-1,-1,-1,True,False,False
helpsteer2:02017,train,1,lower-bound Pareto dominance: correctness,4,1,2,True,True,False
helpsteer2:02018,train,-1,"lower-bound Pareto dominance: coherence, correctness",-2,-1,-2,True,True,False
helpsteer2:02019,train,-1,"lower-bound Pareto dominance: coherence, correctness",0,-1,-2,False,False,False
helpsteer2:02020,train,-1,"lower-bound Pareto dominance: coherence, correctness",-2,-1,-2,True,True,False
helpsteer2:02021,train,1,lower-bound Pareto dominance: coherence,1,1,1,True,True,False
helpsteer2:02022,train,0,equivalent within epsilon,0,-1,-1,False,False,False
helpsteer2:02023,train,0,equivalent within epsilon,0,-1,-1,False,False,False
helpsteer2:02024,train,-1,"lower-bound Pareto dominance: coherence, correctness",-4,-1,-3,True,True,False
helpsteer2:02025,train,1,"lower-bound Pareto dominance: coherence, correctness",0,1,1,False,False,False
helpsteer2:02026,train,1,"lower-bound Pareto dominance: coherence, correctness",4,1,3,True,True,False
helpsteer2:02027,train,1,"lower-bound Pareto dominance: coherence, correctness",2,1,2,True,True,False
helpsteer2:02028,train,-1,"lower-bound Pareto dominance: coherence, correctness",-1,-1,-1,True,True,False
helpsteer2:02029,train,1,"lower-bound Pareto dominance: coherence, correctness",2,1,2,True,True,False
helpsteer2:02030,train,0,equivalent within epsilon,0,-1,-1,False,False,False
helpsteer2:02031,train,0,equivalent within epsilon,0,1,1,False,False,False
helpsteer2:02032,train,-1,"lower-bound Pareto dominance: coherence, correctness",-3,-1,-3,True,True,False
helpsteer2:02033,train,0,equivalent within epsilon,0,1,2,False,False,False
helpsteer2:02034,train,-1,"lower-bound Pareto dominance: coherence, correctness",-3,-1,-2,True,True,False
helpsteer2:02035,train,-1,"lower-bound Pareto dominance: coherence, correctness",-1,0,0,True,True,False
helpsteer2:02036,train,-1,lower-bound Pareto dominance: correctness,-4,-1,-3,True,True,False
helpsteer2:02037,train,-1,"lower-bound Pareto dominance: coherence, correctness",-1,-1,-2,True,True,False
helpsteer2:02038,train,-1,lower-bound Pareto dominance: coherence,-1,-1,-1,True,True,False
helpsteer2:02039,train,-1,"lower-bound Pareto dominance: coherence, correctness",-2,-1,-2,True,True,False
helpsteer2:02040,train,1,lower-bound Pareto dominance: correctness,1,-1,-1,True,True,False
helpsteer2:02041,train,0,equivalent within epsilon,1,1,2,False,True,False
helpsteer2:02042,train,1,lower-bound Pareto dominance: correctness,1,1,2,True,True,False
helpsteer2:02043,train,1,lower-bound Pareto dominance: correctness,1,1,3,True,False,False
helpsteer2:02044,train,1,"lower-bound Pareto dominance: coherence, correctness",3,1,3,True,True,False
helpsteer2:02045,train,-1,"lower-bound Pareto dominance: coherence, correctness",-3,-1,-3,True,True,False
helpsteer2:02046,train,1,lower-bound Pareto dominance: correctness,1,1,1,True,True,False
helpsteer2:02047,train,1,"lower-bound Pareto dominance: coherence, correctness",3,1,3,True,True,False
helpsteer2:02048,train,-1,"lower-bound Pareto dominance: coherence, correctness",-1,-1,-1,True,True,False
helpsteer2:02049,train,-1,"lower-bound Pareto dominance: coherence, correctness",-4,-1,-3,True,True,False
helpsteer2:02050,train,1,"lower-bound Pareto dominance: coherence, correctness",3,1,3,True,True,False
helpsteer2:02051,train,-1,lower-bound Pareto dominance: correctness,-3,-1,-3,True,True,False
helpsteer2:02052,train,0,cross-objective tradeoff,1,0,0,False,True,False
helpsteer2:02053,train,1,"lower-bound Pareto dominance: coherence, correctness",2,1,2,True,True,False
helpsteer2:02054,train,0,equivalent within epsilon,0,-1,-1,False,False,False
helpsteer2:02055,train,-1,"lower-bound Pareto dominance: coherence, correctness",-2,-1,-2,True,True,False
helpsteer2:02056,train,-1,lower-bound Pareto dominance: correctness,-1,-1,-1,True,True,False
helpsteer2:02057,train,-1,lower-bound Pareto dominance: correctness,-3,-1,-3,True,True,False
helpsteer2:02058,train,1,"lower-bound Pareto dominance: coherence, correctness",2,1,2,True,True,False
helpsteer2:02059,train,1,"lower-bound Pareto dominance: coherence, correctness",3,1,2,True,True,False
helpsteer2:02060,train,0,equivalent within epsilon,-1,0,0,False,True,False
helpsteer2:02061,train,-1,lower-bound Pareto dominance: correctness,-1,-1,-2,True,False,False
helpsteer2:02062,train,1,lower-bound Pareto dominance: correctness,3,1,3,True,True,False
helpsteer2:02063,train,0,equivalent within epsilon,0,-1,-1,False,False,False
helpsteer2:02064,train,0,equivalent within epsilon,0,0,0,False,False,False
helpsteer2:02065,train,1,"lower-bound Pareto dominance: coherence, correctness",2,1,2,True,True,False
helpsteer2:02066,train,1,"lower-bound Pareto dominance: coherence, correctness",2,1,2,True,True,False
helpsteer2:02067,train,0,equivalent within epsilon,0,0,0,False,False,False
helpsteer2:02068,train,1,"lower-bound Pareto dominance: coherence, correctness",3,1,3,True,True,False
helpsteer2:02069,train,0,equivalent within epsilon,0,1,2,False,False,False
helpsteer2:02070,train,-1,lower-bound Pareto dominance: correctness,-4,-1,-3,True,True,False
helpsteer2:02071,train,-1,"lower-bound Pareto dominance: coherence, correctness",-1,-1,-1,True,True,False
helpsteer2:02072,train,-1,lower-bound Pareto dominance: coherence,0,0,0,False,False,False
helpsteer2:02073,train,1,"lower-bound Pareto dominance: coherence, correctness",4,1,3,True,True,False
helpsteer2:02074,train,-1,"lower-bound Pareto dominance: coherence, correctness",-2,-1,-2,True,True,False
helpsteer2:02075,train,-1,"lower-bound Pareto dominance: coherence, correctness",-1,-1,-2,True,False,False
helpsteer2:02076,train,1,lower-bound Pareto dominance: correctness,1,1,1,True,True,False
helpsteer2:02077,train,1,"lower-bound Pareto dominance: coherence, correctness",3,1,3,True,True,False
helpsteer2:02078,train,1,lower-bound Pareto dominance: coherence,1,0,0,True,True,False
helpsteer2:02079,train,0,equivalent within epsilon,0,-1,-2,False,False,False
helpsteer2:02080,train,1,lower-bound Pareto dominance: correctness,1,1,1,True,True,False
helpsteer2:02081,train,1,"lower-bound Pareto dominance: coherence, correctness",1,1,2,True,True,False
helpsteer2:02082,train,1,"lower-bound Pareto dominance: coherence, correctness",3,1,2,True,True,False
helpsteer2:02083,train,1,lower-bound Pareto dominance: correctness,1,0,0,True,True,False
helpsteer2:02084,train,1,lower-bound Pareto dominance: correctness,1,1,1,True,True,False
helpsteer2:02085,train,-1,lower-bound Pareto dominance: correctness,0,-1,-1,False,False,False
helpsteer2:02086,train,-1,"lower-bound Pareto dominance: coherence, correctness",-2,-1,-1,True,True,False
helpsteer2:02087,train,1,lower-bound Pareto dominance: correctness,2,1,2,True,True,False
helpsteer2:02088,train,-1,"lower-bound Pareto dominance: coherence, correctness",-4,-1,-3,True,True,False
helpsteer2:02089,train,-1,"lower-bound Pareto dominance: coherence, correctness",-4,-1,-3,True,True,False
helpsteer2:02090,train,1,"lower-bound Pareto dominance: coherence, correctness",2,1,1,True,True,False
helpsteer2:02091,train,-1,lower-bound Pareto dominance: correctness,-1,0,0,True,True,False
helpsteer2:02092,train,-1,"lower-bound Pareto dominance: coherence, correctness",-3,-1,-2,True,True,False
helpsteer2:02093,train,-1,lower-bound Pareto dominance: coherence,0,-1,-1,False,False,False
helpsteer2:02094,train,0,equivalent within epsilon,0,0,0,False,False,False
helpsteer2:02095,train,0,equivalent within epsilon,0,0,0,False,False,False
helpsteer2:02096,train,1,lower-bound Pareto dominance: coherence,0,0,0,False,False,False
helpsteer2:02097,train,0,equivalent within epsilon,0,0,0,False,False,False
helpsteer2:02098,train,-1,lower-bound Pareto dominance: correctness,-4,-1,-3,True,True,False
helpsteer2:02099,train,1,"lower-bound Pareto dominance: coherence, correctness",2,1,2,True,True,False
helpsteer2:02100,train,0,equivalent within epsilon,0,0,0,False,False,False
helpsteer2:02101,train,-1,lower-bound Pareto dominance: correctness,-1,0,0,True,True,False
helpsteer2:02102,train,-1,lower-bound Pareto dominance: correctness,-1,-1,-1,True,True,False
helpsteer2:02103,train,1,"lower-bound Pareto dominance: coherence, correctness",1,0,0,True,True,False
helpsteer2:02104,train,-1,lower-bound Pareto dominance: coherence,1,1,1,True,True,False
helpsteer2:02105,train,0,equivalent within epsilon,0,0,0,False,False,False
helpsteer2:02106,train,-1,lower-bound Pareto dominance: correctness,0,0,0,False,False,False
helpsteer2:02107,train,0,equivalent within epsilon,0,0,0,False,False,False
helpsteer2:02108,train,-1,"lower-bound Pareto dominance: coherence, correctness",0,0,0,False,False,False
helpsteer2:02109,train,-1,"lower-bound Pareto dominance: coherence, correctness",-1,-1,-1,True,True,False
helpsteer2:02110,train,-1,lower-bound Pareto dominance: correctness,-2,-1,-1,True,True,False
helpsteer2:02111,train,-1,"lower-bound Pareto dominance: coherence, correctness",0,0,0,False,False,False
helpsteer2:02112,train,-1,"lower-bound Pareto dominance: coherence, correctness",-1,-1,-1,True,True,False
helpsteer2:02113,train,0,equivalent within epsilon,0,0,0,False,False,False
helpsteer2:02114,train,-1,lower-bound Pareto dominance: correctness,-2,-1,-2,True,True,False
helpsteer2:02115,train,1,lower-bound Pareto dominance: correctness,2,1,2,True,True,False
helpsteer2:02116,train,0,equivalent within epsilon,0,0,0,False,False,False
helpsteer2:02117,train,1,lower-bound Pareto dominance: correctness,2,1,2,True,True,False
helpsteer2:02118,train,1,"lower-bound Pareto dominance: coherence, correctness",3,1,3,True,True,False
helpsteer2:02119,train,1,lower-bound Pareto dominance: correctness,2,1,1,True,True,False
helpsteer2:02120,train,1,"lower-bound Pareto dominance: coherence, correctness",3,1,2,True,True,False
helpsteer2:02121,train,0,equivalent within epsilon,0,1,1,False,False,False
helpsteer2:02122,train,1,lower-bound Pareto dominance: correctness,2,1,2,True,True,False
helpsteer2:02123,train,0,equivalent within epsilon,1,1,1,False,True,False
helpsteer2:02124,train,0,cross-objective tradeoff,0,0,0,False,False,False
helpsteer2:02125,train,-1,lower-bound Pareto dominance: correctness,-1,-1,-1,True,True,False
helpsteer2:02126,train,1,"lower-bound Pareto dominance: coherence, correctness",2,1,2,True,True,False
helpsteer2:02127,train,0,equivalent within epsilon,0,0,0,False,False,False
helpsteer2:02128,train,1,lower-bound Pareto dominance: coherence,0,0,0,False,False,False
helpsteer2:02129,train,-1,lower-bound Pareto dominance: correctness,-2,-1,-1,True,True,False
helpsteer2:02130,train,0,equivalent within epsilon,-1,-1,-1,False,True,False
helpsteer2:02131,train,1,"lower-bound Pareto dominance: coherence, correctness",2,1,2,True,True,False
helpsteer2:02132,train,0,equivalent within epsilon,1,0,0,False,True,False
helpsteer2:02133,train,0,equivalent within epsilon,0,-1,-1,False,False,False
helpsteer2:02134,train,1,lower-bound Pareto dominance: correctness,1,1,1,True,True,False
helpsteer2:02135,train,1,lower-bound Pareto dominance: correctness,1,1,1,True,True,False
helpsteer2:02136,train,0,equivalent within epsilon,0,1,1,False,False,False
helpsteer2:02137,train,0,equivalent within epsilon,0,-1,-2,False,False,False
helpsteer2:02138,train,0,cross-objective tradeoff,0,0,0,False,False,False
helpsteer2:02139,train,0,equivalent within epsilon,1,0,0,False,True,False
helpsteer2:02140,train,1,lower-bound Pareto dominance: correctness,3,1,2,True,True,False
helpsteer2:02141,train,1,"lower-bound Pareto dominance: coherence, correctness",2,1,2,True,True,False
helpsteer2:02142,train,1,"lower-bound Pareto dominance: coherence, correctness",4,1,3,True,True,False
helpsteer2:02143,train,1,"lower-bound Pareto dominance: coherence, correctness",1,1,1,True,True,False
helpsteer2:02144,train,1,"lower-bound Pareto dominance: coherence, correctness",1,1,1,True,False,False
helpsteer2:02145,train,-1,lower-bound Pareto dominance: correctness,-4,-1,-3,True,True,False
helpsteer2:02146,train,-1,"lower-bound Pareto dominance: coherence, correctness",-3,-1,-3,True,True,False
helpsteer2:02147,train,-1,lower-bound Pareto dominance: correctness,-3,-1,-3,True,True,False
helpsteer2:02148,train,1,lower-bound Pareto dominance: correctness,4,1,3,True,True,False
helpsteer2:02149,train,1,"lower-bound Pareto dominance: coherence, correctness",3,1,2,True,True,False
helpsteer2:02150,train,1,lower-bound Pareto dominance: correctness,1,1,1,True,True,False
helpsteer2:02151,train,0,equivalent within epsilon,0,0,0,False,False,False
helpsteer2:02152,train,1,lower-bound Pareto dominance: correctness,3,1,3,True,True,False
helpsteer2:02153,train,1,"lower-bound Pareto dominance: coherence, correctness",2,1,1,True,True,False
helpsteer2:02154,train,0,equivalent within epsilon,0,0,0,False,False,False
helpsteer2:02155,train,-1,lower-bound Pareto dominance: correctness,-4,-1,-3,True,True,False
helpsteer2:02156,train,-1,"lower-bound Pareto dominance: coherence, correctness",-1,-1,-1,True,True,False
helpsteer2:02157,train,1,lower-bound Pareto dominance: correctness,2,1,1,True,True,False
helpsteer2:02158,train,1,lower-bound Pareto dominance: correctness,3,1,3,True,True,False
helpsteer2:02159,train,0,cross-objective tradeoff,-1,-1,-1,False,True,False
helpsteer2:02160,train,-1,lower-bound Pareto dominance: correctness,-1,-1,-1,True,True,False
helpsteer2:02161,train,-1,lower-bound Pareto dominance: correctness,-2,-1,-2,True,True,False
helpsteer2:02162,train,-1,lower-bound Pareto dominance: correctness,-1,-1,-2,True,False,False
helpsteer2:02163,train,-1,lower-bound Pareto dominance: correctness,-1,-1,-2,True,True,False
helpsteer2:02164,train,0,equivalent within epsilon,0,0,0,False,False,False
helpsteer2:02165,train,-1,lower-bound Pareto dominance: coherence,0,-1,-1,False,False,False
helpsteer2:02166,train,-1,lower-bound Pareto dominance: correctness,-1,-1,-1,True,True,False
helpsteer2:02167,train,-1,lower-bound Pareto dominance: correctness,-2,-1,-1,True,True,False
helpsteer2:02168,train,0,equivalent within epsilon,0,1,2,False,False,False
helpsteer2:02169,train,1,"lower-bound Pareto dominance: coherence, correctness",2,1,2,True,True,False
helpsteer2:02170,train,-1,lower-bound Pareto dominance: correctness,-2,-1,-2,True,True,False
helpsteer2:02171,train,1,lower-bound Pareto dominance: correctness,2,1,2,True,True,False
helpsteer2:02172,train,0,equivalent within epsilon,-1,-1,-2,False,True,False
helpsteer2:02173,train,1,"lower-bound Pareto dominance: coherence, correctness",2,1,2,True,True,False
helpsteer2:02174,train,0,cross-objective tradeoff,0,0,0,False,False,False
helpsteer2:02175,train,1,"lower-bound Pareto dominance: coherence, correctness",1,1,1,True,True,False
helpsteer2:02176,train,0,equivalent within epsilon,3,1,1,False,True,False
helpsteer2:02177,train,0,equivalent within epsilon,0,0,0,False,False,False
helpsteer2:02178,train,0,equivalent within epsilon,1,-1,-1,False,True,False
helpsteer2:02179,train,-1,"lower-bound Pareto dominance: coherence, correctness",-2,-1,-2,True,True,False
helpsteer2:02180,train,-1,lower-bound Pareto dominance: correctness,0,-1,-1,False,False,False
helpsteer2:02181,train,1,lower-bound Pareto dominance: correctness,3,1,3,True,True,False
helpsteer2:02182,train,1,"lower-bound Pareto dominance: coherence, correctness",2,1,3,True,True,False
helpsteer2:02183,train,-1,"lower-bound Pareto dominance: coherence, correctness",-2,-1,-2,True,True,False
helpsteer2:02184,train,1,lower-bound Pareto dominance: correctness,2,1,2,True,True,False
helpsteer2:02185,train,1,lower-bound Pareto dominance: correctness,0,1,1,False,False,False
helpsteer2:02186,train,1,"lower-bound Pareto dominance: coherence, correctness",1,1,1,True,True,False
helpsteer2:02187,train,1,lower-bound Pareto dominance: correctness,2,1,2,True,True,False
helpsteer2:02188,train,1,lower-bound Pareto dominance: correctness,4,1,3,True,True,False
helpsteer2:02189,train,1,"lower-bound Pareto dominance: coherence, correctness",2,1,2,True,True,False
helpsteer2:02190,train,0,equivalent within epsilon,0,0,0,False,False,False
helpsteer2:02191,train,-1,lower-bound Pareto dominance: correctness,-1,-1,-1,True,True,False
helpsteer2:02192,train,1,lower-bound Pareto dominance: correctness,2,1,1,True,True,False
helpsteer2:02193,train,1,lower-bound Pareto dominance: correctness,0,0,0,False,False,False
helpsteer2:02194,train,0,equivalent within epsilon,0,1,1,False,False,False
helpsteer2:02195,train,-1,"lower-bound Pareto dominance: coherence, correctness",-2,-1,-2,True,True,False
helpsteer2:02196,train,1,"lower-bound Pareto dominance: coherence, correctness",1,0,0,True,True,False
helpsteer2:02197,train,-1,"lower-bound Pareto dominance: coherence, correctness",-4,-1,-3,True,True,False
helpsteer2:02198,train,-1,"lower-bound Pareto dominance: coherence, correctness",-2,-1,-2,True,True,False
helpsteer2:02199,train,1,lower-bound Pareto dominance: coherence,0,0,0,False,False,False
helpsteer2:02200,train,1,lower-bound Pareto dominance: correctness,3,1,3,True,True,False
helpsteer2:02201,train,-1,"lower-bound Pareto dominance: coherence, correctness",-2,-1,-2,True,True,False
helpsteer2:02202,train,0,cross-objective tradeoff,1,1,2,False,False,False
helpsteer2:02203,train,0,equivalent within epsilon,-1,-1,-2,False,True,False
helpsteer2:02204,train,1,lower-bound Pareto dominance: correctness,2,1,2,True,True,False
helpsteer2:02205,train,1,lower-bound Pareto dominance: correctness,0,1,1,False,False,False
helpsteer2:02206,train,-1,"lower-bound Pareto dominance: coherence, correctness",-3,-1,-2,True,True,False
helpsteer2:02207,train,1,"lower-bound Pareto dominance: coherence, correctness",2,1,2,True,True,False
helpsteer2:02208,train,1,lower-bound Pareto dominance: coherence,0,0,0,False,False,False
helpsteer2:02209,train,-1,lower-bound Pareto dominance: correctness,-1,-1,-2,True,True,False
helpsteer2:02210,train,0,equivalent within epsilon,0,0,0,False,False,False
helpsteer2:02211,train,1,lower-bound Pareto dominance: correctness,2,1,2,True,True,False
helpsteer2:02212,train,1,"lower-bound Pareto dominance: coherence, correctness",3,1,2,True,True,False
helpsteer2:02213,train,-1,"lower-bound Pareto dominance: coherence, correctness",-1,-1,-1,True,True,False
helpsteer2:02214,train,0,equivalent within epsilon,0,1,2,False,False,False
helpsteer2:02215,train,0,cross-objective tradeoff,-3,-1,-2,False,True,False
helpsteer2:02216,train,-1,lower-bound Pareto dominance: correctness,-1,0,0,True,True,False
helpsteer2:02217,train,0,equivalent within epsilon,0,0,0,False,False,False
helpsteer2:02218,train,1,lower-bound Pareto dominance: correctness,2,1,2,True,True,False
helpsteer2:02219,train,1,"lower-bound Pareto dominance: coherence, correctness",3,1,3,True,True,False
helpsteer2:02220,train,1,lower-bound Pareto dominance: correctness,1,0,0,True,True,False
helpsteer2:02221,train,-1,"lower-bound Pareto dominance: coherence, correctness",-3,-1,-3,True,True,False
helpsteer2:02222,train,1,"lower-bound Pareto dominance: coherence, correctness",1,1,1,True,True,False
helpsteer2:02223,train,1,"lower-bound Pareto dominance: coherence, correctness",2,1,2,True,True,False
helpsteer2:02224,train,-1,lower-bound Pareto dominance: correctness,-3,-1,-3,True,True,False
helpsteer2:02225,train,0,equivalent within epsilon,0,1,1,False,False,False
helpsteer2:02226,train,0,equivalent within epsilon,0,0,0,False,False,False
helpsteer2:02227,train,1,lower-bound Pareto dominance: correctness,1,1,1,True,True,False
helpsteer2:02228,train,1,"lower-bound Pareto dominance: coherence, correctness",4,1,3,True,True,False
helpsteer2:02229,train,-1,lower-bound Pareto dominance: correctness,-2,0,0,True,True,False
helpsteer2:02230,train,0,equivalent within epsilon,0,-1,-1,False,False,False
helpsteer2:02231,train,-1,lower-bound Pareto dominance: correctness,-2,-1,-2,True,True,False
helpsteer2:02232,train,1,lower-bound Pareto dominance: correctness,1,1,1,True,True,False
helpsteer2:02233,train,0,equivalent within epsilon,1,1,1,False,True,False
helpsteer2:02234,train,1,"lower-bound Pareto dominance: coherence, correctness",2,1,2,True,True,False
helpsteer2:02235,train,-1,lower-bound Pareto dominance: correctness,-1,-1,-1,True,True,False
helpsteer2:02236,train,1,"lower-bound Pareto dominance: coherence, correctness",2,1,2,True,True,False
helpsteer2:02237,train,-1,lower-bound Pareto dominance: correctness,-2,-1,-2,True,True,False
helpsteer2:02238,train,-1,lower-bound Pareto dominance: correctness,-1,-1,-1,True,True,False
helpsteer2:02239,train,1,"lower-bound Pareto dominance: coherence, correctness",1,1,1,True,True,False
helpsteer2:02240,train,0,equivalent within epsilon,-1,-1,-2,False,True,False
helpsteer2:02241,train,1,lower-bound Pareto dominance: coherence,0,0,0,False,False,False
helpsteer2:02242,train,0,equivalent within epsilon,0,0,0,False,False,False
helpsteer2:02243,train,1,lower-bound Pareto dominance: coherence,0,-1,-1,False,False,False
helpsteer2:02244,train,1,lower-bound Pareto dominance: correctness,2,1,1,True,True,False
helpsteer2:02245,train,-1,"lower-bound Pareto dominance: coherence, correctness",-1,-1,-1,True,True,False
helpsteer2:02246,train,1,lower-bound Pareto dominance: correctness,1,1,2,True,True,False
helpsteer2:02247,train,0,equivalent within epsilon,0,0,0,False,False,False
helpsteer2:02248,train,-1,lower-bound Pareto dominance: coherence,-1,-1,-1,True,True,False
helpsteer2:02249,train,1,lower-bound Pareto dominance: correctness,3,1,3,True,True,False
helpsteer2:02250,train,-1,"lower-bound Pareto dominance: coherence, correctness",-2,-1,-2,True,True,False
helpsteer2:02251,train,1,"lower-bound Pareto dominance: coherence, correctness",2,1,2,True,True,False
helpsteer2:02252,train,-1,"lower-bound Pareto dominance: coherence, correctness",-3,-1,-3,True,True,False
helpsteer2:02253,train,1,"lower-bound Pareto dominance: coherence, correctness",1,1,1,True,True,False
helpsteer2:02254,train,1,"lower-bound Pareto dominance: coherence, correctness",2,1,2,True,True,False
helpsteer2:02255,train,-1,lower-bound Pareto dominance: correctness,-1,-1,-1,True,True,False
helpsteer2:02256,train,0,equivalent within epsilon,0,0,0,False,False,False
helpsteer2:02257,train,0,equivalent within epsilon,0,0,0,False,False,False
helpsteer2:02258,train,1,"lower-bound Pareto dominance: coherence, correctness",1,1,1,True,True,False
helpsteer2:02259,train,-1,lower-bound Pareto dominance: correctness,-1,0,0,True,False,False
helpsteer2:02260,train,1,lower-bound Pareto dominance: coherence,1,0,0,True,False,False
helpsteer2:02261,train,1,lower-bound Pareto dominance: correctness,1,1,1,True,True,False
helpsteer2:02262,train,-1,lower-bound Pareto dominance: correctness,-2,-1,-2,True,True,False
helpsteer2:02263,train,1,"lower-bound Pareto dominance: coherence, correctness",4,1,3,True,True,False
helpsteer2:02264,train,-1,"lower-bound Pareto dominance: coherence, correctness",-2,-1,-2,True,True,False
helpsteer2:02265,train,-1,"lower-bound Pareto dominance: coherence, correctness",-2,-1,-2,True,True,False
helpsteer2:02266,train,1,lower-bound Pareto dominance: correctness,1,1,1,True,False,False
helpsteer2:02267,train,-1,"lower-bound Pareto dominance: coherence, correctness",-2,-1,-2,True,True,False
helpsteer2:02268,train,-1,lower-bound Pareto dominance: correctness,-1,0,0,True,False,False
helpsteer2:02269,train,1,"lower-bound Pareto dominance: coherence, correctness",3,1,3,True,True,False
helpsteer2:02270,train,0,equivalent within epsilon,0,0,0,False,False,False
helpsteer2:02271,train,-1,"lower-bound Pareto dominance: coherence, correctness",-2,-1,-2,True,True,False
helpsteer2:02272,train,1,lower-bound Pareto dominance: correctness,4,1,3,True,True,False
helpsteer2:02273,train,0,equivalent within epsilon,0,0,0,False,False,False
helpsteer2:02274,train,-1,lower-bound Pareto dominance: correctness,-3,-1,-3,True,True,False
helpsteer2:02275,train,0,equivalent within epsilon,0,-1,-2,False,False,False
helpsteer2:02276,train,1,"lower-bound Pareto dominance: coherence, correctness",2,1,2,True,True,False
helpsteer2:02277,train,1,lower-bound Pareto dominance: correctness,2,0,0,True,True,False
helpsteer2:02278,train,0,equivalent within epsilon,2,1,1,False,True,False
helpsteer2:02279,train,1,"lower-bound Pareto dominance: coherence, correctness",2,1,2,True,True,False
helpsteer2:02280,train,1,"lower-bound Pareto dominance: coherence, correctness",1,1,2,True,True,False
helpsteer2:02281,train,1,lower-bound Pareto dominance: correctness,4,1,3,True,True,False
helpsteer2:02282,train,1,lower-bound Pareto dominance: correctness,1,0,0,True,False,False
helpsteer2:02283,train,-1,lower-bound Pareto dominance: correctness,-2,-1,-2,True,True,False
helpsteer2:02284,train,1,"lower-bound Pareto dominance: coherence, correctness",1,1,1,True,True,False
helpsteer2:02285,train,-1,lower-bound Pareto dominance: correctness,-3,-1,-3,True,True,False
helpsteer2:02286,train,-1,"lower-bound Pareto dominance: coherence, correctness",-2,-1,-2,True,True,False
helpsteer2:02287,train,1,"lower-bound Pareto dominance: coherence, correctness",1,0,0,True,True,False
helpsteer2:02288,train,0,equivalent within epsilon,0,1,2,False,False,False
helpsteer2:02289,train,1,"lower-bound Pareto dominance: coherence, correctness",4,1,3,True,True,False
helpsteer2:02290,train,1,"lower-bound Pareto dominance: coherence, correctness",4,1,3,True,True,False
helpsteer2:02291,train,0,cross-objective tradeoff,-1,-1,-1,False,True,False
helpsteer2:02292,train,-1,lower-bound Pareto dominance: correctness,-3,-1,-2,True,True,False
helpsteer2:02293,train,-1,lower-bound Pareto dominance: correctness,-1,-1,-1,True,True,False
helpsteer2:02294,train,-1,lower-bound Pareto dominance: correctness,-2,-1,-2,True,True,False
helpsteer2:02295,train,1,lower-bound Pareto dominance: coherence,1,1,1,True,False,False
helpsteer2:02296,train,-1,lower-bound Pareto dominance: correctness,-2,-1,-1,True,True,False
helpsteer2:02297,train,-1,"lower-bound Pareto dominance: coherence, correctness",-2,-1,-2,True,True,False
helpsteer2:02298,train,0,equivalent within epsilon,-3,-1,-2,False,True,False
helpsteer2:02299,train,1,"lower-bound Pareto dominance: coherence, correctness",1,1,2,True,True,False
helpsteer2:02300,train,-1,lower-bound Pareto dominance: correctness,0,1,1,False,False,False
helpsteer2:02301,train,-1,"lower-bound Pareto dominance: coherence, correctness",-2,-1,-3,True,True,False
helpsteer2:02302,train,0,equivalent within epsilon,-1,0,0,False,False,False
helpsteer2:02303,train,1,"lower-bound Pareto dominance: coherence, correctness",1,1,2,True,True,False
helpsteer2:02304,train,0,equivalent within epsilon,0,1,1,False,False,False
helpsteer2:02305,train,1,"lower-bound Pareto dominance: coherence, correctness",1,1,1,True,True,False
helpsteer2:02306,train,-1,lower-bound Pareto dominance: correctness,-3,-1,-3,True,True,False
helpsteer2:02307,train,1,"lower-bound Pareto dominance: coherence, correctness",1,1,1,True,True,False
helpsteer2:02308,train,0,equivalent within epsilon,0,-1,-1,False,False,False
helpsteer2:02309,train,-1,"lower-bound Pareto dominance: coherence, correctness",-2,-1,-2,True,True,False
helpsteer2:02310,train,1,lower-bound Pareto dominance: correctness,2,1,2,True,True,False
helpsteer2:02311,train,0,equivalent within epsilon,0,0,0,False,False,False
helpsteer2:02312,train,1,"lower-bound Pareto dominance: coherence, correctness",2,1,2,True,True,False
helpsteer2:02313,train,-1,lower-bound Pareto dominance: correctness,-1,-1,-1,True,False,False
helpsteer2:02314,train,0,equivalent within epsilon,0,1,1,False,False,False
helpsteer2:02315,train,1,lower-bound Pareto dominance: correctness,1,1,1,True,False,False
helpsteer2:02316,train,1,"lower-bound Pareto dominance: coherence, correctness",1,0,0,True,True,False
helpsteer2:02317,train,-1,lower-bound Pareto dominance: correctness,-2,-1,-2,True,True,False
helpsteer2:02318,train,1,"lower-bound Pareto dominance: coherence, correctness",1,1,1,True,True,False
helpsteer2:02319,train,1,lower-bound Pareto dominance: coherence,0,1,2,False,False,False
helpsteer2:02320,train,0,equivalent within epsilon,0,0,0,False,False,False
helpsteer2:02321,train,1,lower-bound Pareto dominance: correctness,3,1,3,True,True,False
helpsteer2:02322,train,-1,"lower-bound Pareto dominance: coherence, correctness",-2,-1,-2,True,True,False
helpsteer2:02323,train,-1,"lower-bound Pareto dominance: coherence, correctness",-4,-1,-3,True,True,False
helpsteer2:02324,train,1,lower-bound Pareto dominance: coherence,-1,1,1,True,True,False
helpsteer2:02325,train,-1,lower-bound Pareto dominance: correctness,-3,-1,-3,True,True,False
helpsteer2:02326,train,0,equivalent within epsilon,2,1,1,False,True,False
helpsteer2:02327,train,1,lower-bound Pareto dominance: coherence,1,1,2,True,True,False
helpsteer2:02328,train,-1,"lower-bound Pareto dominance: coherence, correctness",-3,-1,-3,True,True,False
helpsteer2:02329,train,0,equivalent within epsilon,0,-1,-1,False,False,False
helpsteer2:02330,train,0,equivalent within epsilon,0,0,0,False,False,False
helpsteer2:02331,train,-1,"lower-bound Pareto dominance: coherence, correctness",-4,-1,-3,True,True,False
helpsteer2:02332,train,1,"lower-bound Pareto dominance: coherence, correctness",4,1,2,True,True,False
helpsteer2:02333,train,-1,"lower-bound Pareto dominance: coherence, correctness",-3,-1,-3,True,True,False
helpsteer2:02334,train,1,"lower-bound Pareto dominance: coherence, correctness",2,1,2,True,True,False
helpsteer2:02335,train,1,lower-bound Pareto dominance: correctness,1,1,1,True,True,False
helpsteer2:02336,train,1,lower-bound Pareto dominance: coherence,1,1,1,True,False,False
helpsteer2:02337,train,-1,"lower-bound Pareto dominance: coherence, correctness",-3,-1,-3,True,True,False
helpsteer2:02338,train,1,"lower-bound Pareto dominance: coherence, correctness",2,1,2,True,True,False
helpsteer2:02339,train,1,lower-bound Pareto dominance: correctness,2,1,2,True,True,False
helpsteer2:02340,train,-1,"lower-bound Pareto dominance: coherence, correctness",-1,-1,-1,True,True,False
helpsteer2:02341,train,-1,"lower-bound Pareto dominance: coherence, correctness",-4,-1,-3,True,True,False
helpsteer2:02342,train,1,lower-bound Pareto dominance: coherence,1,0,0,True,True,False
helpsteer2:02343,train,0,equivalent within epsilon,0,1,2,False,False,False
helpsteer2:02344,train,1,lower-bound Pareto dominance: correctness,2,1,2,True,True,False
helpsteer2:02345,train,-1,lower-bound Pareto dominance: correctness,-3,-1,-3,True,True,False
helpsteer2:02346,train,-1,"lower-bound Pareto dominance: coherence, correctness",-4,-1,-3,True,True,False
helpsteer2:02347,train,-1,lower-bound Pareto dominance: correctness,-1,-1,-2,True,True,False
helpsteer2:02348,train,-1,"lower-bound Pareto dominance: coherence, correctness",-1,-1,-1,True,True,False
helpsteer2:02349,train,-1,lower-bound Pareto dominance: coherence,0,-1,-1,False,False,False
helpsteer2:02350,train,-1,"lower-bound Pareto dominance: coherence, correctness",-1,-1,-2,True,True,False
helpsteer2:02351,train,1,lower-bound Pareto dominance: correctness,3,1,3,True,True,False
helpsteer2:02352,train,1,lower-bound Pareto dominance: correctness,1,1,1,True,True,False
helpsteer2:02353,train,-1,"lower-bound Pareto dominance: coherence, correctness",-2,-1,-2,True,True,False
helpsteer2:02354,train,1,lower-bound Pareto dominance: correctness,3,1,2,True,True,False
helpsteer2:02355,train,-1,"lower-bound Pareto dominance: coherence, correctness",-1,-1,-2,True,True,False
helpsteer2:02356,train,-1,"lower-bound Pareto dominance: coherence, correctness",-2,-1,-2,True,True,False
helpsteer2:02357,train,-1,lower-bound Pareto dominance: correctness,-3,-1,-3,True,True,False
helpsteer2:02358,train,1,lower-bound Pareto dominance: coherence,-1,1,1,True,True,False
helpsteer2:02359,train,-1,lower-bound Pareto dominance: coherence,-1,-1,-1,True,False,False
helpsteer2:02360,train,0,equivalent within epsilon,0,-1,-1,False,False,False
helpsteer2:02361,train,1,lower-bound Pareto dominance: correctness,4,1,3,True,True,False
helpsteer2:02362,train,0,equivalent within epsilon,0,1,1,False,False,False
helpsteer2:02363,train,-1,lower-bound Pareto dominance: correctness,-1,-1,-1,True,True,False
helpsteer2:02364,train,1,"lower-bound Pareto dominance: coherence, correctness",3,1,2,True,True,False
helpsteer2:02365,train,-1,lower-bound Pareto dominance: correctness,-4,-1,-3,True,True,False
helpsteer2:02366,train,-1,lower-bound Pareto dominance: correctness,-1,-1,-1,True,True,False
helpsteer2:02367,train,0,equivalent within epsilon,-1,-1,-2,False,False,False
helpsteer2:02368,train,0,equivalent within epsilon,0,1,1,False,False,False
helpsteer2:02369,train,1,"lower-bound Pareto dominance: coherence, correctness",2,1,2,True,True,False
helpsteer2:02370,train,-1,"lower-bound Pareto dominance: coherence, correctness",-2,-1,-2,True,True,False
helpsteer2:02371,train,-1,lower-bound Pareto dominance: correctness,-2,-1,-2,True,True,False
helpsteer2:02372,train,1,lower-bound Pareto dominance: correctness,4,1,3,True,True,False
helpsteer2:02373,train,-1,"lower-bound Pareto dominance: coherence, correctness",-2,-1,-2,True,True,False
helpsteer2:02374,train,-1,lower-bound Pareto dominance: correctness,0,0,0,False,False,False
helpsteer2:02375,train,1,"lower-bound Pareto dominance: coherence, correctness",3,1,3,True,True,False
helpsteer2:02376,train,0,equivalent within epsilon,0,0,0,False,False,False
helpsteer2:02377,train,1,lower-bound Pareto dominance: correctness,0,1,1,False,False,False
helpsteer2:02378,train,-1,lower-bound Pareto dominance: correctness,-2,-1,-2,True,True,False
helpsteer2:02379,train,0,equivalent within epsilon,0,0,0,False,False,False
helpsteer2:02380,train,-1,"lower-bound Pareto dominance: coherence, correctness",-3,-1,-3,True,True,False
helpsteer2:02381,train,0,equivalent within epsilon,0,1,1,False,False,False
helpsteer2:02382,train,0,equivalent within epsilon,0,1,1,False,False,False
helpsteer2:02383,train,-1,"lower-bound Pareto dominance: coherence, correctness",-2,-1,-2,True,True,False
helpsteer2:02384,train,1,"lower-bound Pareto dominance: coherence, correctness",2,1,2,True,True,False
helpsteer2:02385,train,0,cross-objective tradeoff,1,1,2,False,True,False
helpsteer2:02386,train,-1,lower-bound Pareto dominance: correctness,-1,-1,-1,True,True,False
helpsteer2:02387,train,1,"lower-bound Pareto dominance: coherence, correctness",2,1,2,True,True,False
helpsteer2:02388,train,-1,lower-bound Pareto dominance: correctness,-1,-1,-1,True,True,False
helpsteer2:02389,train,0,equivalent within epsilon,0,0,0,False,False,False
helpsteer2:02390,train,1,"lower-bound Pareto dominance: coherence, correctness",2,1,2,True,True,False
helpsteer2:02391,train,0,equivalent within epsilon,0,-1,-1,False,False,False
helpsteer2:02392,train,-1,lower-bound Pareto dominance: correctness,-1,-1,-1,True,True,False
helpsteer2:02393,train,1,lower-bound Pareto dominance: correctness,2,1,2,True,True,False
helpsteer2:02394,train,1,lower-bound Pareto dominance: correctness,3,1,2,True,True,False
helpsteer2:02395,train,0,equivalent within epsilon,0,0,0,False,False,False
helpsteer2:02396,train,1,"lower-bound Pareto dominance: coherence, correctness",1,1,1,True,True,False
helpsteer2:02397,train,1,lower-bound Pareto dominance: correctness,3,1,3,True,True,False
helpsteer2:02398,train,0,equivalent within epsilon,0,1,1,False,False,False
helpsteer2:02399,train,0,equivalent within epsilon,0,1,1,False,False,False
helpsteer2:02400,train,0,equivalent within epsilon,0,-1,-1,False,False,False
helpsteer2:02401,train,-1,"lower-bound Pareto dominance: coherence, correctness",-1,-1,-1,True,False,False
helpsteer2:02402,train,1,lower-bound Pareto dominance: correctness,1,0,0,True,True,False
helpsteer2:02403,train,-1,"lower-bound Pareto dominance: coherence, correctness",-4,-1,-3,True,True,False
helpsteer2:02404,train,0,equivalent within epsilon,0,1,1,False,False,False
helpsteer2:02405,train,-1,"lower-bound Pareto dominance: coherence, correctness",-2,-1,-2,True,True,False
helpsteer2:02406,train,0,equivalent within epsilon,-3,-1,-1,False,True,False
helpsteer2:02407,train,1,lower-bound Pareto dominance: correctness,3,1,2,True,True,False
helpsteer2:02408,train,0,equivalent within epsilon,0,0,0,False,False,False
helpsteer2:02409,train,1,lower-bound Pareto dominance: correctness,3,1,3,True,True,False
helpsteer2:02410,train,-1,lower-bound Pareto dominance: correctness,-1,-1,-1,True,True,False
helpsteer2:02411,train,-1,"lower-bound Pareto dominance: coherence, correctness",-2,-1,-2,True,True,False
helpsteer2:02412,train,1,lower-bound Pareto dominance: correctness,3,1,3,True,True,False
helpsteer2:02413,train,0,equivalent within epsilon,-1,0,0,False,True,False
helpsteer2:02414,train,-1,"lower-bound Pareto dominance: coherence, correctness",-1,-1,-1,True,True,False
helpsteer2:02415,train,0,equivalent within epsilon,0,0,0,False,False,False
helpsteer2:02416,train,1,"lower-bound Pareto dominance: coherence, correctness",3,1,3,True,True,False
helpsteer2:02417,train,0,equivalent within epsilon,0,0,0,False,False,False
helpsteer2:02418,train,-1,lower-bound Pareto dominance: correctness,-2,-1,-2,True,True,False
helpsteer2:02419,train,-1,"lower-bound Pareto dominance: coherence, correctness",-3,-1,-2,True,True,False
helpsteer2:02420,train,0,equivalent within epsilon,0,0,0,False,False,False
helpsteer2:02421,train,0,equivalent within epsilon,0,1,1,False,False,False
helpsteer2:02422,train,0,equivalent within epsilon,0,0,0,False,False,False
helpsteer2:02423,train,-1,"lower-bound Pareto dominance: coherence, correctness",-4,-1,-2,True,True,False
helpsteer2:02424,train,-1,lower-bound Pareto dominance: correctness,-1,-1,-1,True,True,False
helpsteer2:02425,train,1,"lower-bound Pareto dominance: coherence, correctness",2,1,2,True,True,False
helpsteer2:02426,train,-1,"lower-bound Pareto dominance: coherence, correctness",-3,-1,-3,True,True,False
helpsteer2:02427,train,1,"lower-bound Pareto dominance: coherence, correctness",4,1,3,True,True,False
helpsteer2:02428,train,-1,"lower-bound Pareto dominance: coherence, correctness",-4,-1,-3,True,True,False
helpsteer2:02429,train,0,equivalent within epsilon,0,0,0,False,False,False
helpsteer2:02430,train,-1,"lower-bound Pareto dominance: coherence, correctness",-1,-1,-2,True,True,False
helpsteer2:02431,train,1,lower-bound Pareto dominance: correctness,1,1,1,True,False,False
helpsteer2:02432,train,1,"lower-bound Pareto dominance: coherence, correctness",4,1,3,True,True,False
helpsteer2:02433,train,-1,"lower-bound Pareto dominance: coherence, correctness",-1,-1,-1,True,True,False
helpsteer2:02434,train,1,lower-bound Pareto dominance: correctness,1,0,0,True,True,False
helpsteer2:02435,train,1,lower-bound Pareto dominance: correctness,1,1,2,True,False,False
helpsteer2:02436,train,1,"lower-bound Pareto dominance: coherence, correctness",4,1,2,True,True,False
helpsteer2:02437,train,0,equivalent within epsilon,0,1,1,False,False,False
helpsteer2:02438,train,1,lower-bound Pareto dominance: correctness,2,-1,-2,True,True,False
helpsteer2:02439,train,1,lower-bound Pareto dominance: coherence,0,0,0,False,False,False
helpsteer2:02440,train,1,lower-bound Pareto dominance: coherence,0,0,0,False,False,False
helpsteer2:02441,train,-1,lower-bound Pareto dominance: correctness,-3,-1,-2,True,True,False
helpsteer2:02442,train,-1,lower-bound Pareto dominance: coherence,-1,-1,-1,True,True,False
helpsteer2:02443,train,-1,lower-bound Pareto dominance: correctness,-3,-1,-3,True,True,False
helpsteer2:02444,train,1,lower-bound Pareto dominance: correctness,1,1,1,True,True,False
helpsteer2:02445,train,0,equivalent within epsilon,0,0,0,False,False,False
helpsteer2:02446,train,-1,lower-bound Pareto dominance: coherence,-3,-1,-3,True,True,False
helpsteer2:02447,train,0,equivalent within epsilon,0,0,0,False,False,False
helpsteer2:02448,train,-1,"lower-bound Pareto dominance: coherence, correctness",-1,-1,-1,True,True,False
helpsteer2:02449,train,-1,"lower-bound Pareto dominance: coherence, correctness",-3,-1,-3,True,True,False
helpsteer2:02450,train,-1,lower-bound Pareto dominance: correctness,-1,0,0,True,True,False
helpsteer2:02451,train,-1,lower-bound Pareto dominance: correctness,-2,-1,-3,True,True,False
helpsteer2:02452,train,-1,"lower-bound Pareto dominance: coherence, correctness",-3,-1,-3,True,True,False
helpsteer2:02453,train,1,"lower-bound Pareto dominance: coherence, correctness",1,1,1,True,True,False
helpsteer2:02454,train,1,lower-bound Pareto dominance: coherence,0,1,1,False,False,False
helpsteer2:02455,train,-1,"lower-bound Pareto dominance: coherence, correctness",-2,-1,-2,True,True,False
helpsteer2:02456,train,-1,lower-bound Pareto dominance: correctness,-2,-1,-2,True,True,False
helpsteer2:02457,train,1,"lower-bound Pareto dominance: coherence, correctness",1,1,1,True,True,False
helpsteer2:02458,train,-1,lower-bound Pareto dominance: correctness,-4,-1,-3,True,True,False
helpsteer2:02459,train,-1,lower-bound Pareto dominance: correctness,-1,-1,-1,True,True,False
helpsteer2:02460,train,1,"lower-bound Pareto dominance: coherence, correctness",2,1,2,True,True,False
helpsteer2:02461,train,0,equivalent within epsilon,-1,0,0,False,True,False
helpsteer2:02462,train,0,equivalent within epsilon,0,0,0,False,False,False
helpsteer2:02463,train,0,cross-objective tradeoff,1,0,0,False,False,False
helpsteer2:02464,train,1,"lower-bound Pareto dominance: coherence, correctness",3,1,2,True,True,False
helpsteer2:02465,train,-1,"lower-bound Pareto dominance: coherence, correctness",-2,-1,-2,True,True,False
helpsteer2:02466,train,-1,"lower-bound Pareto dominance: coherence, correctness",-3,-1,-2,True,True,False
helpsteer2:02467,train,0,equivalent within epsilon,2,1,1,False,True,False
helpsteer2:02468,train,0,equivalent within epsilon,0,-1,-1,False,False,False
helpsteer2:02469,train,1,lower-bound Pareto dominance: correctness,0,1,2,False,False,False
helpsteer2:02470,train,1,lower-bound Pareto dominance: correctness,4,1,3,True,True,False
helpsteer2:02471,train,1,"lower-bound Pareto dominance: coherence, correctness",3,1,3,True,True,False
helpsteer2:02472,train,0,equivalent within epsilon,0,1,1,False,False,False
helpsteer2:02473,train,0,equivalent within epsilon,0,0,0,False,False,False
helpsteer2:02474,train,1,lower-bound Pareto dominance: coherence,1,0,0,True,True,False
helpsteer2:02475,train,1,"lower-bound Pareto dominance: coherence, correctness",1,1,1,True,True,False
helpsteer2:02476,train,1,"lower-bound Pareto dominance: coherence, correctness",1,1,1,True,True,False
helpsteer2:02477,train,1,lower-bound Pareto dominance: correctness,2,1,2,True,True,False
helpsteer2:02478,train,1,"lower-bound Pareto dominance: coherence, correctness",1,1,2,True,True,False
helpsteer2:02479,train,-1,lower-bound Pareto dominance: correctness,0,0,0,False,False,False
helpsteer2:02480,train,-1,"lower-bound Pareto dominance: coherence, correctness",-1,-1,-1,True,True,False
helpsteer2:02481,train,1,"lower-bound Pareto dominance: coherence, correctness",1,1,1,True,True,False
helpsteer2:02482,train,1,lower-bound Pareto dominance: correctness,2,1,2,True,True,False
helpsteer2:02483,train,-1,"lower-bound Pareto dominance: coherence, correctness",-2,-1,-1,True,True,False
helpsteer2:02484,train,-1,"lower-bound Pareto dominance: coherence, correctness",-1,-1,-1,True,False,False
helpsteer2:02485,train,0,equivalent within epsilon,0,0,0,False,False,False
helpsteer2:02486,train,-1,lower-bound Pareto dominance: correctness,-3,-1,-3,True,True,False
helpsteer2:02487,train,1,lower-bound Pareto dominance: correctness,4,1,3,True,True,False
helpsteer2:02488,train,0,equivalent within epsilon,0,-1,-1,False,False,False
helpsteer2:02489,train,-1,lower-bound Pareto dominance: correctness,-1,-1,-1,True,True,False
helpsteer2:02490,train,-1,lower-bound Pareto dominance: correctness,-1,-1,-2,True,True,False
helpsteer2:02491,train,1,lower-bound Pareto dominance: correctness,1,1,1,True,False,False
helpsteer2:02492,train,-1,lower-bound Pareto dominance: correctness,-4,-1,-3,True,True,False
helpsteer2:02493,train,1,lower-bound Pareto dominance: correctness,2,1,3,True,True,False
helpsteer2:02494,train,0,equivalent within epsilon,0,1,1,False,False,False
helpsteer2:02495,train,-1,lower-bound Pareto dominance: correctness,-4,-1,-3,True,True,False
helpsteer2:02496,train,0,equivalent within epsilon,1,1,1,False,False,False
helpsteer2:02497,train,0,equivalent within epsilon,0,0,0,False,False,False
helpsteer2:02498,train,1,lower-bound Pareto dominance: correctness,4,1,3,True,True,False
helpsteer2:02499,train,0,equivalent within epsilon,0,-1,-1,False,False,False
helpsteer2:02500,train,1,lower-bound Pareto dominance: correctness,1,1,1,True,True,False
helpsteer2:02501,train,1,"lower-bound Pareto dominance: coherence, correctness",2,1,2,True,True,False
helpsteer2:02502,train,0,equivalent within epsilon,1,0,0,False,True,False
helpsteer2:02503,train,1,lower-bound Pareto dominance: correctness,3,1,2,True,True,False
helpsteer2:02504,train,1,lower-bound Pareto dominance: correctness,0,0,0,False,False,False
helpsteer2:02505,train,0,equivalent within epsilon,0,0,0,False,False,False
helpsteer2:02506,train,-1,"lower-bound Pareto dominance: coherence, correctness",-4,-1,-3,True,True,False
helpsteer2:02507,train,-1,lower-bound Pareto dominance: correctness,-1,-1,-2,True,True,False
helpsteer2:02508,train,-1,lower-bound Pareto dominance: correctness,0,0,0,False,False,False
helpsteer2:02509,train,-1,"lower-bound Pareto dominance: coherence, correctness",-1,-1,-1,True,False,False
helpsteer2:02510,train,1,lower-bound Pareto dominance: coherence,0,1,2,False,False,False
helpsteer2:02511,train,1,lower-bound Pareto dominance: correctness,3,1,2,True,True,False
helpsteer2:02512,train,1,lower-bound Pareto dominance: coherence,1,0,0,True,True,False
helpsteer2:02513,train,1,lower-bound Pareto dominance: correctness,3,1,2,True,True,False
helpsteer2:02514,train,-1,"lower-bound Pareto dominance: coherence, correctness",-4,-1,-3,True,True,False
helpsteer2:02515,train,0,equivalent within epsilon,2,1,1,False,True,False
helpsteer2:02516,train,1,"lower-bound Pareto dominance: coherence, correctness",2,1,2,True,True,False
helpsteer2:02517,train,0,equivalent within epsilon,0,1,1,False,False,False
helpsteer2:02518,train,1,"lower-bound Pareto dominance: coherence, correctness",0,1,1,False,False,False
helpsteer2:02519,train,1,lower-bound Pareto dominance: correctness,1,1,2,True,True,False
helpsteer2:02520,train,1,lower-bound Pareto dominance: correctness,1,1,2,True,False,False
helpsteer2:02521,train,1,"lower-bound Pareto dominance: coherence, correctness",1,1,1,True,True,False
helpsteer2:02522,train,1,lower-bound Pareto dominance: correctness,2,1,3,True,True,False
helpsteer2:02523,train,-1,"lower-bound Pareto dominance: coherence, correctness",-2,-1,-2,True,True,False
helpsteer2:02524,train,1,"lower-bound Pareto dominance: coherence, correctness",3,1,3,True,True,False
helpsteer2:02525,train,1,"lower-bound Pareto dominance: coherence, correctness",2,1,2,True,True,False
helpsteer2:02526,train,-1,"lower-bound Pareto dominance: coherence, correctness",-1,-1,-1,True,True,False
helpsteer2:02527,train,1,lower-bound Pareto dominance: correctness,2,1,1,True,True,False
helpsteer2:02528,train,-1,lower-bound Pareto dominance: correctness,-2,-1,-2,True,True,False
helpsteer2:02529,train,-1,lower-bound Pareto dominance: correctness,-2,-1,-1,True,True,False
helpsteer2:02530,train,-1,lower-bound Pareto dominance: correctness,-3,-1,-3,True,True,False
helpsteer2:02531,train,-1,lower-bound Pareto dominance: correctness,-1,0,0,True,True,False
helpsteer2:02532,train,1,"lower-bound Pareto dominance: coherence, correctness",2,1,2,True,True,False
helpsteer2:02533,train,-1,"lower-bound Pareto dominance: coherence, correctness",-2,-1,-1,True,True,False
helpsteer2:02534,train,-1,"lower-bound Pareto dominance: coherence, correctness",-3,-1,-2,True,True,False
helpsteer2:02535,train,0,cross-objective tradeoff,0,0,0,False,False,False
helpsteer2:02536,train,0,equivalent within epsilon,-1,-1,-2,False,True,False
helpsteer2:02537,train,0,equivalent within epsilon,0,0,0,False,False,False
helpsteer2:02538,train,0,equivalent within epsilon,0,1,1,False,False,False
helpsteer2:02539,train,-1,lower-bound Pareto dominance: correctness,-3,-1,-3,True,True,False
helpsteer2:02540,train,1,"lower-bound Pareto dominance: coherence, correctness",4,1,3,True,True,False
helpsteer2:02541,train,0,equivalent within epsilon,0,0,0,False,False,False
helpsteer2:02542,train,-1,"lower-bound Pareto dominance: coherence, correctness",-1,-1,-2,True,False,False
helpsteer2:02543,train,1,"lower-bound Pareto dominance: coherence, correctness",1,1,1,True,False,False
helpsteer2:02544,train,1,"lower-bound Pareto dominance: coherence, correctness",3,1,2,True,True,False
helpsteer2:02545,train,-1,"lower-bound Pareto dominance: coherence, correctness",-2,-1,-2,True,True,False
helpsteer2:02546,train,1,lower-bound Pareto dominance: correctness,1,1,2,True,True,False
helpsteer2:02547,train,1,"lower-bound Pareto dominance: coherence, correctness",1,1,1,True,True,False
helpsteer2:02548,train,1,lower-bound Pareto dominance: correctness,1,0,0,True,True,False
helpsteer2:02549,train,-1,lower-bound Pareto dominance: correctness,-2,-1,-2,True,True,False
helpsteer2:02550,train,0,equivalent within epsilon,1,-1,-1,False,True,False
helpsteer2:02551,train,1,lower-bound Pareto dominance: correctness,4,1,3,True,True,False
helpsteer2:02552,train,0,equivalent within epsilon,0,0,0,False,False,False
helpsteer2:02553,train,-1,"lower-bound Pareto dominance: coherence, correctness",-2,-1,-2,True,True,False
helpsteer2:02554,train,-1,"lower-bound Pareto dominance: coherence, correctness",-3,-1,-2,True,True,False
helpsteer2:02555,train,-1,"lower-bound Pareto dominance: coherence, correctness",-2,-1,-2,True,True,False
helpsteer2:02556,train,0,cross-objective tradeoff,1,1,1,False,True,False
helpsteer2:02557,train,1,"lower-bound Pareto dominance: coherence, correctness",1,1,1,True,True,False
helpsteer2:02558,train,1,"lower-bound Pareto dominance: coherence, correctness",2,1,1,True,True,False
helpsteer2:02559,train,1,lower-bound Pareto dominance: correctness,1,1,1,True,False,False
helpsteer2:02560,train,1,"lower-bound Pareto dominance: coherence, correctness",4,1,2,True,True,False
helpsteer2:02561,train,0,equivalent within epsilon,0,0,0,False,False,False
helpsteer2:02562,train,0,equivalent within epsilon,-1,0,0,False,True,False
helpsteer2:02563,train,0,equivalent within epsilon,0,-1,-1,False,False,False
helpsteer2:02564,train,-1,"lower-bound Pareto dominance: coherence, correctness",-2,-1,-1,True,True,False
helpsteer2:02565,train,-1,lower-bound Pareto dominance: correctness,-2,-1,-2,True,True,False
helpsteer2:02566,train,0,equivalent within epsilon,0,-1,-1,False,False,False
helpsteer2:02567,train,-1,lower-bound Pareto dominance: correctness,-1,0,0,True,True,False
helpsteer2:02568,train,-1,lower-bound Pareto dominance: correctness,-1,-1,-1,True,False,False
helpsteer2:02569,train,-1,lower-bound Pareto dominance: correctness,-3,-1,-2,True,True,False
helpsteer2:02570,train,-1,lower-bound Pareto dominance: correctness,-1,-1,-1,True,True,False
helpsteer2:02571,train,-1,lower-bound Pareto dominance: coherence,-1,-1,-1,True,True,False
helpsteer2:02572,train,1,"lower-bound Pareto dominance: coherence, correctness",2,1,2,True,True,False
helpsteer2:02573,train,1,"lower-bound Pareto dominance: coherence, correctness",1,1,2,True,True,False
helpsteer2:02574,train,1,lower-bound Pareto dominance: correctness,0,0,0,False,False,False
helpsteer2:02575,train,-1,"lower-bound Pareto dominance: coherence, correctness",-2,-1,-2,True,True,False
helpsteer2:02576,train,0,cross-objective tradeoff,1,1,2,False,True,False
helpsteer2:02577,train,1,lower-bound Pareto dominance: correctness,1,0,0,True,True,False
helpsteer2:02578,train,1,lower-bound Pareto dominance: correctness,3,1,3,True,True,False
helpsteer2:02579,train,1,"lower-bound Pareto dominance: coherence, correctness",3,1,3,True,True,False
helpsteer2:02580,train,1,"lower-bound Pareto dominance: coherence, correctness",4,1,3,True,True,False
helpsteer2:02581,train,-1,lower-bound Pareto dominance: correctness,-1,-1,-2,True,True,False
helpsteer2:02582,train,-1,lower-bound Pareto dominance: correctness,-3,-1,-3,True,True,False
helpsteer2:02583,train,0,equivalent within epsilon,0,0,0,False,False,False
helpsteer2:02584,train,0,equivalent within epsilon,-2,1,1,False,True,False
helpsteer2:02585,train,-1,lower-bound Pareto dominance: correctness,-1,0,0,True,True,False
helpsteer2:02586,train,0,equivalent within epsilon,0,-1,-1,False,False,False
helpsteer2:02587,train,0,equivalent within epsilon,0,-1,-2,False,False,False
helpsteer2:02588,train,-1,lower-bound Pareto dominance: correctness,-1,-1,-1,True,True,False
helpsteer2:02589,train,-1,"lower-bound Pareto dominance: coherence, correctness",-1,-1,-1,True,False,False
helpsteer2:02590,train,1,lower-bound Pareto dominance: correctness,2,1,1,True,True,False
helpsteer2:02591,train,-1,lower-bound Pareto dominance: correctness,-3,-1,-2,True,True,False
helpsteer2:02592,train,1,lower-bound Pareto dominance: correctness,3,1,3,True,True,False
helpsteer2:02593,train,-1,lower-bound Pareto dominance: correctness,-3,-1,-2,True,True,False
helpsteer2:02594,train,0,equivalent within epsilon,0,1,1,False,False,False
helpsteer2:02595,train,1,"lower-bound Pareto dominance: coherence, correctness",4,1,3,True,True,False
helpsteer2:02596,train,0,equivalent within epsilon,0,1,2,False,False,False
helpsteer2:02597,train,-1,lower-bound Pareto dominance: correctness,0,0,0,False,False,False
helpsteer2:02598,train,1,lower-bound Pareto dominance: correctness,1,1,1,True,False,False
helpsteer2:02599,train,0,equivalent within epsilon,1,1,1,False,True,False
helpsteer2:02600,train,0,equivalent within epsilon,0,1,1,False,False,False
helpsteer2:02601,train,-1,"lower-bound Pareto dominance: coherence, correctness",-2,-1,-2,True,True,False
helpsteer2:02602,train,-1,lower-bound Pareto dominance: correctness,-1,0,0,True,True,False
helpsteer2:02603,train,0,equivalent within epsilon,0,0,0,False,False,False
helpsteer2:02604,train,-1,lower-bound Pareto dominance: correctness,-1,-1,-1,True,True,False
helpsteer2:02605,train,1,lower-bound Pareto dominance: coherence,1,0,0,True,True,False
helpsteer2:02606,train,1,lower-bound Pareto dominance: correctness,2,1,2,True,True,False
helpsteer2:02607,train,-1,lower-bound Pareto dominance: correctness,-3,-1,-3,True,True,False
helpsteer2:02608,train,-1,lower-bound Pareto dominance: correctness,0,-1,-2,False,False,False
helpsteer2:02609,train,1,lower-bound Pareto dominance: correctness,1,1,1,True,False,False
helpsteer2:02610,train,1,lower-bound Pareto dominance: correctness,1,1,1,True,False,False
helpsteer2:02611,train,0,equivalent within epsilon,0,0,0,False,False,False
helpsteer2:02612,train,1,lower-bound Pareto dominance: correctness,0,1,2,False,False,False
helpsteer2:02613,train,-1,"lower-bound Pareto dominance: coherence, correctness",-1,-1,-1,True,True,False
helpsteer2:02614,train,-1,lower-bound Pareto dominance: correctness,-2,-1,-2,True,True,False
helpsteer2:02615,train,1,lower-bound Pareto dominance: correctness,4,1,2,True,True,False
helpsteer2:02616,train,-1,"lower-bound Pareto dominance: coherence, correctness",-2,-1,-2,True,True,False
helpsteer2:02617,train,0,equivalent within epsilon,0,0,0,False,False,False
helpsteer2:02618,train,-1,"lower-bound Pareto dominance: coherence, correctness",-3,-1,-3,True,True,False
helpsteer2:02619,train,1,lower-bound Pareto dominance: coherence,0,0,0,False,False,False
helpsteer2:02620,train,0,equivalent within epsilon,0,0,0,False,False,False
helpsteer2:02621,train,-1,"lower-bound Pareto dominance: coherence, correctness",-1,-1,-1,True,False,False
helpsteer2:02622,train,-1,"lower-bound Pareto dominance: coherence, correctness",-2,-1,-2,True,True,False
helpsteer2:02623,train,1,lower-bound Pareto dominance: correctness,1,1,2,True,True,False
helpsteer2:02624,train,0,equivalent within epsilon,0,-1,-1,False,False,False
helpsteer2:02625,train,1,lower-bound Pareto dominance: correctness,3,1,1,True,True,False
helpsteer2:02626,train,0,equivalent within epsilon,0,1,1,False,False,False
helpsteer2:02627,train,1,lower-bound Pareto dominance: correctness,1,1,2,True,True,False
helpsteer2:02628,train,-1,lower-bound Pareto dominance: correctness,0,-1,-1,False,False,False
helpsteer2:02629,train,1,lower-bound Pareto dominance: correctness,3,1,2,True,True,False
helpsteer2:02630,train,-1,lower-bound Pareto dominance: correctness,-3,-1,-2,True,True,False
helpsteer2:02631,train,-1,"lower-bound Pareto dominance: coherence, correctness",-2,-1,-2,True,True,False
helpsteer2:02632,train,1,"lower-bound Pareto dominance: coherence, correctness",2,1,2,True,True,False
helpsteer2:02633,train,-1,lower-bound Pareto dominance: correctness,-1,-1,-1,True,True,False
helpsteer2:02634,train,-1,"lower-bound Pareto dominance: coherence, correctness",-3,-1,-2,True,True,False
helpsteer2:02635,train,-1,lower-bound Pareto dominance: correctness,-3,-1,-2,True,True,False
helpsteer2:02636,train,1,lower-bound Pareto dominance: correctness,4,1,2,True,True,False
helpsteer2:02637,train,-1,lower-bound Pareto dominance: correctness,0,0,0,False,False,False
helpsteer2:02638,train,1,"lower-bound Pareto dominance: coherence, correctness",2,1,1,True,True,False
helpsteer2:02639,train,-1,lower-bound Pareto dominance: correctness,-2,1,1,True,True,False
helpsteer2:02640,train,0,equivalent within epsilon,-1,0,0,False,True,False
helpsteer2:02641,train,1,lower-bound Pareto dominance: coherence,0,1,1,False,False,False
helpsteer2:02642,train,0,equivalent within epsilon,1,1,1,False,True,False
helpsteer2:02643,train,0,equivalent within epsilon,0,0,0,False,False,False
helpsteer2:02644,train,-1,lower-bound Pareto dominance: correctness,-4,-1,-3,True,True,False
helpsteer2:02645,train,0,equivalent within epsilon,0,0,0,False,False,False
helpsteer2:02646,train,-1,lower-bound Pareto dominance: correctness,0,0,0,False,False,False
helpsteer2:02647,train,-1,"lower-bound Pareto dominance: coherence, correctness",-1,-1,-1,True,False,False
helpsteer2:02648,train,1,lower-bound Pareto dominance: correctness,1,0,0,True,False,False
helpsteer2:02649,train,1,lower-bound Pareto dominance: correctness,2,1,2,True,True,False
helpsteer2:02650,train,1,"lower-bound Pareto dominance: coherence, correctness",4,1,3,True,True,False
helpsteer2:02651,train,-1,lower-bound Pareto dominance: correctness,-3,-1,-3,True,True,False
helpsteer2:02652,train,-1,"lower-bound Pareto dominance: coherence, correctness",-2,-1,-2,True,True,False
helpsteer2:02653,train,0,equivalent within epsilon,0,-1,-1,False,False,False
helpsteer2:02654,train,0,cross-objective tradeoff,-2,-1,-1,False,True,False
helpsteer2:02655,train,-1,lower-bound Pareto dominance: correctness,-1,0,0,True,True,False
helpsteer2:02656,train,1,lower-bound Pareto dominance: correctness,1,1,1,True,False,False
helpsteer2:02657,train,1,"lower-bound Pareto dominance: coherence, correctness",2,1,2,True,True,False
helpsteer2:02658,train,0,equivalent within epsilon,0,1,1,False,False,False
helpsteer2:02659,train,1,"lower-bound Pareto dominance: coherence, correctness",2,1,1,True,True,False
helpsteer2:02660,train,0,equivalent within epsilon,0,-1,-1,False,False,False
helpsteer2:02661,train,-1,"lower-bound Pareto dominance: coherence, correctness",-1,-1,-2,True,True,False
helpsteer2:02662,train,-1,"lower-bound Pareto dominance: coherence, correctness",-2,-1,-2,True,True,False
helpsteer2:02663,train,1,lower-bound Pareto dominance: correctness,1,0,0,True,True,False
helpsteer2:02664,train,-1,"lower-bound Pareto dominance: coherence, correctness",-1,-1,-1,True,True,False
helpsteer2:02665,train,-1,lower-bound Pareto dominance: coherence,-1,-1,-1,True,True,False
helpsteer2:02666,train,-1,lower-bound Pareto dominance: correctness,-1,-1,-1,True,True,False
helpsteer2:02667,train,1,lower-bound Pareto dominance: correctness,2,1,1,True,True,False
helpsteer2:02668,train,-1,"lower-bound Pareto dominance: coherence, correctness",-1,-1,-2,True,True,False
helpsteer2:02669,train,0,equivalent within epsilon,1,1,1,False,True,False
helpsteer2:02670,train,0,cross-objective tradeoff,-1,-1,-1,False,True,False
helpsteer2:02671,train,0,equivalent within epsilon,1,1,1,False,False,False
helpsteer2:02672,train,-1,lower-bound Pareto dominance: correctness,-2,-1,-2,True,True,False
helpsteer2:02673,train,1,"lower-bound Pareto dominance: coherence, correctness",3,1,2,True,True,False
helpsteer2:02674,train,0,equivalent within epsilon,0,-1,-2,False,False,False
helpsteer2:02675,train,1,lower-bound Pareto dominance: correctness,0,1,1,False,False,False
helpsteer2:02676,train,1,lower-bound Pareto dominance: correctness,4,1,3,True,True,False
helpsteer2:02677,train,-1,"lower-bound Pareto dominance: coherence, correctness",-1,-1,-1,True,True,False
helpsteer2:02678,train,-1,lower-bound Pareto dominance: correctness,0,-1,-1,False,False,False
helpsteer2:02679,train,1,lower-bound Pareto dominance: correctness,1,1,1,True,True,False
helpsteer2:02680,train,-1,"lower-bound Pareto dominance: coherence, correctness",-1,0,0,True,True,False
helpsteer2:02681,train,-1,lower-bound Pareto dominance: correctness,-2,-1,-1,True,True,False
helpsteer2:02682,train,-1,lower-bound Pareto dominance: correctness,-4,-1,-3,True,True,False
helpsteer2:02683,train,-1,lower-bound Pareto dominance: correctness,-1,-1,-1,True,True,False
helpsteer2:02684,train,0,equivalent within epsilon,0,0,0,False,False,False
helpsteer2:02685,train,-1,lower-bound Pareto dominance: coherence,0,0,0,False,False,False
helpsteer2:02686,train,1,lower-bound Pareto dominance: correctness,1,1,2,True,True,False
helpsteer2:02687,train,1,lower-bound Pareto dominance: correctness,2,1,2,True,True,False
helpsteer2:02688,train,-1,"lower-bound Pareto dominance: coherence, correctness",-1,-1,-1,True,True,False
helpsteer2:02689,train,-1,"lower-bound Pareto dominance: coherence, correctness",-3,-1,-3,True,True,False
helpsteer2:02690,train,1,lower-bound Pareto dominance: correctness,4,1,3,True,True,False
helpsteer2:02691,train,-1,lower-bound Pareto dominance: coherence,-1,-1,-1,True,False,False
helpsteer2:02692,train,-1,"lower-bound Pareto dominance: coherence, correctness",-2,-1,-2,True,True,False
helpsteer2:02693,train,-1,lower-bound Pareto dominance: correctness,-1,-1,-1,True,False,False
helpsteer2:02694,train,-1,"lower-bound Pareto dominance: coherence, correctness",-1,0,0,True,True,False
helpsteer2:02695,train,0,equivalent within epsilon,0,1,1,False,False,False
helpsteer2:02696,train,1,"lower-bound Pareto dominance: coherence, correctness",4,1,3,True,True,False
helpsteer2:02697,train,1,"lower-bound Pareto dominance: coherence, correctness",2,1,2,True,True,False
helpsteer2:02698,train,-1,"lower-bound Pareto dominance: coherence, correctness",-4,-1,-3,True,True,False
helpsteer2:02699,train,-1,lower-bound Pareto dominance: correctness,-1,-1,-1,True,True,False
helpsteer2:02700,train,-1,lower-bound Pareto dominance: correctness,0,0,0,False,False,False
helpsteer2:02701,train,-1,lower-bound Pareto dominance: correctness,-3,1,1,True,True,False
helpsteer2:02702,train,-1,"lower-bound Pareto dominance: coherence, correctness",-4,-1,-3,True,True,False
helpsteer2:02703,train,-1,lower-bound Pareto dominance: correctness,-1,-1,-1,True,True,False
helpsteer2:02704,train,1,lower-bound Pareto dominance: correctness,3,1,3,True,True,False
helpsteer2:02705,train,-1,"lower-bound Pareto dominance: coherence, correctness",-2,-1,-2,True,True,False
helpsteer2:02706,train,-1,"lower-bound Pareto dominance: coherence, correctness",-1,-1,-2,True,True,False
helpsteer2:02707,train,1,"lower-bound Pareto dominance: coherence, correctness",2,1,2,True,True,False
helpsteer2:02708,train,1,lower-bound Pareto dominance: correctness,2,1,2,True,True,False
helpsteer2:02709,train,1,lower-bound Pareto dominance: correctness,1,1,2,True,True,False
helpsteer2:02710,train,1,lower-bound Pareto dominance: correctness,2,1,2,True,True,False
helpsteer2:02711,train,-1,"lower-bound Pareto dominance: coherence, correctness",-4,-1,-3,True,True,False
helpsteer2:02712,train,1,"lower-bound Pareto dominance: coherence, correctness",2,1,2,True,True,False
helpsteer2:02713,train,0,equivalent within epsilon,0,0,0,False,False,False
helpsteer2:02714,train,0,equivalent within epsilon,0,-1,-1,False,False,False
helpsteer2:02715,train,0,cross-objective tradeoff,1,1,1,False,True,False
helpsteer2:02716,train,0,equivalent within epsilon,-1,0,0,False,True,False
helpsteer2:02717,train,1,lower-bound Pareto dominance: correctness,1,0,0,True,True,False
helpsteer2:02718,train,1,"lower-bound Pareto dominance: coherence, correctness",1,1,2,True,True,False
helpsteer2:02719,train,1,"lower-bound Pareto dominance: coherence, correctness",3,1,2,True,True,False
helpsteer2:02720,train,-1,"lower-bound Pareto dominance: coherence, correctness",-4,-1,-3,True,True,False
helpsteer2:02721,train,-1,"lower-bound Pareto dominance: coherence, correctness",-2,-1,-2,True,True,False
helpsteer2:02722,train,0,equivalent within epsilon,2,1,2,False,True,False
helpsteer2:02723,train,1,"lower-bound Pareto dominance: coherence, correctness",3,1,2,True,True,False
helpsteer2:02724,train,1,"lower-bound Pareto dominance: coherence, correctness",2,1,2,True,True,False
helpsteer2:02725,train,-1,lower-bound Pareto dominance: correctness,-3,-1,-2,True,True,False
helpsteer2:02726,train,-1,"lower-bound Pareto dominance: coherence, correctness",-1,-1,-2,True,True,False
helpsteer2:02727,train,-1,lower-bound Pareto dominance: correctness,-4,-1,-3,True,True,False
helpsteer2:02728,train,-1,lower-bound Pareto dominance: correctness,-1,-1,-1,True,True,False
helpsteer2:02729,train,0,equivalent within epsilon,0,1,1,False,False,False
helpsteer2:02730,train,0,equivalent within epsilon,0,1,1,False,False,False
helpsteer2:02731,train,1,"lower-bound Pareto dominance: coherence, correctness",0,1,2,False,False,False
helpsteer2:02732,train,0,equivalent within epsilon,0,1,1,False,False,False
helpsteer2:02733,train,-1,"lower-bound Pareto dominance: coherence, correctness",-2,-1,-1,True,True,False
helpsteer2:02734,train,-1,lower-bound Pareto dominance: correctness,-3,-1,-3,True,True,False
helpsteer2:02735,train,-1,"lower-bound Pareto dominance: coherence, correctness",-4,-1,-3,True,True,False
helpsteer2:02736,train,1,lower-bound Pareto dominance: correctness,2,1,2,True,True,False
helpsteer2:02737,train,-1,lower-bound Pareto dominance: correctness,-1,-1,-1,True,True,False
helpsteer2:02738,train,1,lower-bound Pareto dominance: correctness,1,1,1,True,True,False
helpsteer2:02739,train,1,"lower-bound Pareto dominance: coherence, correctness",3,1,3,True,True,False
helpsteer2:02740,train,-1,"lower-bound Pareto dominance: coherence, correctness",-3,-1,-3,True,True,False
helpsteer2:02741,train,0,equivalent within epsilon,0,0,0,False,False,False
helpsteer2:02742,train,1,lower-bound Pareto dominance: correctness,1,1,2,True,True,False
helpsteer2:02743,train,1,lower-bound Pareto dominance: correctness,1,1,1,True,True,False
helpsteer2:02744,train,1,"lower-bound Pareto dominance: coherence, correctness",0,1,1,False,False,False
helpsteer2:02745,train,1,lower-bound Pareto dominance: coherence,0,0,0,False,False,False
helpsteer2:02746,train,1,lower-bound Pareto dominance: correctness,4,1,3,True,True,False
helpsteer2:02747,train,1,"lower-bound Pareto dominance: coherence, correctness",3,1,3,True,True,False
helpsteer2:02748,train,1,"lower-bound Pareto dominance: coherence, correctness",2,1,1,True,True,False
helpsteer2:02749,train,0,equivalent within epsilon,0,-1,-1,False,False,False
helpsteer2:02750,train,-1,lower-bound Pareto dominance: correctness,-1,-1,-1,True,True,False
helpsteer2:02751,train,-1,"lower-bound Pareto dominance: coherence, correctness",-2,-1,-2,True,True,False
helpsteer2:02752,train,-1,"lower-bound Pareto dominance: coherence, correctness",-4,-1,-3,True,True,False
helpsteer2:02753,train,-1,lower-bound Pareto dominance: coherence,0,-1,-1,False,False,False
helpsteer2:02754,train,1,"lower-bound Pareto dominance: coherence, correctness",1,1,1,True,True,False
helpsteer2:02755,train,-1,"lower-bound Pareto dominance: coherence, correctness",-3,-1,-2,True,True,False
helpsteer2:02756,train,1,"lower-bound Pareto dominance: coherence, correctness",3,1,2,True,True,False
helpsteer2:02757,train,0,equivalent within epsilon,0,1,1,False,False,False
helpsteer2:02758,train,0,cross-objective tradeoff,-2,-1,-2,False,True,False
helpsteer2:02759,train,-1,"lower-bound Pareto dominance: coherence, correctness",-4,-1,-3,True,True,False
helpsteer2:02760,train,1,lower-bound Pareto dominance: correctness,3,1,2,True,True,False
helpsteer2:02761,train,-1,"lower-bound Pareto dominance: coherence, correctness",-4,-1,-3,True,True,False
helpsteer2:02762,train,-1,lower-bound Pareto dominance: correctness,-2,-1,-2,True,True,False
helpsteer2:02763,train,1,lower-bound Pareto dominance: correctness,1,0,0,True,True,False
helpsteer2:02764,train,-1,"lower-bound Pareto dominance: coherence, correctness",-4,-1,-3,True,True,False
helpsteer2:02765,train,0,equivalent within epsilon,0,0,0,False,False,False
helpsteer2:02766,train,1,lower-bound Pareto dominance: correctness,0,1,1,False,False,False
helpsteer2:02767,train,-1,"lower-bound Pareto dominance: coherence, correctness",-1,-1,-1,True,True,False
helpsteer2:02768,train,-1,lower-bound Pareto dominance: correctness,-4,-1,-3,True,True,False
helpsteer2:02769,train,-1,"lower-bound Pareto dominance: coherence, correctness",-2,-1,-2,True,True,False
helpsteer2:02770,train,1,lower-bound Pareto dominance: coherence,1,1,1,True,True,False
helpsteer2:02771,train,0,equivalent within epsilon,0,0,0,False,False,False
helpsteer2:02772,train,-1,lower-bound Pareto dominance: correctness,-1,-1,-2,True,True,False
helpsteer2:02773,train,-1,lower-bound Pareto dominance: correctness,0,0,0,False,False,False
helpsteer2:02774,train,0,equivalent within epsilon,0,0,0,False,False,False
helpsteer2:02775,train,-1,"lower-bound Pareto dominance: coherence, correctness",-2,-1,-2,True,True,False
helpsteer2:02776,train,-1,lower-bound Pareto dominance: correctness,-2,-1,-2,True,True,False
helpsteer2:02777,train,0,equivalent within epsilon,-1,-1,-1,False,True,False
helpsteer2:02778,train,1,lower-bound Pareto dominance: correctness,1,1,1,True,True,False
helpsteer2:02779,train,1,"lower-bound Pareto dominance: coherence, correctness",2,1,2,True,True,False
helpsteer2:02780,train,-1,lower-bound Pareto dominance: correctness,-1,-1,-1,True,True,False
helpsteer2:02781,train,-1,lower-bound Pareto dominance: coherence,1,-1,-1,True,True,False
helpsteer2:02782,train,1,"lower-bound Pareto dominance: coherence, correctness",2,1,2,True,True,False
helpsteer2:02783,train,0,equivalent within epsilon,0,-1,-2,False,False,False
helpsteer2:02784,train,0,equivalent within epsilon,0,0,0,False,False,False
helpsteer2:02785,train,-1,"lower-bound Pareto dominance: coherence, correctness",-1,-1,-2,True,True,False
helpsteer2:02786,train,-1,lower-bound Pareto dominance: correctness,-2,-1,-3,True,True,False
helpsteer2:02787,train,0,equivalent within epsilon,0,-1,-1,False,False,False
helpsteer2:02788,train,-1,lower-bound Pareto dominance: correctness,-1,1,1,True,True,False
helpsteer2:02789,train,-1,"lower-bound Pareto dominance: coherence, correctness",-2,-1,-1,True,True,False
helpsteer2:02790,train,-1,lower-bound Pareto dominance: coherence,0,-1,-1,False,False,False
helpsteer2:02791,train,-1,lower-bound Pareto dominance: correctness,-1,-1,-1,True,True,False
helpsteer2:02792,train,0,equivalent within epsilon,0,0,0,False,False,False
helpsteer2:02793,train,-1,lower-bound Pareto dominance: coherence,0,-1,-1,False,False,False
helpsteer2:02794,train,0,equivalent within epsilon,1,1,1,False,True,False
helpsteer2:02795,train,0,equivalent within epsilon,0,1,1,False,False,False
helpsteer2:02796,train,-1,lower-bound Pareto dominance: correctness,-4,-1,-3,True,True,False
helpsteer2:02797,train,0,equivalent within epsilon,0,1,1,False,False,False
helpsteer2:02798,train,-1,lower-bound Pareto dominance: correctness,-2,-1,-2,True,True,False
helpsteer2:02799,train,-1,lower-bound Pareto dominance: coherence,0,-1,-1,False,False,False
helpsteer2:02800,train,-1,"lower-bound Pareto dominance: coherence, correctness",-2,-1,-3,True,True,False
helpsteer2:02801,train,0,equivalent within epsilon,0,1,2,False,False,False
helpsteer2:02802,train,-1,"lower-bound Pareto dominance: coherence, correctness",0,1,1,False,False,False
helpsteer2:02803,train,1,lower-bound Pareto dominance: correctness,1,1,1,True,False,False
helpsteer2:02804,train,1,lower-bound Pareto dominance: correctness,1,1,1,True,True,False
helpsteer2:02805,train,1,"lower-bound Pareto dominance: coherence, correctness",2,1,1,True,True,False
helpsteer2:02806,train,1,"lower-bound Pareto dominance: coherence, correctness",1,1,1,True,False,False
helpsteer2:02807,train,1,"lower-bound Pareto dominance: coherence, correctness",1,1,1,True,True,False
helpsteer2:02808,train,1,lower-bound Pareto dominance: correctness,1,1,1,True,True,False
helpsteer2:02809,train,-1,"lower-bound Pareto dominance: coherence, correctness",-4,-1,-1,True,True,False
helpsteer2:02810,train,1,"lower-bound Pareto dominance: coherence, correctness",1,1,1,True,True,False
helpsteer2:02811,train,-1,"lower-bound Pareto dominance: coherence, correctness",-2,-1,-2,True,True,False
helpsteer2:02812,train,-1,lower-bound Pareto dominance: coherence,1,1,1,True,True,False
helpsteer2:02813,train,-1,"lower-bound Pareto dominance: coherence, correctness",-2,-1,-1,True,True,False
helpsteer2:02814,train,0,equivalent within epsilon,0,1,2,False,False,False
helpsteer2:02815,train,0,equivalent within epsilon,0,-1,-1,False,False,False
helpsteer2:02816,train,-1,"lower-bound Pareto dominance: coherence, correctness",-1,-1,-1,True,True,False
helpsteer2:02817,train,-1,lower-bound Pareto dominance: correctness,0,0,0,False,False,False
helpsteer2:02818,train,-1,lower-bound Pareto dominance: correctness,-1,0,0,True,True,False
helpsteer2:02819,train,1,lower-bound Pareto dominance: correctness,3,1,3,True,True,False
helpsteer2:02820,train,0,equivalent within epsilon,0,-1,-1,False,False,False
helpsteer2:02821,train,0,equivalent within epsilon,0,0,0,False,False,False
helpsteer2:02822,train,-1,lower-bound Pareto dominance: correctness,-2,-1,-2,True,True,False
helpsteer2:02823,train,1,"lower-bound Pareto dominance: coherence, correctness",2,1,2,True,True,False
helpsteer2:02824,train,-1,lower-bound Pareto dominance: correctness,-2,-1,-2,True,True,False
helpsteer2:02825,train,-1,lower-bound Pareto dominance: correctness,-3,-1,-3,True,True,False
helpsteer2:02826,train,0,equivalent within epsilon,0,0,0,False,False,False
helpsteer2:02827,train,1,lower-bound Pareto dominance: correctness,4,1,3,True,True,False
helpsteer2:02828,train,1,"lower-bound Pareto dominance: coherence, correctness",4,1,3,True,True,False
helpsteer2:02829,train,1,lower-bound Pareto dominance: correctness,4,1,3,True,True,False
helpsteer2:02830,train,0,equivalent within epsilon,0,1,2,False,False,False
helpsteer2:02831,train,1,"lower-bound Pareto dominance: coherence, correctness",1,0,0,True,True,False
helpsteer2:02832,train,1,lower-bound Pareto dominance: correctness,4,1,2,True,True,False
helpsteer2:02833,train,0,equivalent within epsilon,0,0,0,False,False,False
helpsteer2:02834,train,1,"lower-bound Pareto dominance: coherence, correctness",2,1,2,True,True,False
helpsteer2:02835,train,0,equivalent within epsilon,0,1,1,False,False,False
helpsteer2:02836,train,1,"lower-bound Pareto dominance: coherence, correctness",3,1,3,True,True,False
helpsteer2:02837,train,1,"lower-bound Pareto dominance: coherence, correctness",3,1,2,True,True,False
helpsteer2:02838,train,-1,lower-bound Pareto dominance: correctness,-1,-1,-1,True,True,False
helpsteer2:02839,train,1,lower-bound Pareto dominance: coherence,0,0,0,False,False,False
helpsteer2:02840,train,0,cross-objective tradeoff,1,1,2,False,True,False
helpsteer2:02841,train,0,equivalent within epsilon,0,1,1,False,False,False
helpsteer2:02842,train,0,cross-objective tradeoff,3,1,2,False,True,False
helpsteer2:02843,train,1,"lower-bound Pareto dominance: coherence, correctness",3,1,2,True,True,False
helpsteer2:02844,train,1,lower-bound Pareto dominance: correctness,1,1,1,True,True,False
helpsteer2:02845,train,1,lower-bound Pareto dominance: correctness,1,0,0,True,True,False
helpsteer2:02846,train,1,lower-bound Pareto dominance: correctness,1,0,0,True,True,False
helpsteer2:02847,train,1,lower-bound Pareto dominance: correctness,1,1,1,True,True,False
helpsteer2:02848,train,1,lower-bound Pareto dominance: correctness,2,1,2,True,True,False
helpsteer2:02849,train,1,"lower-bound Pareto dominance: coherence, correctness",3,1,3,True,True,False
helpsteer2:02850,train,1,lower-bound Pareto dominance: correctness,4,1,3,True,True,False
helpsteer2:02851,train,1,"lower-bound Pareto dominance: coherence, correctness",1,1,1,True,True,False
helpsteer2:02852,train,1,lower-bound Pareto dominance: coherence,1,1,1,True,True,False
helpsteer2:02853,train,0,cross-objective tradeoff,2,1,2,False,True,False
helpsteer2:02854,train,-1,"lower-bound Pareto dominance: coherence, correctness",-4,-1,-3,True,True,False
helpsteer2:02855,train,-1,"lower-bound Pareto dominance: coherence, correctness",-2,-1,-2,True,True,False
helpsteer2:02856,train,-1,"lower-bound Pareto dominance: coherence, correctness",-1,-1,-2,True,True,False
helpsteer2:02857,train,0,cross-objective tradeoff,1,0,0,False,True,False
helpsteer2:02858,train,-1,lower-bound Pareto dominance: correctness,-3,-1,-3,True,True,False
helpsteer2:02859,train,1,lower-bound Pareto dominance: correctness,0,1,1,False,False,False
helpsteer2:02860,train,1,"lower-bound Pareto dominance: coherence, correctness",3,1,2,True,True,False
helpsteer2:02861,train,-1,"lower-bound Pareto dominance: coherence, correctness",-1,-1,-2,True,True,False
helpsteer2:02862,train,0,equivalent within epsilon,1,1,1,False,True,False
helpsteer2:02863,train,-1,lower-bound Pareto dominance: correctness,-2,-1,-2,True,True,False
helpsteer2:02864,train,-1,lower-bound Pareto dominance: correctness,-1,-1,-1,True,True,False
helpsteer2:02865,train,1,lower-bound Pareto dominance: correctness,4,1,3,True,True,False
helpsteer2:02866,train,-1,"lower-bound Pareto dominance: coherence, correctness",-1,-1,-3,True,True,False
helpsteer2:02867,train,1,lower-bound Pareto dominance: correctness,1,1,1,True,True,False
helpsteer2:02868,train,-1,lower-bound Pareto dominance: coherence,0,-1,-1,False,False,False
helpsteer2:02869,train,1,"lower-bound Pareto dominance: coherence, correctness",4,1,3,True,True,False
helpsteer2:02870,train,-1,"lower-bound Pareto dominance: coherence, correctness",-2,-1,-2,True,True,False
helpsteer2:02871,train,0,equivalent within epsilon,0,-1,-1,False,False,False
helpsteer2:02872,train,0,cross-objective tradeoff,3,1,3,False,True,False
helpsteer2:02873,train,1,"lower-bound Pareto dominance: coherence, correctness",3,1,2,True,True,False
helpsteer2:02874,train,1,lower-bound Pareto dominance: correctness,1,1,1,True,True,False
helpsteer2:02875,train,-1,"lower-bound Pareto dominance: coherence, correctness",-4,-1,-3,True,True,False
helpsteer2:02876,train,0,equivalent within epsilon,0,-1,-1,False,False,False
helpsteer2:02877,train,0,cross-objective tradeoff,0,1,1,False,False,False
helpsteer2:02878,train,0,equivalent within epsilon,0,0,0,False,False,False
helpsteer2:02879,train,1,lower-bound Pareto dominance: correctness,1,1,1,True,True,False
helpsteer2:02880,train,-1,"lower-bound Pareto dominance: coherence, correctness",-3,-1,-3,True,True,False
helpsteer2:02881,train,0,equivalent within epsilon,0,1,1,False,False,False
helpsteer2:02882,train,-1,lower-bound Pareto dominance: coherence,-1,-1,-2,True,False,False
helpsteer2:02883,train,-1,"lower-bound Pareto dominance: coherence, correctness",-1,-1,-2,True,False,False
helpsteer2:02884,train,-1,"lower-bound Pareto dominance: coherence, correctness",-4,-1,-3,True,True,False
helpsteer2:02885,train,0,equivalent within epsilon,0,0,0,False,False,False
helpsteer2:02886,train,1,lower-bound Pareto dominance: correctness,1,0,0,True,True,False
helpsteer2:02887,train,-1,"lower-bound Pareto dominance: coherence, correctness",-2,-1,-2,True,True,False
helpsteer2:02888,train,-1,lower-bound Pareto dominance: correctness,-1,-1,-2,True,True,False
helpsteer2:02889,train,-1,lower-bound Pareto dominance: correctness,-1,-1,-1,True,True,False
helpsteer2:02890,train,0,equivalent within epsilon,0,-1,-1,False,False,False
helpsteer2:02891,train,-1,"lower-bound Pareto dominance: coherence, correctness",-2,-1,-2,True,True,False
helpsteer2:02892,train,-1,"lower-bound Pareto dominance: coherence, correctness",-4,-1,-3,True,True,False
helpsteer2:02893,train,0,equivalent within epsilon,0,1,1,False,False,False
helpsteer2:02894,train,0,equivalent within epsilon,1,0,0,False,False,False
helpsteer2:02895,train,-1,lower-bound Pareto dominance: correctness,-1,-1,-1,True,False,False
helpsteer2:02896,train,1,"lower-bound Pareto dominance: coherence, correctness",2,1,2,True,True,False
helpsteer2:02897,train,-1,lower-bound Pareto dominance: coherence,-1,-1,-1,True,True,False
helpsteer2:02898,train,-1,lower-bound Pareto dominance: correctness,-1,0,0,True,True,False
helpsteer2:02899,train,-1,"lower-bound Pareto dominance: coherence, correctness",-3,-1,-2,True,True,False
helpsteer2:02900,train,1,"lower-bound Pareto dominance: coherence, correctness",2,1,1,True,True,False
helpsteer2:02901,train,-1,lower-bound Pareto dominance: correctness,-1,-1,-1,True,False,False
helpsteer2:02902,train,1,lower-bound Pareto dominance: correctness,2,1,2,True,True,False
helpsteer2:02903,train,1,"lower-bound Pareto dominance: coherence, correctness",3,1,3,True,True,False
helpsteer2:02904,train,0,cross-objective tradeoff,0,1,1,False,False,False
helpsteer2:02905,train,1,"lower-bound Pareto dominance: coherence, correctness",1,1,1,True,False,False
helpsteer2:02906,train,-1,lower-bound Pareto dominance: correctness,-1,-1,-2,True,True,False
helpsteer2:02907,train,0,cross-objective tradeoff,1,1,1,False,True,False
helpsteer2:02908,train,1,"lower-bound Pareto dominance: coherence, correctness",2,1,2,True,True,False
helpsteer2:02909,train,0,equivalent within epsilon,1,1,1,False,False,False
helpsteer2:02910,train,-1,"lower-bound Pareto dominance: coherence, correctness",-1,-1,-1,True,True,False
helpsteer2:02911,train,1,lower-bound Pareto dominance: correctness,2,1,1,True,True,False
helpsteer2:02912,train,-1,"lower-bound Pareto dominance: coherence, correctness",-1,-1,-1,True,True,False
helpsteer2:02913,train,0,equivalent within epsilon,0,0,0,False,False,False
helpsteer2:02914,train,0,equivalent within epsilon,0,0,0,False,False,False
helpsteer2:02915,train,0,equivalent within epsilon,0,0,0,False,False,False
helpsteer2:02916,train,-1,lower-bound Pareto dominance: correctness,-3,-1,-2,True,True,False
helpsteer2:02917,train,0,equivalent within epsilon,0,0,0,False,False,False
helpsteer2:02918,train,0,equivalent within epsilon,0,0,0,False,False,False
helpsteer2:02919,train,-1,lower-bound Pareto dominance: correctness,-2,-1,-2,True,True,False
helpsteer2:02920,train,1,"lower-bound Pareto dominance: coherence, correctness",3,1,2,True,True,False
helpsteer2:02921,train,-1,"lower-bound Pareto dominance: coherence, correctness",-1,-1,-1,True,False,False
helpsteer2:02922,train,1,lower-bound Pareto dominance: correctness,1,1,1,True,True,False
helpsteer2:02923,train,0,equivalent within epsilon,0,0,0,False,False,False
helpsteer2:02924,train,0,equivalent within epsilon,0,1,1,False,False,False
helpsteer2:02925,train,0,equivalent within epsilon,0,0,0,False,False,False
helpsteer2:02926,train,0,equivalent within epsilon,0,0,0,False,False,False
helpsteer2:02927,train,0,equivalent within epsilon,0,0,0,False,False,False
helpsteer2:02928,train,0,equivalent within epsilon,0,0,0,False,False,False
helpsteer2:02929,train,1,lower-bound Pareto dominance: coherence,1,1,1,True,False,False
helpsteer2:02930,train,1,lower-bound Pareto dominance: correctness,1,1,1,True,True,False
helpsteer2:02931,train,-1,"lower-bound Pareto dominance: coherence, correctness",-1,-1,-1,True,False,False
helpsteer2:02932,train,1,lower-bound Pareto dominance: correctness,1,1,2,True,True,False
helpsteer2:02933,train,0,equivalent within epsilon,0,-1,-2,False,False,False
helpsteer2:02934,train,1,lower-bound Pareto dominance: correctness,3,1,3,True,True,False
helpsteer2:02935,train,-1,"lower-bound Pareto dominance: coherence, correctness",-2,-1,-2,True,True,False
helpsteer2:02936,train,1,"lower-bound Pareto dominance: coherence, correctness",1,1,2,True,True,False
helpsteer2:02937,train,1,"lower-bound Pareto dominance: coherence, correctness",2,1,2,True,True,False
helpsteer2:02938,train,1,"lower-bound Pareto dominance: coherence, correctness",2,1,2,True,True,False
helpsteer2:02939,train,-1,lower-bound Pareto dominance: coherence,-1,-1,-1,True,True,False
helpsteer2:02940,train,1,"lower-bound Pareto dominance: coherence, correctness",1,1,1,True,True,False
helpsteer2:02941,train,0,equivalent within epsilon,0,0,0,False,False,False
helpsteer2:02942,train,1,lower-bound Pareto dominance: correctness,1,1,1,True,False,False
helpsteer2:02943,train,1,"lower-bound Pareto dominance: coherence, correctness",0,1,1,False,False,False
helpsteer2:02944,train,0,equivalent within epsilon,0,0,0,False,False,False
helpsteer2:02945,train,1,"lower-bound Pareto dominance: coherence, correctness",2,1,1,True,True,False
helpsteer2:02946,train,-1,lower-bound Pareto dominance: correctness,-2,-1,-2,True,True,False
helpsteer2:02947,train,1,lower-bound Pareto dominance: coherence,1,1,1,True,True,False
helpsteer2:02948,train,0,equivalent within epsilon,0,-1,-1,False,False,False
helpsteer2:02949,train,0,equivalent within epsilon,1,1,1,False,True,False
helpsteer2:02950,train,1,lower-bound Pareto dominance: coherence,1,0,0,True,True,False
helpsteer2:02951,train,1,"lower-bound Pareto dominance: coherence, correctness",4,1,3,True,True,False
helpsteer2:02952,train,-1,"lower-bound Pareto dominance: coherence, correctness",-1,-1,-1,True,True,False
helpsteer2:02953,train,1,"lower-bound Pareto dominance: coherence, correctness",1,1,1,True,True,False
helpsteer2:02954,train,-1,lower-bound Pareto dominance: coherence,0,0,0,False,False,False
helpsteer2:02955,train,-1,lower-bound Pareto dominance: correctness,-4,-1,-3,True,True,False
helpsteer2:02956,train,-1,lower-bound Pareto dominance: correctness,-2,-1,-1,True,True,False
helpsteer2:02957,train,0,equivalent within epsilon,0,-1,-2,False,False,False
helpsteer2:02958,train,-1,lower-bound Pareto dominance: correctness,-1,0,0,True,True,False
helpsteer2:02959,train,0,equivalent within epsilon,0,0,0,False,False,False
helpsteer2:02960,train,0,equivalent within epsilon,0,0,0,False,False,False
helpsteer2:02961,train,-1,"lower-bound Pareto dominance: coherence, correctness",-3,-1,-3,True,True,False
helpsteer2:02962,train,1,"lower-bound Pareto dominance: coherence, correctness",2,1,2,True,True,False
helpsteer2:02963,train,0,equivalent within epsilon,1,1,1,False,True,False
helpsteer2:02964,train,1,lower-bound Pareto dominance: correctness,4,1,3,True,True,False
helpsteer2:02965,train,1,lower-bound Pareto dominance: correctness,1,1,1,True,False,False
helpsteer2:02966,train,0,equivalent within epsilon,0,0,0,False,False,False
helpsteer2:02967,train,1,lower-bound Pareto dominance: correctness,0,1,1,False,False,False
helpsteer2:02968,train,0,equivalent within epsilon,0,-1,-1,False,False,False
helpsteer2:02969,train,1,"lower-bound Pareto dominance: coherence, correctness",4,1,3,True,True,False
helpsteer2:02970,train,-1,lower-bound Pareto dominance: correctness,-1,-1,-2,True,True,False
helpsteer2:02971,train,-1,lower-bound Pareto dominance: correctness,-3,-1,-2,True,True,False
helpsteer2:02972,train,1,lower-bound Pareto dominance: correctness,3,1,3,True,True,False
helpsteer2:02973,train,1,lower-bound Pareto dominance: correctness,2,1,2,True,True,False
helpsteer2:02974,train,-1,lower-bound Pareto dominance: coherence,-1,0,0,True,False,False
helpsteer2:02975,train,1,lower-bound Pareto dominance: correctness,1,0,0,True,True,False
helpsteer2:02976,train,1,"lower-bound Pareto dominance: coherence, correctness",2,1,2,True,True,False
helpsteer2:02977,train,-1,"lower-bound Pareto dominance: coherence, correctness",-2,-1,-2,True,True,False
helpsteer2:02978,train,-1,lower-bound Pareto dominance: correctness,-1,-1,-2,True,True,False
helpsteer2:02979,train,0,equivalent within epsilon,0,0,0,False,False,False
helpsteer2:02980,train,0,equivalent within epsilon,0,-1,-1,False,False,False
helpsteer2:02981,train,0,equivalent within epsilon,0,-1,-1,False,False,False
helpsteer2:02982,train,-1,lower-bound Pareto dominance: correctness,-1,0,0,True,True,False
helpsteer2:02983,train,1,"lower-bound Pareto dominance: coherence, correctness",2,1,3,True,True,False
helpsteer2:02984,train,1,lower-bound Pareto dominance: coherence,1,1,1,True,False,False
helpsteer2:02985,train,0,equivalent within epsilon,0,0,0,False,False,False
helpsteer2:02986,train,-1,lower-bound Pareto dominance: correctness,-1,-1,-1,True,True,False
helpsteer2:02987,train,1,"lower-bound Pareto dominance: coherence, correctness",2,1,2,True,True,False
helpsteer2:02988,train,0,equivalent within epsilon,0,0,0,False,False,False
helpsteer2:02989,train,-1,lower-bound Pareto dominance: correctness,-1,-1,-1,True,False,False
helpsteer2:02990,train,-1,"lower-bound Pareto dominance: coherence, correctness",-1,0,0,True,False,False
helpsteer2:02991,train,-1,lower-bound Pareto dominance: correctness,-2,-1,-1,True,True,False
helpsteer2:02992,train,0,equivalent within epsilon,0,0,0,False,False,False
helpsteer2:02993,train,-1,"lower-bound Pareto dominance: coherence, correctness",-4,-1,-3,True,True,False
helpsteer2:02994,train,-1,lower-bound Pareto dominance: correctness,-1,-1,-1,True,False,False
helpsteer2:02995,train,1,lower-bound Pareto dominance: correctness,1,1,1,True,True,False
helpsteer2:02996,train,1,"lower-bound Pareto dominance: coherence, correctness",2,1,2,True,True,False
helpsteer2:02997,train,-1,"lower-bound Pareto dominance: coherence, correctness",-4,-1,-3,True,True,False
helpsteer2:02998,train,1,lower-bound Pareto dominance: coherence,1,1,1,True,True,False
helpsteer2:02999,train,1,lower-bound Pareto dominance: correctness,2,1,2,True,True,False
helpsteer2:03000,train,1,lower-bound Pareto dominance: correctness,3,1,3,True,True,False
helpsteer2:03001,train,1,"lower-bound Pareto dominance: coherence, correctness",2,1,2,True,True,False
helpsteer2:03002,train,0,cross-objective tradeoff,0,0,0,False,False,False
helpsteer2:03003,train,-1,lower-bound Pareto dominance: correctness,-2,-1,-2,True,True,False
helpsteer2:03004,train,1,"lower-bound Pareto dominance: coherence, correctness",1,1,1,True,True,False
helpsteer2:03005,train,0,equivalent within epsilon,0,0,0,False,False,False
helpsteer2:03006,train,1,"lower-bound Pareto dominance: coherence, correctness",1,1,1,True,True,False
helpsteer2:03007,train,0,equivalent within epsilon,0,0,0,False,False,False
helpsteer2:03008,train,-1,lower-bound Pareto dominance: correctness,-1,0,0,True,True,False
helpsteer2:03009,train,1,"lower-bound Pareto dominance: coherence, correctness",3,1,3,True,True,False
helpsteer2:03010,train,1,"lower-bound Pareto dominance: coherence, correctness",1,1,1,True,True,False
helpsteer2:03011,train,0,equivalent within epsilon,0,0,0,False,False,False
helpsteer2:03012,train,1,lower-bound Pareto dominance: correctness,1,1,1,True,True,False
helpsteer2:03013,train,0,equivalent within epsilon,1,0,0,False,True,False
helpsteer2:03014,train,0,equivalent within epsilon,0,0,0,False,False,False
helpsteer2:03015,train,0,equivalent within epsilon,0,0,0,False,False,False
helpsteer2:03016,train,0,equivalent within epsilon,0,1,1,False,False,False
helpsteer2:03017,train,-1,lower-bound Pareto dominance: correctness,-2,-1,-2,True,True,False
helpsteer2:03018,train,0,equivalent within epsilon,0,0,0,False,False,False
helpsteer2:03019,train,1,"lower-bound Pareto dominance: coherence, correctness",2,1,2,True,True,False
helpsteer2:03020,train,0,equivalent within epsilon,0,1,1,False,False,False
helpsteer2:03021,train,1,"lower-bound Pareto dominance: coherence, correctness",1,1,1,True,False,False
helpsteer2:03022,train,1,"lower-bound Pareto dominance: coherence, correctness",3,1,2,True,True,False
helpsteer2:03023,train,1,lower-bound Pareto dominance: correctness,2,1,3,True,True,False
helpsteer2:03024,train,-1,"lower-bound Pareto dominance: coherence, correctness",-1,-1,-1,True,True,False
helpsteer2:03025,train,1,"lower-bound Pareto dominance: coherence, correctness",1,0,0,True,True,False
helpsteer2:03026,train,-1,"lower-bound Pareto dominance: coherence, correctness",-3,-1,-3,True,True,False
helpsteer2:03027,train,0,equivalent within epsilon,-1,0,0,False,True,False
helpsteer2:03028,train,1,lower-bound Pareto dominance: coherence,0,1,1,False,False,False
helpsteer2:03029,train,-1,lower-bound Pareto dominance: correctness,-4,-1,-3,True,True,False
helpsteer2:03030,train,1,lower-bound Pareto dominance: correctness,2,1,2,True,True,False
helpsteer2:03031,train,-1,lower-bound Pareto dominance: correctness,-1,-1,-2,True,False,False
helpsteer2:03032,train,0,equivalent within epsilon,1,1,1,False,True,False
helpsteer2:03033,train,-1,lower-bound Pareto dominance: correctness,-1,0,0,True,True,False
helpsteer2:03034,train,-1,lower-bound Pareto dominance: coherence,-1,0,0,True,True,False
helpsteer2:03035,train,-1,lower-bound Pareto dominance: correctness,-1,-1,-1,True,False,False
helpsteer2:03036,train,-1,lower-bound Pareto dominance: correctness,-2,-1,-2,True,True,False
helpsteer2:03037,train,1,lower-bound Pareto dominance: correctness,1,1,1,True,True,False
helpsteer2:03038,train,-1,lower-bound Pareto dominance: coherence,0,-1,-1,False,False,False
helpsteer2:03039,train,1,lower-bound Pareto dominance: correctness,2,1,2,True,True,False
helpsteer2:03040,train,0,equivalent within epsilon,0,-1,-1,False,False,False
helpsteer2:03041,train,-1,"lower-bound Pareto dominance: coherence, correctness",-4,-1,-3,True,True,False
helpsteer2:03042,train,0,equivalent within epsilon,1,0,0,False,True,False
helpsteer2:03043,train,0,equivalent within epsilon,0,-1,-1,False,False,False
helpsteer2:03044,train,0,equivalent within epsilon,0,0,0,False,False,False
helpsteer2:03045,train,1,"lower-bound Pareto dominance: coherence, correctness",2,1,3,True,True,False
helpsteer2:03046,train,0,equivalent within epsilon,0,-1,-1,False,False,False
helpsteer2:03047,train,1,"lower-bound Pareto dominance: coherence, correctness",1,1,1,True,True,False
helpsteer2:03048,train,-1,lower-bound Pareto dominance: coherence,-1,-1,-1,True,True,False
helpsteer2:03049,train,1,"lower-bound Pareto dominance: coherence, correctness",2,1,2,True,True,False
helpsteer2:03050,train,0,equivalent within epsilon,-1,-1,-1,False,True,False
helpsteer2:03051,train,0,equivalent within epsilon,0,0,0,False,False,False
helpsteer2:03052,train,-1,lower-bound Pareto dominance: correctness,-2,-1,-2,True,True,False
helpsteer2:03053,train,0,equivalent within epsilon,0,0,0,False,False,False
helpsteer2:03054,train,-1,lower-bound Pareto dominance: correctness,-2,-1,-1,True,True,False
helpsteer2:03055,train,-1,"lower-bound Pareto dominance: coherence, correctness",-1,-1,-2,True,False,False
helpsteer2:03056,train,1,lower-bound Pareto dominance: coherence,1,0,0,True,True,False
helpsteer2:03057,train,0,equivalent within epsilon,0,1,1,False,False,False
helpsteer2:03058,train,1,"lower-bound Pareto dominance: coherence, correctness",3,1,2,True,True,False
helpsteer2:03059,train,1,lower-bound Pareto dominance: coherence,1,1,2,True,True,False
helpsteer2:03060,train,0,equivalent within epsilon,0,0,0,False,False,False
helpsteer2:03061,train,1,lower-bound Pareto dominance: correctness,1,1,1,True,True,False
helpsteer2:03062,train,0,equivalent within epsilon,-1,0,0,False,True,False
helpsteer2:03063,train,-1,lower-bound Pareto dominance: coherence,-1,-1,-2,True,True,False
helpsteer2:03064,train,0,equivalent within epsilon,0,1,1,False,False,False
helpsteer2:03065,train,1,"lower-bound Pareto dominance: coherence, correctness",2,1,2,True,True,False
helpsteer2:03066,train,1,lower-bound Pareto dominance: correctness,1,1,1,True,False,False
helpsteer2:03067,train,-1,lower-bound Pareto dominance: correctness,-2,-1,-2,True,True,False
helpsteer2:03068,train,0,equivalent within epsilon,0,1,1,False,False,False
helpsteer2:03069,train,-1,lower-bound Pareto dominance: correctness,0,1,2,False,False,False
helpsteer2:03070,train,0,equivalent within epsilon,0,1,1,False,False,False
helpsteer2:03071,train,-1,lower-bound Pareto dominance: correctness,-3,-1,-2,True,True,False
helpsteer2:03072,train,-1,lower-bound Pareto dominance: correctness,-1,-1,-1,True,True,False
helpsteer2:03073,train,-1,lower-bound Pareto dominance: coherence,0,0,0,False,False,False
helpsteer2:03074,train,1,lower-bound Pareto dominance: correctness,1,1,1,True,True,False
helpsteer2:03075,train,0,equivalent within epsilon,1,1,2,False,True,False
helpsteer2:03076,train,1,lower-bound Pareto dominance: correctness,2,1,2,True,True,False
helpsteer2:03077,train,-1,lower-bound Pareto dominance: correctness,-1,0,0,True,True,False
helpsteer2:03078,train,1,lower-bound Pareto dominance: correctness,4,1,3,True,True,False
helpsteer2:03079,train,-1,lower-bound Pareto dominance: coherence,0,-1,-1,False,False,False
helpsteer2:03080,train,-1,"lower-bound Pareto dominance: coherence, correctness",-2,-1,-2,True,True,False
helpsteer2:03081,train,-1,lower-bound Pareto dominance: correctness,-1,-1,-2,True,True,False
helpsteer2:03082,train,1,lower-bound Pareto dominance: correctness,1,1,1,True,True,False
helpsteer2:03083,train,1,"lower-bound Pareto dominance: coherence, correctness",1,1,2,True,True,False
helpsteer2:03084,train,1,"lower-bound Pareto dominance: coherence, correctness",4,1,3,True,True,False
helpsteer2:03085,train,0,equivalent within epsilon,0,1,1,False,False,False
helpsteer2:03086,train,-1,lower-bound Pareto dominance: correctness,-1,0,0,True,True,False
helpsteer2:03087,train,-1,lower-bound Pareto dominance: correctness,-1,0,0,True,False,False
helpsteer2:03088,train,1,"lower-bound Pareto dominance: coherence, correctness",0,0,0,False,False,False
helpsteer2:03089,train,0,equivalent within epsilon,0,0,0,False,False,False
helpsteer2:03090,train,0,cross-objective tradeoff,0,0,0,False,False,False
helpsteer2:03091,train,0,equivalent within epsilon,0,-1,-1,False,False,False
helpsteer2:03092,train,-1,lower-bound Pareto dominance: correctness,-1,-1,-1,True,False,False
helpsteer2:03093,train,0,equivalent within epsilon,0,0,0,False,False,False
helpsteer2:03094,train,1,lower-bound Pareto dominance: correctness,1,1,2,True,True,False
helpsteer2:03095,train,-1,"lower-bound Pareto dominance: coherence, correctness",-4,-1,-3,True,True,False
helpsteer2:03096,train,-1,lower-bound Pareto dominance: coherence,0,0,0,False,False,False
helpsteer2:03097,train,0,equivalent within epsilon,0,1,1,False,False,False
helpsteer2:03098,train,-1,lower-bound Pareto dominance: correctness,-1,-1,-1,True,True,False
helpsteer2:03099,train,-1,"lower-bound Pareto dominance: coherence, correctness",-3,-1,-3,True,True,False
helpsteer2:03100,train,0,equivalent within epsilon,0,0,0,False,False,False
helpsteer2:03101,train,0,equivalent within epsilon,0,0,0,False,False,False
helpsteer2:03102,train,-1,lower-bound Pareto dominance: coherence,0,0,0,False,False,False
helpsteer2:03103,train,0,equivalent within epsilon,1,0,0,False,True,False
helpsteer2:03104,train,1,"lower-bound Pareto dominance: coherence, correctness",3,1,3,True,True,False
helpsteer2:03105,train,-1,"lower-bound Pareto dominance: coherence, correctness",-4,-1,-3,True,True,False
helpsteer2:03106,train,-1,"lower-bound Pareto dominance: coherence, correctness",-4,-1,-3,True,True,False
helpsteer2:03107,train,0,equivalent within epsilon,0,0,0,False,False,False
helpsteer2:03108,train,-1,"lower-bound Pareto dominance: coherence, correctness",-3,-1,-3,True,True,False
helpsteer2:03109,train,0,equivalent within epsilon,0,1,1,False,False,False
helpsteer2:03110,train,0,equivalent within epsilon,0,1,1,False,False,False
helpsteer2:03111,train,0,equivalent within epsilon,0,0,0,False,False,False
helpsteer2:03112,train,0,equivalent within epsilon,0,0,0,False,False,False
helpsteer2:03113,train,1,lower-bound Pareto dominance: correctness,1,1,1,True,True,False
helpsteer2:03114,train,-1,lower-bound Pareto dominance: correctness,-3,-1,-3,True,True,False
helpsteer2:03115,train,-1,lower-bound Pareto dominance: correctness,0,-1,-1,False,False,False
helpsteer2:03116,train,1,"lower-bound Pareto dominance: coherence, correctness",2,1,2,True,True,False
helpsteer2:03117,train,1,lower-bound Pareto dominance: correctness,1,1,1,True,True,False
helpsteer2:03118,train,-1,lower-bound Pareto dominance: correctness,-2,-1,-2,True,True,False
helpsteer2:03119,train,-1,lower-bound Pareto dominance: correctness,0,0,0,False,False,False
helpsteer2:03120,train,0,equivalent within epsilon,0,0,0,False,False,False
helpsteer2:03121,train,1,"lower-bound Pareto dominance: coherence, correctness",2,1,1,True,True,False
helpsteer2:03122,train,0,equivalent within epsilon,0,0,0,False,False,False
helpsteer2:03123,train,1,"lower-bound Pareto dominance: coherence, correctness",1,1,2,True,True,False
helpsteer2:03124,train,0,cross-objective tradeoff,2,1,2,False,True,False
helpsteer2:03125,train,1,"lower-bound Pareto dominance: coherence, correctness",1,0,0,True,True,False
helpsteer2:03126,train,-1,"lower-bound Pareto dominance: coherence, correctness",-2,-1,-2,True,True,False
helpsteer2:03127,train,1,"lower-bound Pareto dominance: coherence, correctness",3,1,3,True,True,False
helpsteer2:03128,train,0,equivalent within epsilon,0,0,0,False,False,False
helpsteer2:03129,train,0,equivalent within epsilon,0,0,0,False,False,False
helpsteer2:03130,train,1,"lower-bound Pareto dominance: coherence, correctness",2,1,2,True,True,False
helpsteer2:03131,train,1,lower-bound Pareto dominance: correctness,3,1,1,True,True,False
helpsteer2:03132,train,0,equivalent within epsilon,1,1,1,False,True,False
helpsteer2:03133,train,0,equivalent within epsilon,0,-1,-1,False,False,False
helpsteer2:03134,train,0,equivalent within epsilon,0,0,0,False,False,False
helpsteer2:03135,train,1,lower-bound Pareto dominance: coherence,1,1,1,True,True,False
helpsteer2:03136,train,0,equivalent within epsilon,0,1,1,False,False,False
helpsteer2:03137,train,0,equivalent within epsilon,0,0,0,False,False,False
helpsteer2:03138,train,1,lower-bound Pareto dominance: correctness,1,0,0,True,True,False
helpsteer2:03139,train,-1,lower-bound Pareto dominance: correctness,-1,0,0,True,True,False
helpsteer2:03140,train,-1,lower-bound Pareto dominance: coherence,-1,-1,-1,True,True,False
helpsteer2:03141,train,1,lower-bound Pareto dominance: correctness,1,1,1,True,True,False
helpsteer2:03142,train,0,equivalent within epsilon,0,0,0,False,False,False
helpsteer2:03143,train,1,lower-bound Pareto dominance: coherence,1,0,0,True,True,False
helpsteer2:03144,train,-1,lower-bound Pareto dominance: correctness,-1,0,0,True,True,False
helpsteer2:03145,train,-1,"lower-bound Pareto dominance: coherence, correctness",-1,-1,-1,True,True,False
helpsteer2:03146,train,1,"lower-bound Pareto dominance: coherence, correctness",1,0,0,True,True,False
helpsteer2:03147,train,0,equivalent within epsilon,0,1,1,False,False,False
helpsteer2:03148,train,0,equivalent within epsilon,0,1,1,False,False,False
helpsteer2:03149,train,-1,lower-bound Pareto dominance: correctness,-1,0,0,True,True,False
helpsteer2:03150,train,-1,lower-bound Pareto dominance: correctness,-3,-1,-3,True,True,False
helpsteer2:03151,train,1,lower-bound Pareto dominance: correctness,1,1,1,True,False,False
helpsteer2:03152,train,-1,lower-bound Pareto dominance: correctness,-1,-1,-2,True,True,False
helpsteer2:03153,train,-1,"lower-bound Pareto dominance: coherence, correctness",-1,-1,-2,True,True,False
helpsteer2:03154,train,-1,"lower-bound Pareto dominance: coherence, correctness",-1,-1,-1,True,True,False
helpsteer2:03155,train,0,equivalent within epsilon,0,0,0,False,False,False
helpsteer2:03156,train,-1,"lower-bound Pareto dominance: coherence, correctness",-2,-1,-2,True,True,False
helpsteer2:03157,train,1,"lower-bound Pareto dominance: coherence, correctness",4,1,3,True,True,False
helpsteer2:03158,train,0,equivalent within epsilon,0,0,0,False,False,False
helpsteer2:03159,train,-1,lower-bound Pareto dominance: coherence,-1,0,0,True,True,False
helpsteer2:03160,train,-1,lower-bound Pareto dominance: correctness,-1,-1,-2,True,True,False
helpsteer2:03161,train,-1,"lower-bound Pareto dominance: coherence, correctness",-4,-1,-3,True,True,False
helpsteer2:03162,train,0,equivalent within epsilon,0,0,0,False,False,False
helpsteer2:03163,train,1,lower-bound Pareto dominance: correctness,2,1,2,True,True,False
helpsteer2:03164,train,0,equivalent within epsilon,0,-1,-1,False,False,False
helpsteer2:03165,train,1,lower-bound Pareto dominance: correctness,1,1,1,True,True,False
helpsteer2:03166,train,0,equivalent within epsilon,0,0,0,False,False,False
helpsteer2:03167,train,1,"lower-bound Pareto dominance: coherence, correctness",3,1,3,True,True,False
helpsteer2:03168,train,1,"lower-bound Pareto dominance: coherence, correctness",2,1,2,True,True,False
helpsteer2:03169,train,1,lower-bound Pareto dominance: correctness,1,0,0,True,True,False
helpsteer2:03170,train,1,lower-bound Pareto dominance: correctness,1,1,1,True,False,False
helpsteer2:03171,train,0,equivalent within epsilon,0,1,1,False,False,False
helpsteer2:03172,train,1,lower-bound Pareto dominance: coherence,1,1,1,True,True,False
helpsteer2:03173,train,-1,lower-bound Pareto dominance: correctness,-2,-1,-2,True,True,False
helpsteer2:03174,train,0,equivalent within epsilon,1,1,1,False,True,False
helpsteer2:03175,train,-1,lower-bound Pareto dominance: correctness,-3,-1,-3,True,True,False
helpsteer2:03176,train,-1,"lower-bound Pareto dominance: coherence, correctness",-1,0,0,True,True,False
helpsteer2:03177,train,1,lower-bound Pareto dominance: coherence,1,1,1,True,True,False
helpsteer2:03178,train,1,lower-bound Pareto dominance: correctness,2,0,0,True,True,False
helpsteer2:03179,train,0,equivalent within epsilon,0,-1,-2,False,False,False
helpsteer2:03180,train,0,equivalent within epsilon,0,1,1,False,False,False
helpsteer2:03181,train,1,"lower-bound Pareto dominance: coherence, correctness",1,1,1,True,True,False
helpsteer2:03182,train,1,lower-bound Pareto dominance: coherence,1,1,1,True,False,False
helpsteer2:03183,train,1,"lower-bound Pareto dominance: coherence, correctness",3,1,2,True,True,False
helpsteer2:03184,train,1,"lower-bound Pareto dominance: coherence, correctness",1,1,1,True,False,False
helpsteer2:03185,train,0,equivalent within epsilon,0,1,1,False,False,False
helpsteer2:03186,train,0,equivalent within epsilon,-1,-1,-1,False,True,False
helpsteer2:03187,train,0,equivalent within epsilon,0,0,0,False,False,False
helpsteer2:03188,train,0,cross-objective tradeoff,0,1,1,False,False,False
helpsteer2:03189,train,-1,"lower-bound Pareto dominance: coherence, correctness",-3,-1,-3,True,True,False
helpsteer2:03190,train,1,lower-bound Pareto dominance: correctness,2,1,2,True,True,False
helpsteer2:03191,train,1,"lower-bound Pareto dominance: coherence, correctness",0,1,1,False,False,False
helpsteer2:03192,train,1,lower-bound Pareto dominance: correctness,1,0,0,True,True,False
helpsteer2:03193,train,1,lower-bound Pareto dominance: correctness,0,1,1,False,False,False
helpsteer2:03194,train,0,equivalent within epsilon,1,1,1,False,True,False
helpsteer2:03195,train,-1,"lower-bound Pareto dominance: coherence, correctness",-2,-1,-2,True,True,False
helpsteer2:03196,train,-1,lower-bound Pareto dominance: coherence,-1,0,0,True,True,False
helpsteer2:03197,train,-1,"lower-bound Pareto dominance: coherence, correctness",-2,-1,-2,True,True,False
helpsteer2:03198,train,0,equivalent within epsilon,0,0,0,False,False,False
helpsteer2:03199,train,0,equivalent within epsilon,0,-1,-2,False,False,False
helpsteer2:03200,train,-1,lower-bound Pareto dominance: coherence,-1,-1,-2,True,False,False
helpsteer2:03201,train,-1,"lower-bound Pareto dominance: coherence, correctness",-2,-1,-2,True,True,False
helpsteer2:03202,train,0,equivalent within epsilon,0,0,0,False,False,False
helpsteer2:03203,train,0,cross-objective tradeoff,-1,0,0,False,True,False
helpsteer2:03204,train,0,equivalent within epsilon,1,1,1,False,False,False
helpsteer2:03205,train,0,equivalent within epsilon,0,-1,-1,False,False,False
helpsteer2:03206,train,0,equivalent within epsilon,0,1,2,False,False,False
helpsteer2:03207,train,1,"lower-bound Pareto dominance: coherence, correctness",1,0,0,True,True,False
helpsteer2:03208,train,-1,lower-bound Pareto dominance: correctness,-1,0,0,True,True,False
helpsteer2:03209,train,0,equivalent within epsilon,0,-1,-1,False,False,False
helpsteer2:03210,train,0,equivalent within epsilon,0,1,1,False,False,False
helpsteer2:03211,train,1,lower-bound Pareto dominance: coherence,1,0,0,True,True,False
helpsteer2:03212,train,1,"lower-bound Pareto dominance: coherence, correctness",4,1,3,True,True,False
helpsteer2:03213,train,0,equivalent within epsilon,1,-1,-1,False,False,False
helpsteer2:03214,train,-1,lower-bound Pareto dominance: correctness,-1,-1,-1,True,True,False
helpsteer2:03215,train,1,"lower-bound Pareto dominance: coherence, correctness",4,1,3,True,True,False
helpsteer2:03216,train,-1,"lower-bound Pareto dominance: coherence, correctness",-4,-1,-3,True,True,False
helpsteer2:03217,train,0,equivalent within epsilon,0,1,1,False,False,False
helpsteer2:03218,train,1,"lower-bound Pareto dominance: coherence, correctness",1,0,0,True,True,False
helpsteer2:03219,train,0,equivalent within epsilon,-1,0,0,False,True,False
helpsteer2:03220,train,1,"lower-bound Pareto dominance: coherence, correctness",1,1,1,True,True,False
helpsteer2:03221,train,0,equivalent within epsilon,0,1,1,False,False,False
helpsteer2:03222,train,-1,"lower-bound Pareto dominance: coherence, correctness",-2,-1,-2,True,True,False
helpsteer2:03223,train,0,equivalent within epsilon,0,0,0,False,False,False
helpsteer2:03224,train,0,equivalent within epsilon,0,0,0,False,False,False
helpsteer2:03225,train,1,lower-bound Pareto dominance: correctness,2,1,2,True,True,False
helpsteer2:03226,train,-1,lower-bound Pareto dominance: correctness,0,1,2,False,False,False
helpsteer2:03227,train,-1,"lower-bound Pareto dominance: coherence, correctness",-3,-1,-3,True,True,False
helpsteer2:03228,train,0,equivalent within epsilon,0,0,0,False,False,False
helpsteer2:03229,train,1,"lower-bound Pareto dominance: coherence, correctness",1,1,1,True,True,False
helpsteer2:03230,train,1,"lower-bound Pareto dominance: coherence, correctness",3,1,3,True,True,False
helpsteer2:03231,train,1,lower-bound Pareto dominance: correctness,1,1,1,True,True,False
helpsteer2:03232,train,1,"lower-bound Pareto dominance: coherence, correctness",3,1,2,True,True,False
helpsteer2:03233,train,1,lower-bound Pareto dominance: correctness,1,1,1,True,True,False
helpsteer2:03234,train,0,equivalent within epsilon,0,0,0,False,False,False
helpsteer2:03235,train,-1,lower-bound Pareto dominance: correctness,-1,-1,-1,True,True,False
helpsteer2:03236,train,1,"lower-bound Pareto dominance: coherence, correctness",3,1,3,True,True,False
helpsteer2:03237,train,0,equivalent within epsilon,0,-1,-2,False,False,False
helpsteer2:03238,train,0,equivalent within epsilon,0,0,0,False,False,False
helpsteer2:03239,train,0,equivalent within epsilon,0,0,0,False,False,False
helpsteer2:03240,train,1,"lower-bound Pareto dominance: coherence, correctness",1,1,1,True,False,False
helpsteer2:03241,train,1,"lower-bound Pareto dominance: coherence, correctness",1,1,1,True,True,False
helpsteer2:03242,train,1,"lower-bound Pareto dominance: coherence, correctness",1,1,2,True,True,False
helpsteer2:03243,train,1,"lower-bound Pareto dominance: coherence, correctness",0,0,0,False,False,False
helpsteer2:03244,train,1,lower-bound Pareto dominance: correctness,1,1,1,True,True,False
helpsteer2:03245,train,0,equivalent within epsilon,0,-1,-1,False,False,False
helpsteer2:03246,train,1,"lower-bound Pareto dominance: coherence, correctness",3,1,2,True,True,False
helpsteer2:03247,train,-1,"lower-bound Pareto dominance: coherence, correctness",-2,-1,-2,True,True,False
helpsteer2:03248,train,1,lower-bound Pareto dominance: coherence,1,0,0,True,False,False
helpsteer2:03249,train,1,lower-bound Pareto dominance: correctness,0,1,1,False,False,False
helpsteer2:03250,train,-1,"lower-bound Pareto dominance: coherence, correctness",-3,-1,-3,True,True,False
helpsteer2:03251,train,0,equivalent within epsilon,0,1,1,False,False,False
helpsteer2:03252,train,1,"lower-bound Pareto dominance: coherence, correctness",0,1,1,False,False,False
helpsteer2:03253,train,0,equivalent within epsilon,0,0,0,False,False,False
helpsteer2:03254,train,1,lower-bound Pareto dominance: correctness,1,1,1,True,True,False
helpsteer2:03255,train,1,"lower-bound Pareto dominance: coherence, correctness",0,0,0,False,False,False
helpsteer2:03256,train,0,equivalent within epsilon,0,-1,-1,False,False,False
helpsteer2:03257,train,1,"lower-bound Pareto dominance: coherence, correctness",1,1,1,True,True,False
helpsteer2:03258,train,-1,"lower-bound Pareto dominance: coherence, correctness",-2,-1,-2,True,True,False
helpsteer2:03259,train,-1,"lower-bound Pareto dominance: coherence, correctness",0,0,0,False,False,False
helpsteer2:03260,train,1,"lower-bound Pareto dominance: coherence, correctness",1,1,1,True,True,False
helpsteer2:03261,train,1,"lower-bound Pareto dominance: coherence, correctness",2,1,2,True,True,False
helpsteer2:03262,train,0,equivalent within epsilon,0,0,0,False,False,False
helpsteer2:03263,train,0,equivalent within epsilon,0,0,0,False,False,False
helpsteer2:03264,train,1,"lower-bound Pareto dominance: coherence, correctness",2,1,2,True,True,False
helpsteer2:03265,train,-1,lower-bound Pareto dominance: correctness,-2,-1,-1,True,True,False
helpsteer2:03266,train,1,lower-bound Pareto dominance: coherence,1,1,1,True,True,False
helpsteer2:03267,train,0,equivalent within epsilon,0,1,1,False,False,False
helpsteer2:03268,train,1,"lower-bound Pareto dominance: coherence, correctness",1,0,0,True,True,False
helpsteer2:03269,train,1,"lower-bound Pareto dominance: coherence, correctness",1,1,1,True,True,False
helpsteer2:03270,train,1,"lower-bound Pareto dominance: coherence, correctness",2,1,2,True,True,False
helpsteer2:03271,train,1,lower-bound Pareto dominance: correctness,1,1,2,True,True,False
helpsteer2:03272,train,-1,"lower-bound Pareto dominance: coherence, correctness",-1,0,0,True,False,False
helpsteer2:03273,train,1,lower-bound Pareto dominance: correctness,1,0,0,True,True,False
helpsteer2:03274,train,0,equivalent within epsilon,0,0,0,False,False,False
helpsteer2:03275,train,1,lower-bound Pareto dominance: correctness,2,1,1,True,True,False
helpsteer2:03276,train,1,lower-bound Pareto dominance: coherence,0,0,0,False,False,False
helpsteer2:03277,train,1,lower-bound Pareto dominance: correctness,2,1,2,True,True,False
helpsteer2:03278,train,0,equivalent within epsilon,0,0,0,False,False,False
helpsteer2:03279,train,1,lower-bound Pareto dominance: coherence,0,0,0,False,False,False
helpsteer2:03280,train,-1,"lower-bound Pareto dominance: coherence, correctness",-2,-1,-2,True,True,False
helpsteer2:03281,train,0,cross-objective tradeoff,1,1,1,False,True,False
helpsteer2:03282,train,1,"lower-bound Pareto dominance: coherence, correctness",2,1,3,True,True,False
helpsteer2:03283,train,0,equivalent within epsilon,0,0,0,False,False,False
helpsteer2:03284,train,1,"lower-bound Pareto dominance: coherence, correctness",1,1,1,True,True,False
helpsteer2:03285,train,0,equivalent within epsilon,0,0,0,False,False,False
helpsteer2:03286,train,1,lower-bound Pareto dominance: correctness,3,1,3,True,True,False
helpsteer2:03287,train,1,lower-bound Pareto dominance: correctness,1,1,1,True,True,False
helpsteer2:03288,train,0,equivalent within epsilon,0,0,0,False,False,False
helpsteer2:03289,train,0,equivalent within epsilon,1,1,1,False,True,False
helpsteer2:03290,train,1,"lower-bound Pareto dominance: coherence, correctness",3,1,3,True,True,False
helpsteer2:03291,train,0,equivalent within epsilon,0,0,0,False,False,False
helpsteer2:03292,train,1,lower-bound Pareto dominance: coherence,0,0,0,False,False,False
helpsteer2:03293,train,0,equivalent within epsilon,0,-1,-1,False,False,False
helpsteer2:03294,train,0,equivalent within epsilon,0,0,0,False,False,False
helpsteer2:03295,train,-1,lower-bound Pareto dominance: correctness,-1,-1,-1,True,True,False
helpsteer2:03296,train,0,equivalent within epsilon,0,0,0,False,False,False
helpsteer2:03297,train,1,"lower-bound Pareto dominance: coherence, correctness",2,1,2,True,True,False
helpsteer2:03298,train,0,equivalent within epsilon,0,0,0,False,False,False
helpsteer2:03299,train,0,equivalent within epsilon,0,0,0,False,False,False
helpsteer2:03300,train,-1,lower-bound Pareto dominance: coherence,-1,-1,-1,True,True,False
helpsteer2:03301,train,1,lower-bound Pareto dominance: correctness,0,1,1,False,False,False
helpsteer2:03302,train,0,equivalent within epsilon,0,0,0,False,False,False
helpsteer2:03303,train,1,lower-bound Pareto dominance: coherence,1,1,1,True,True,False
helpsteer2:03304,train,0,equivalent within epsilon,-1,0,0,False,True,False
helpsteer2:03305,train,0,equivalent within epsilon,0,0,0,False,False,False
helpsteer2:03306,train,0,equivalent within epsilon,0,0,0,False,False,False
helpsteer2:03307,train,0,equivalent within epsilon,0,0,0,False,False,False
helpsteer2:03308,train,-1,"lower-bound Pareto dominance: coherence, correctness",-2,-1,-2,True,True,False
helpsteer2:03309,train,-1,"lower-bound Pareto dominance: coherence, correctness",-2,-1,-2,True,True,False
helpsteer2:03310,train,0,equivalent within epsilon,0,1,1,False,False,False
helpsteer2:03311,train,0,equivalent within epsilon,0,0,0,False,False,False
helpsteer2:03312,train,0,equivalent within epsilon,0,0,0,False,False,False
helpsteer2:03313,train,0,equivalent within epsilon,0,1,1,False,False,False
helpsteer2:03314,train,-1,lower-bound Pareto dominance: coherence,-1,0,0,True,True,False
helpsteer2:03315,train,-1,lower-bound Pareto dominance: correctness,-1,-1,-1,True,True,False
helpsteer2:03316,train,0,equivalent within epsilon,-1,-1,-1,False,True,False
helpsteer2:03317,train,1,lower-bound Pareto dominance: correctness,1,1,1,True,True,False
helpsteer2:03318,train,1,lower-bound Pareto dominance: coherence,1,1,1,True,True,False
helpsteer2:03319,train,1,"lower-bound Pareto dominance: coherence, correctness",1,1,1,True,True,False
helpsteer2:03320,train,0,equivalent within epsilon,0,0,0,False,False,False
helpsteer2:03321,train,0,equivalent within epsilon,0,0,0,False,False,False
helpsteer2:03322,train,1,"lower-bound Pareto dominance: coherence, correctness",1,1,2,True,False,False
helpsteer2:03323,train,1,lower-bound Pareto dominance: coherence,0,0,0,False,False,False
helpsteer2:03324,train,-1,lower-bound Pareto dominance: coherence,0,0,0,False,False,False
helpsteer2:03325,train,1,"lower-bound Pareto dominance: coherence, correctness",2,1,2,True,True,False
helpsteer2:03326,train,0,equivalent within epsilon,0,1,1,False,False,False
helpsteer2:03327,train,-1,"lower-bound Pareto dominance: coherence, correctness",-3,-1,-3,True,True,False
helpsteer2:03328,train,1,"lower-bound Pareto dominance: coherence, correctness",2,0,0,True,True,False
helpsteer2:03329,train,1,"lower-bound Pareto dominance: coherence, correctness",2,1,2,True,True,False
helpsteer2:03330,train,1,"lower-bound Pareto dominance: coherence, correctness",1,1,2,True,True,False
helpsteer2:03331,train,-1,"lower-bound Pareto dominance: coherence, correctness",-2,-1,-2,True,True,False
helpsteer2:03332,train,-1,"lower-bound Pareto dominance: coherence, correctness",-3,-1,-3,True,True,False
helpsteer2:03333,train,-1,"lower-bound Pareto dominance: coherence, correctness",-1,-1,-1,True,True,False
helpsteer2:03334,train,0,equivalent within epsilon,0,0,0,False,False,False
helpsteer2:03335,train,1,lower-bound Pareto dominance: correctness,3,1,2,True,True,False
helpsteer2:03336,train,1,lower-bound Pareto dominance: correctness,2,1,2,True,True,False
helpsteer2:03337,train,0,equivalent within epsilon,0,1,1,False,False,False
helpsteer2:03338,train,0,equivalent within epsilon,0,0,0,False,False,False
helpsteer2:03339,train,-1,"lower-bound Pareto dominance: coherence, correctness",-2,-1,-2,True,True,False
helpsteer2:03340,train,0,equivalent within epsilon,0,1,1,False,False,False
helpsteer2:03341,train,1,lower-bound Pareto dominance: coherence,1,1,1,True,True,False
helpsteer2:03342,train,0,equivalent within epsilon,1,1,1,False,True,False
helpsteer2:03343,train,-1,lower-bound Pareto dominance: correctness,-3,-1,-2,True,True,False
helpsteer2:03344,train,1,lower-bound Pareto dominance: coherence,0,1,1,False,False,False
helpsteer2:03345,train,-1,lower-bound Pareto dominance: correctness,-1,0,0,True,True,False
helpsteer2:03346,train,0,equivalent within epsilon,0,0,0,False,False,False
helpsteer2:03347,train,-1,lower-bound Pareto dominance: coherence,-1,-1,-1,True,True,False
helpsteer2:03348,train,0,equivalent within epsilon,0,0,0,False,False,False
helpsteer2:03349,train,0,equivalent within epsilon,0,0,0,False,False,False
helpsteer2:03350,train,-1,lower-bound Pareto dominance: correctness,-1,0,0,True,True,False
helpsteer2:03351,train,1,lower-bound Pareto dominance: correctness,1,1,2,True,True,False
helpsteer2:03352,train,1,"lower-bound Pareto dominance: coherence, correctness",1,0,0,True,True,False
helpsteer2:03353,train,1,lower-bound Pareto dominance: correctness,1,0,0,True,True,False
helpsteer2:03354,train,1,"lower-bound Pareto dominance: coherence, correctness",4,1,3,True,True,False
helpsteer2:03355,train,1,"lower-bound Pareto dominance: coherence, correctness",1,1,1,True,True,False
helpsteer2:03356,train,0,equivalent within epsilon,0,0,0,False,False,False
helpsteer2:03357,train,0,equivalent within epsilon,-1,0,0,False,True,False
helpsteer2:03358,train,1,lower-bound Pareto dominance: coherence,0,1,1,False,False,False
helpsteer2:03359,train,-1,lower-bound Pareto dominance: correctness,-2,-1,-2,True,True,False
helpsteer2:03360,train,1,lower-bound Pareto dominance: correctness,1,0,0,True,True,False
helpsteer2:03361,train,1,"lower-bound Pareto dominance: coherence, correctness",1,1,1,True,True,False
helpsteer2:03362,train,1,"lower-bound Pareto dominance: coherence, correctness",1,1,1,True,True,False
helpsteer2:03363,train,-1,"lower-bound Pareto dominance: coherence, correctness",-1,-1,-1,True,True,False
helpsteer2:03364,train,0,equivalent within epsilon,0,0,0,False,False,False
helpsteer2:03365,train,1,"lower-bound Pareto dominance: coherence, correctness",1,0,0,True,True,False
helpsteer2:03366,train,-1,lower-bound Pareto dominance: correctness,-3,-1,-2,True,True,False
helpsteer2:03367,train,1,lower-bound Pareto dominance: correctness,1,1,1,True,True,False
helpsteer2:03368,train,0,equivalent within epsilon,0,1,1,False,False,False
helpsteer2:03369,train,1,"lower-bound Pareto dominance: coherence, correctness",2,1,1,True,True,False
helpsteer2:03370,train,1,"lower-bound Pareto dominance: coherence, correctness",1,1,1,True,False,False
helpsteer2:03371,train,1,"lower-bound Pareto dominance: coherence, correctness",3,1,3,True,True,False
helpsteer2:03372,train,0,equivalent within epsilon,0,0,0,False,False,False
helpsteer2:03373,train,-1,lower-bound Pareto dominance: correctness,-3,-1,-3,True,True,False
helpsteer2:03374,train,-1,"lower-bound Pareto dominance: coherence, correctness",-2,-1,-2,True,True,False
helpsteer2:03375,train,1,"lower-bound Pareto dominance: coherence, correctness",1,1,1,True,True,False
helpsteer2:03376,train,1,"lower-bound Pareto dominance: coherence, correctness",1,1,1,True,True,False
helpsteer2:03377,train,0,equivalent within epsilon,0,-1,-1,False,False,False
helpsteer2:03378,train,-1,lower-bound Pareto dominance: coherence,-1,0,0,True,True,False
helpsteer2:03379,train,-1,lower-bound Pareto dominance: correctness,-2,-1,-2,True,True,False
helpsteer2:03380,train,0,equivalent within epsilon,0,0,0,False,False,False
helpsteer2:03381,train,0,equivalent within epsilon,0,0,0,False,False,False
helpsteer2:03382,train,0,equivalent within epsilon,0,1,1,False,False,False
helpsteer2:03383,train,1,lower-bound Pareto dominance: correctness,1,1,1,True,True,False
helpsteer2:03384,train,-1,lower-bound Pareto dominance: correctness,-1,-1,-1,True,True,False
helpsteer2:03385,train,-1,lower-bound Pareto dominance: correctness,-1,-1,-1,True,False,False
helpsteer2:03386,train,0,equivalent within epsilon,1,0,0,False,True,False
helpsteer2:03387,train,-1,lower-bound Pareto dominance: correctness,-3,-1,-2,True,True,False
helpsteer2:03388,train,1,lower-bound Pareto dominance: correctness,1,1,1,True,True,False
helpsteer2:03389,train,1,"lower-bound Pareto dominance: coherence, correctness",2,1,2,True,True,False
helpsteer2:03390,train,1,lower-bound Pareto dominance: correctness,2,1,2,True,True,False
helpsteer2:03391,train,0,equivalent within epsilon,1,1,1,False,False,False
helpsteer2:03392,train,-1,lower-bound Pareto dominance: correctness,-1,-1,-1,True,True,False
helpsteer2:03393,train,1,lower-bound Pareto dominance: correctness,1,1,2,True,True,False
helpsteer2:03394,train,1,"lower-bound Pareto dominance: coherence, correctness",2,1,2,True,True,False
helpsteer2:03395,train,1,lower-bound Pareto dominance: correctness,1,1,1,True,True,False
helpsteer2:03396,train,-1,lower-bound Pareto dominance: correctness,-1,-1,-1,True,True,False
helpsteer2:03397,train,-1,"lower-bound Pareto dominance: coherence, correctness",-1,-1,-2,True,True,False
helpsteer2:03398,train,-1,lower-bound Pareto dominance: correctness,-2,-1,-2,True,True,False
helpsteer2:03399,train,0,equivalent within epsilon,0,0,0,False,False,False
helpsteer2:03400,train,1,"lower-bound Pareto dominance: coherence, correctness",4,1,3,True,True,False
helpsteer2:03401,train,-1,lower-bound Pareto dominance: correctness,-1,-1,-1,True,True,False
helpsteer2:03402,train,-1,lower-bound Pareto dominance: coherence,0,0,0,False,False,False
helpsteer2:03403,train,1,"lower-bound Pareto dominance: coherence, correctness",2,1,2,True,True,False
helpsteer2:03404,train,0,equivalent within epsilon,-1,-1,-1,False,True,False
helpsteer2:03405,train,0,equivalent within epsilon,0,0,0,False,False,False
helpsteer2:03406,train,1,lower-bound Pareto dominance: coherence,1,1,1,True,True,False
helpsteer2:03407,train,0,equivalent within epsilon,0,-1,-1,False,False,False
helpsteer2:03408,train,0,equivalent within epsilon,0,0,0,False,False,False
helpsteer2:03409,train,1,lower-bound Pareto dominance: correctness,1,1,2,True,True,False
helpsteer2:03410,train,1,"lower-bound Pareto dominance: coherence, correctness",2,1,2,True,True,False
helpsteer2:03411,train,0,equivalent within epsilon,0,0,0,False,False,False
helpsteer2:03412,train,0,equivalent within epsilon,0,1,1,False,False,False
helpsteer2:03413,train,1,"lower-bound Pareto dominance: coherence, correctness",4,1,3,True,True,False
helpsteer2:03414,train,-1,lower-bound Pareto dominance: correctness,-3,-1,-2,True,True,False
helpsteer2:03415,train,1,lower-bound Pareto dominance: correctness,1,1,2,True,True,False
helpsteer2:03416,train,-1,lower-bound Pareto dominance: correctness,-2,-1,-2,True,True,False
helpsteer2:03417,train,0,equivalent within epsilon,1,1,1,False,True,False
helpsteer2:03418,train,1,lower-bound Pareto dominance: correctness,1,1,1,True,True,False
helpsteer2:03419,train,-1,"lower-bound Pareto dominance: coherence, correctness",-4,-1,-3,True,True,False
helpsteer2:03420,train,-1,lower-bound Pareto dominance: correctness,-4,-1,-3,True,True,False
helpsteer2:03421,train,1,lower-bound Pareto dominance: correctness,2,1,2,True,True,False
helpsteer2:03422,train,0,equivalent within epsilon,0,-1,-1,False,False,False
helpsteer2:03423,train,-1,lower-bound Pareto dominance: correctness,-3,-1,-3,True,True,False
helpsteer2:03424,train,1,lower-bound Pareto dominance: correctness,1,1,1,True,True,False
helpsteer2:03425,train,-1,lower-bound Pareto dominance: correctness,-1,-1,-2,True,True,False
helpsteer2:03426,train,1,"lower-bound Pareto dominance: coherence, correctness",3,1,2,True,True,False
helpsteer2:03427,train,1,"lower-bound Pareto dominance: coherence, correctness",1,1,1,True,True,False
helpsteer2:03428,train,0,equivalent within epsilon,1,0,0,False,True,False
helpsteer2:03429,train,1,"lower-bound Pareto dominance: coherence, correctness",3,1,3,True,True,False
helpsteer2:03430,train,1,lower-bound Pareto dominance: correctness,1,1,1,True,True,False
helpsteer2:03431,train,-1,lower-bound Pareto dominance: correctness,-2,-1,-2,True,True,False
helpsteer2:03432,train,0,cross-objective tradeoff,-3,-1,-3,False,True,False
helpsteer2:03433,train,0,equivalent within epsilon,0,0,0,False,False,False
helpsteer2:03434,train,0,equivalent within epsilon,0,0,0,False,False,False
helpsteer2:03435,train,0,equivalent within epsilon,-1,0,0,False,True,False
helpsteer2:03436,train,1,lower-bound Pareto dominance: coherence,0,0,0,False,False,False
helpsteer2:03437,train,-1,"lower-bound Pareto dominance: coherence, correctness",-1,-1,-1,True,True,False
helpsteer2:03438,train,0,equivalent within epsilon,0,0,0,False,False,False
helpsteer2:03439,train,0,equivalent within epsilon,0,-1,-1,False,False,False
helpsteer2:03440,train,0,equivalent within epsilon,0,1,1,False,False,False
helpsteer2:03441,train,1,"lower-bound Pareto dominance: coherence, correctness",3,1,3,True,True,False
helpsteer2:03442,train,0,equivalent within epsilon,0,0,0,False,False,False
helpsteer2:03443,train,0,equivalent within epsilon,0,1,2,False,False,False
helpsteer2:03444,train,1,lower-bound Pareto dominance: correctness,3,1,1,True,True,False
helpsteer2:03445,train,1,lower-bound Pareto dominance: correctness,1,1,1,True,True,False
helpsteer2:03446,train,-1,lower-bound Pareto dominance: correctness,-1,0,0,True,True,False
helpsteer2:03447,train,1,lower-bound Pareto dominance: correctness,1,1,1,True,False,False
helpsteer2:03448,train,1,lower-bound Pareto dominance: correctness,2,1,2,True,True,False
helpsteer2:03449,train,1,lower-bound Pareto dominance: correctness,2,1,1,True,True,False
helpsteer2:03450,train,1,lower-bound Pareto dominance: correctness,1,1,2,True,False,False
helpsteer2:03451,train,1,lower-bound Pareto dominance: coherence,0,0,0,False,False,False
helpsteer2:03452,train,0,equivalent within epsilon,0,0,0,False,False,False
helpsteer2:03453,train,1,"lower-bound Pareto dominance: coherence, correctness",1,1,1,True,True,False
helpsteer2:03454,train,1,lower-bound Pareto dominance: correctness,2,1,2,True,True,False
helpsteer2:03455,train,1,"lower-bound Pareto dominance: coherence, correctness",3,1,2,True,True,False
helpsteer2:03456,train,-1,lower-bound Pareto dominance: coherence,-1,0,0,True,True,False
helpsteer2:03457,train,1,lower-bound Pareto dominance: coherence,0,0,0,False,False,False
helpsteer2:03458,train,-1,"lower-bound Pareto dominance: coherence, correctness",-3,-1,-3,True,True,False
helpsteer2:03459,train,0,equivalent within epsilon,-1,-1,-1,False,True,False
helpsteer2:03460,train,-1,lower-bound Pareto dominance: correctness,-1,0,0,True,True,False
helpsteer2:03461,train,1,lower-bound Pareto dominance: correctness,3,1,3,True,True,False
helpsteer2:03462,train,1,lower-bound Pareto dominance: correctness,1,1,1,True,True,False
helpsteer2:03463,train,1,"lower-bound Pareto dominance: coherence, correctness",2,1,1,True,True,False
helpsteer2:03464,train,1,"lower-bound Pareto dominance: coherence, correctness",2,1,2,True,True,False
helpsteer2:03465,train,1,lower-bound Pareto dominance: correctness,2,1,2,True,True,False
helpsteer2:03466,train,1,"lower-bound Pareto dominance: coherence, correctness",1,1,1,True,True,False
helpsteer2:03467,train,-1,lower-bound Pareto dominance: correctness,0,0,0,False,False,False
helpsteer2:03468,train,-1,lower-bound Pareto dominance: correctness,0,0,0,False,False,False
helpsteer2:03469,train,-1,"lower-bound Pareto dominance: coherence, correctness",-1,-1,-1,True,True,False
helpsteer2:03470,train,0,equivalent within epsilon,0,1,1,False,False,False
helpsteer2:03471,train,-1,"lower-bound Pareto dominance: coherence, correctness",-4,-1,-3,True,True,False
helpsteer2:03472,train,1,"lower-bound Pareto dominance: coherence, correctness",1,1,1,True,True,False
helpsteer2:03473,train,-1,lower-bound Pareto dominance: coherence,0,0,0,False,False,False
helpsteer2:03474,train,1,lower-bound Pareto dominance: coherence,0,-1,-2,False,False,False
helpsteer2:03475,train,1,lower-bound Pareto dominance: correctness,1,1,1,True,False,False
helpsteer2:03476,train,1,"lower-bound Pareto dominance: coherence, correctness",0,1,1,False,False,False
helpsteer2:03477,train,1,"lower-bound Pareto dominance: coherence, correctness",2,1,2,True,True,False
helpsteer2:03478,train,0,equivalent within epsilon,0,0,0,False,False,False
helpsteer2:03479,train,-1,"lower-bound Pareto dominance: coherence, correctness",-2,-1,-2,True,True,False
helpsteer2:03480,train,-1,"lower-bound Pareto dominance: coherence, correctness",-3,-1,-3,True,True,False
helpsteer2:03481,train,-1,"lower-bound Pareto dominance: coherence, correctness",-2,-1,-2,True,True,False
helpsteer2:03482,train,1,"lower-bound Pareto dominance: coherence, correctness",1,1,1,True,True,False
helpsteer2:03483,train,-1,"lower-bound Pareto dominance: coherence, correctness",0,0,0,False,False,False
helpsteer2:03484,train,0,equivalent within epsilon,0,0,0,False,False,False
helpsteer2:03485,train,-1,lower-bound Pareto dominance: correctness,-4,-1,-3,True,True,False
helpsteer2:03486,train,1,"lower-bound Pareto dominance: coherence, correctness",2,1,2,True,True,False
helpsteer2:03487,train,-1,"lower-bound Pareto dominance: coherence, correctness",-1,-1,-1,True,True,False
helpsteer2:03488,train,1,"lower-bound Pareto dominance: coherence, correctness",1,1,1,True,True,False
helpsteer2:03489,train,-1,"lower-bound Pareto dominance: coherence, correctness",-1,-1,-1,True,True,False
helpsteer2:03490,train,-1,"lower-bound Pareto dominance: coherence, correctness",-2,-1,-2,True,True,False
helpsteer2:03491,train,-1,"lower-bound Pareto dominance: coherence, correctness",-2,-1,-2,True,True,False
helpsteer2:03492,train,-1,lower-bound Pareto dominance: correctness,-2,-1,-2,True,True,False
helpsteer2:03493,train,1,"lower-bound Pareto dominance: coherence, correctness",2,1,2,True,True,False
helpsteer2:03494,train,-1,lower-bound Pareto dominance: correctness,-1,-1,-1,True,False,False
helpsteer2:03495,train,0,equivalent within epsilon,0,0,0,False,False,False
helpsteer2:03496,train,1,lower-bound Pareto dominance: coherence,2,1,2,True,True,False
helpsteer2:03497,train,1,lower-bound Pareto dominance: correctness,2,1,2,True,True,False
helpsteer2:03498,train,0,equivalent within epsilon,0,0,0,False,False,False
helpsteer2:03499,train,1,lower-bound Pareto dominance: coherence,0,0,0,False,False,False
helpsteer2:03500,train,0,equivalent within epsilon,0,0,0,False,False,False
helpsteer2:03501,train,0,equivalent within epsilon,0,0,0,False,False,False
helpsteer2:03502,train,0,equivalent within epsilon,0,1,1,False,False,False
helpsteer2:03503,train,0,equivalent within epsilon,0,0,0,False,False,False
helpsteer2:03504,train,-1,"lower-bound Pareto dominance: coherence, correctness",-2,-1,-2,True,True,False
helpsteer2:03505,train,-1,lower-bound Pareto dominance: coherence,-1,-1,-1,True,True,False
helpsteer2:03506,train,1,lower-bound Pareto dominance: correctness,2,1,2,True,True,False
helpsteer2:03507,train,1,"lower-bound Pareto dominance: coherence, correctness",2,1,2,True,True,False
helpsteer2:03508,train,0,equivalent within epsilon,1,0,0,False,True,False
helpsteer2:03509,train,1,"lower-bound Pareto dominance: coherence, correctness",1,1,1,True,True,False
helpsteer2:03510,train,0,equivalent within epsilon,0,0,0,False,False,False
helpsteer2:03511,train,1,"lower-bound Pareto dominance: coherence, correctness",2,1,2,True,True,False
helpsteer2:03512,train,0,cross-objective tradeoff,-1,1,2,False,True,False
helpsteer2:03513,train,1,"lower-bound Pareto dominance: coherence, correctness",1,0,0,True,True,False
helpsteer2:03514,train,-1,lower-bound Pareto dominance: correctness,-1,-1,-1,True,True,False
helpsteer2:03515,train,0,equivalent within epsilon,0,1,1,False,False,False
helpsteer2:03516,train,1,lower-bound Pareto dominance: correctness,3,1,3,True,True,False
helpsteer2:03517,train,-1,lower-bound Pareto dominance: correctness,-3,-1,-3,True,True,False
helpsteer2:03518,train,-1,lower-bound Pareto dominance: correctness,-2,-1,-2,True,True,False
helpsteer2:03519,train,-1,"lower-bound Pareto dominance: coherence, correctness",-4,-1,-3,True,True,False
helpsteer2:03520,train,0,equivalent within epsilon,0,0,0,False,False,False
helpsteer2:03521,train,-1,"lower-bound Pareto dominance: coherence, correctness",-4,-1,-3,True,True,False
helpsteer2:03522,train,0,equivalent within epsilon,0,0,0,False,False,False
helpsteer2:03523,train,0,equivalent within epsilon,0,0,0,False,False,False
helpsteer2:03524,train,-1,lower-bound Pareto dominance: correctness,-1,0,0,True,True,False
helpsteer2:03525,train,1,lower-bound Pareto dominance: correctness,1,1,1,True,True,False
helpsteer2:03526,train,-1,lower-bound Pareto dominance: correctness,-1,-1,-1,True,True,False
helpsteer2:03527,train,0,equivalent within epsilon,0,0,0,False,False,False
helpsteer2:03528,train,-1,lower-bound Pareto dominance: correctness,-1,-1,-1,True,True,False
helpsteer2:03529,train,-1,lower-bound Pareto dominance: correctness,-1,-1,-1,True,True,False
helpsteer2:03530,train,1,"lower-bound Pareto dominance: coherence, correctness",2,1,2,True,True,False
helpsteer2:03531,train,1,"lower-bound Pareto dominance: coherence, correctness",2,1,2,True,True,False
helpsteer2:03532,train,0,equivalent within epsilon,0,0,0,False,False,False
helpsteer2:03533,train,0,equivalent within epsilon,0,0,0,False,False,False
helpsteer2:03534,train,1,"lower-bound Pareto dominance: coherence, correctness",1,1,1,True,False,False
helpsteer2:03535,train,1,"lower-bound Pareto dominance: coherence, correctness",1,1,1,True,True,False
helpsteer2:03536,train,-1,lower-bound Pareto dominance: correctness,-1,-1,-1,True,True,False
helpsteer2:03537,train,-1,"lower-bound Pareto dominance: coherence, correctness",-2,-1,-3,True,True,False
helpsteer2:03538,train,-1,lower-bound Pareto dominance: coherence,-1,-1,-1,True,False,False
helpsteer2:03539,train,1,"lower-bound Pareto dominance: coherence, correctness",4,1,3,True,True,False
helpsteer2:03540,train,0,cross-objective tradeoff,1,1,2,False,True,False
helpsteer2:03541,train,1,"lower-bound Pareto dominance: coherence, correctness",4,1,3,True,True,False
helpsteer2:03542,train,1,lower-bound Pareto dominance: correctness,3,1,3,True,True,False
helpsteer2:03543,train,-1,"lower-bound Pareto dominance: coherence, correctness",-3,-1,-2,True,True,False
helpsteer2:03544,train,1,"lower-bound Pareto dominance: coherence, correctness",3,1,2,True,True,False
helpsteer2:03545,train,1,lower-bound Pareto dominance: correctness,2,1,2,True,True,False
helpsteer2:03546,train,0,equivalent within epsilon,0,0,0,False,False,False
helpsteer2:03547,train,0,equivalent within epsilon,0,0,0,False,False,False
helpsteer2:03548,train,1,lower-bound Pareto dominance: coherence,0,0,0,False,False,False
helpsteer2:03549,train,0,equivalent within epsilon,0,0,0,False,False,False
helpsteer2:03550,train,1,lower-bound Pareto dominance: correctness,1,1,2,True,True,False
helpsteer2:03551,train,1,"lower-bound Pareto dominance: coherence, correctness",2,1,2,True,True,False
helpsteer2:03552,train,-1,"lower-bound Pareto dominance: coherence, correctness",-1,-1,-1,True,True,False
helpsteer2:03553,train,1,lower-bound Pareto dominance: correctness,2,1,2,True,True,False
helpsteer2:03554,train,0,equivalent within epsilon,0,0,0,False,False,False
helpsteer2:03555,train,0,equivalent within epsilon,0,0,0,False,False,False
helpsteer2:03556,train,-1,lower-bound Pareto dominance: coherence,-1,0,0,True,False,False
helpsteer2:03557,train,-1,"lower-bound Pareto dominance: coherence, correctness",-1,0,0,True,True,False
helpsteer2:03558,train,0,equivalent within epsilon,0,1,1,False,False,False
helpsteer2:03559,train,0,equivalent within epsilon,0,0,0,False,False,False
helpsteer2:03560,train,0,equivalent within epsilon,0,0,0,False,False,False
helpsteer2:03561,train,1,lower-bound Pareto dominance: coherence,1,1,2,True,False,False
helpsteer2:03562,train,-1,"lower-bound Pareto dominance: coherence, correctness",-4,-1,-3,True,True,False
helpsteer2:03563,train,1,"lower-bound Pareto dominance: coherence, correctness",1,0,0,True,True,False
helpsteer2:03564,train,0,equivalent within epsilon,0,0,0,False,False,False
helpsteer2:03565,train,1,lower-bound Pareto dominance: correctness,3,1,3,True,True,False
helpsteer2:03566,train,1,lower-bound Pareto dominance: correctness,0,-1,-1,False,False,False
helpsteer2:03567,train,0,equivalent within epsilon,0,0,0,False,False,False
helpsteer2:03568,train,1,lower-bound Pareto dominance: correctness,2,1,1,True,True,False
helpsteer2:03569,train,0,equivalent within epsilon,0,0,0,False,False,False
helpsteer2:03570,train,0,equivalent within epsilon,0,-1,-2,False,False,False
helpsteer2:03571,train,1,"lower-bound Pareto dominance: coherence, correctness",2,1,3,True,True,False
helpsteer2:03572,train,1,lower-bound Pareto dominance: correctness,1,1,1,True,True,False
helpsteer2:03573,train,-1,"lower-bound Pareto dominance: coherence, correctness",-2,-1,-2,True,True,False
helpsteer2:03574,train,1,"lower-bound Pareto dominance: coherence, correctness",2,1,3,True,True,False
helpsteer2:03575,train,0,equivalent within epsilon,0,0,0,False,False,False
helpsteer2:03576,train,0,equivalent within epsilon,1,1,2,False,True,False
helpsteer2:03577,train,1,lower-bound Pareto dominance: correctness,1,1,1,True,True,False
helpsteer2:03578,train,0,equivalent within epsilon,0,0,0,False,False,False
helpsteer2:03579,train,1,"lower-bound Pareto dominance: coherence, correctness",3,1,3,True,True,False
helpsteer2:03580,train,0,equivalent within epsilon,0,0,0,False,False,False
helpsteer2:03581,train,-1,lower-bound Pareto dominance: correctness,-1,-1,-1,True,True,False
helpsteer2:03582,train,1,lower-bound Pareto dominance: coherence,0,0,0,False,False,False
helpsteer2:03583,train,1,"lower-bound Pareto dominance: coherence, correctness",4,1,3,True,True,False
helpsteer2:03584,train,1,"lower-bound Pareto dominance: coherence, correctness",2,1,2,True,True,False
helpsteer2:03585,train,1,lower-bound Pareto dominance: correctness,1,1,2,True,True,False
helpsteer2:03586,train,1,lower-bound Pareto dominance: coherence,1,1,1,True,True,False
helpsteer2:03587,train,1,lower-bound Pareto dominance: correctness,1,0,0,True,True,False
helpsteer2:03588,train,0,equivalent within epsilon,0,0,0,False,False,False
helpsteer2:03589,train,-1,"lower-bound Pareto dominance: coherence, correctness",-2,-1,-2,True,True,False
helpsteer2:03590,train,0,equivalent within epsilon,0,0,0,False,False,False
helpsteer2:03591,train,1,"lower-bound Pareto dominance: coherence, correctness",1,1,1,True,True,False
helpsteer2:03592,train,-1,lower-bound Pareto dominance: correctness,-2,-1,-2,True,True,False
helpsteer2:03593,train,0,equivalent within epsilon,0,0,0,False,False,False
helpsteer2:03594,train,1,"lower-bound Pareto dominance: coherence, correctness",1,1,1,True,True,False
helpsteer2:03595,train,0,equivalent within epsilon,0,0,0,False,False,False
helpsteer2:03596,train,1,lower-bound Pareto dominance: correctness,1,1,2,True,False,False
helpsteer2:03597,train,-1,"lower-bound Pareto dominance: coherence, correctness",-3,-1,-3,True,True,False
helpsteer2:03598,train,0,equivalent within epsilon,0,1,1,False,False,False
helpsteer2:03599,train,-1,"lower-bound Pareto dominance: coherence, correctness",-2,-1,-2,True,True,False
helpsteer2:03600,train,0,equivalent within epsilon,0,0,0,False,False,False
helpsteer2:03601,train,-1,lower-bound Pareto dominance: coherence,0,0,0,False,False,False
helpsteer2:03602,train,1,"lower-bound Pareto dominance: coherence, correctness",1,1,1,True,True,False
helpsteer2:03603,train,0,equivalent within epsilon,1,1,1,False,True,False
helpsteer2:03604,train,1,lower-bound Pareto dominance: correctness,2,1,2,True,True,False
helpsteer2:03605,train,-1,"lower-bound Pareto dominance: coherence, correctness",-1,0,0,True,True,False
helpsteer2:03606,train,1,lower-bound Pareto dominance: correctness,1,0,0,True,True,False
helpsteer2:03607,train,0,equivalent within epsilon,0,0,0,False,False,False
helpsteer2:03608,train,0,equivalent within epsilon,0,-1,-2,False,False,False
helpsteer2:03609,train,0,equivalent within epsilon,0,-1,-2,False,False,False
helpsteer2:03610,train,0,equivalent within epsilon,0,0,0,False,False,False
helpsteer2:03611,train,0,equivalent within epsilon,0,0,0,False,False,False
helpsteer2:03612,train,0,equivalent within epsilon,0,-1,-1,False,False,False
helpsteer2:03613,train,0,equivalent within epsilon,0,0,0,False,False,False
helpsteer2:03614,train,0,equivalent within epsilon,0,1,1,False,False,False
helpsteer2:03615,train,1,lower-bound Pareto dominance: coherence,0,0,0,False,False,False
helpsteer2:03616,train,1,"lower-bound Pareto dominance: coherence, correctness",2,1,2,True,True,False
helpsteer2:03617,train,1,lower-bound Pareto dominance: correctness,4,1,3,True,True,False
helpsteer2:03618,train,1,lower-bound Pareto dominance: correctness,1,1,2,True,True,False
helpsteer2:03619,train,0,equivalent within epsilon,0,1,1,False,False,False
helpsteer2:03620,train,0,equivalent within epsilon,0,0,0,False,False,False
helpsteer2:03621,train,0,equivalent within epsilon,0,0,0,False,False,False
helpsteer2:03622,train,-1,lower-bound Pareto dominance: coherence,0,0,0,False,False,False
helpsteer2:03623,train,0,cross-objective tradeoff,-1,1,1,False,False,False
helpsteer2:03624,train,1,lower-bound Pareto dominance: correctness,3,1,3,True,True,False
helpsteer2:03625,train,1,"lower-bound Pareto dominance: coherence, correctness",3,1,2,True,True,False
helpsteer2:03626,train,1,lower-bound Pareto dominance: correctness,0,1,1,False,False,False
helpsteer2:03627,train,1,"lower-bound Pareto dominance: coherence, correctness",3,1,2,True,True,False
helpsteer2:03628,train,0,equivalent within epsilon,0,1,1,False,False,False
helpsteer2:03629,train,-1,"lower-bound Pareto dominance: coherence, correctness",-3,-1,-3,True,True,False
helpsteer2:03630,train,0,equivalent within epsilon,0,0,0,False,False,False
helpsteer2:03631,train,0,equivalent within epsilon,0,1,1,False,False,False
helpsteer2:03632,train,-1,lower-bound Pareto dominance: correctness,-2,1,1,True,True,False
helpsteer2:03633,train,-1,lower-bound Pareto dominance: correctness,-1,-1,-2,True,True,False
helpsteer2:03634,train,0,equivalent within epsilon,0,0,0,False,False,False
helpsteer2:03635,train,0,equivalent within epsilon,0,0,0,False,False,False
helpsteer2:03636,train,-1,lower-bound Pareto dominance: correctness,-2,-1,-2,True,True,False
helpsteer2:03637,train,-1,lower-bound Pareto dominance: coherence,-1,-1,-1,True,True,False
helpsteer2:03638,train,0,equivalent within epsilon,0,0,0,False,False,False
helpsteer2:03639,train,1,lower-bound Pareto dominance: correctness,2,1,2,True,True,False
helpsteer2:03640,train,1,lower-bound Pareto dominance: correctness,3,1,1,True,True,False
helpsteer2:03641,train,0,cross-objective tradeoff,0,1,2,False,False,False
helpsteer2:03642,train,0,equivalent within epsilon,1,1,1,False,False,False
helpsteer2:03643,train,1,"lower-bound Pareto dominance: coherence, correctness",2,1,2,True,True,False
helpsteer2:03644,train,-1,"lower-bound Pareto dominance: coherence, correctness",-3,-1,-3,True,True,False
helpsteer2:03645,train,0,equivalent within epsilon,1,1,1,False,False,False
helpsteer2:03646,train,0,equivalent within epsilon,0,0,0,False,False,False
helpsteer2:03647,train,-1,lower-bound Pareto dominance: correctness,0,0,0,False,False,False
helpsteer2:03648,train,1,lower-bound Pareto dominance: correctness,1,0,0,True,True,False
helpsteer2:03649,train,1,lower-bound Pareto dominance: correctness,2,1,2,True,True,False
helpsteer2:03650,train,1,"lower-bound Pareto dominance: coherence, correctness",2,1,1,True,True,False
helpsteer2:03651,train,0,equivalent within epsilon,0,0,0,False,False,False
helpsteer2:03652,train,1,lower-bound Pareto dominance: correctness,1,0,0,True,False,False
helpsteer2:03653,train,0,equivalent within epsilon,0,0,0,False,False,False
helpsteer2:03654,train,0,equivalent within epsilon,0,1,1,False,False,False
helpsteer2:03655,train,1,lower-bound Pareto dominance: correctness,2,1,1,True,True,False
helpsteer2:03656,train,1,"lower-bound Pareto dominance: coherence, correctness",2,1,1,True,True,False
helpsteer2:03657,train,1,"lower-bound Pareto dominance: coherence, correctness",1,1,1,True,True,False
helpsteer2:03658,train,-1,lower-bound Pareto dominance: coherence,-1,-1,-1,True,False,False
helpsteer2:03659,train,-1,lower-bound Pareto dominance: coherence,0,0,0,False,False,False
helpsteer2:03660,train,0,equivalent within epsilon,0,-1,-1,False,False,False
helpsteer2:03661,train,-1,lower-bound Pareto dominance: correctness,-2,-1,-2,True,True,False
helpsteer2:03662,train,-1,"lower-bound Pareto dominance: coherence, correctness",-2,-1,-2,True,True,False
helpsteer2:03663,train,1,"lower-bound Pareto dominance: coherence, correctness",2,1,2,True,True,False
helpsteer2:03664,train,1,lower-bound Pareto dominance: correctness,3,1,3,True,True,False
helpsteer2:03665,train,0,equivalent within epsilon,0,0,0,False,False,False
helpsteer2:03666,train,1,lower-bound Pareto dominance: correctness,4,1,3,True,True,False
helpsteer2:03667,train,1,"lower-bound Pareto dominance: coherence, correctness",3,1,2,True,True,False
helpsteer2:03668,train,1,lower-bound Pareto dominance: coherence,0,1,1,False,False,False
helpsteer2:03669,train,0,equivalent within epsilon,0,1,1,False,False,False
helpsteer2:03670,train,1,lower-bound Pareto dominance: coherence,1,1,1,True,True,False
helpsteer2:03671,train,-1,"lower-bound Pareto dominance: coherence, correctness",-1,-1,-1,True,True,False
helpsteer2:03672,train,0,equivalent within epsilon,0,0,0,False,False,False
helpsteer2:03673,train,1,lower-bound Pareto dominance: correctness,1,1,1,True,True,False
helpsteer2:03674,train,-1,"lower-bound Pareto dominance: coherence, correctness",-3,-1,-3,True,True,False
helpsteer2:03675,train,1,lower-bound Pareto dominance: coherence,0,0,0,False,False,False
helpsteer2:03676,train,1,lower-bound Pareto dominance: correctness,1,0,0,True,True,False
helpsteer2:03677,train,-1,"lower-bound Pareto dominance: coherence, correctness",-1,-1,-1,True,True,False
helpsteer2:03678,train,-1,lower-bound Pareto dominance: correctness,-1,-1,-1,True,True,False
helpsteer2:03679,train,1,lower-bound Pareto dominance: correctness,1,1,1,True,True,False
helpsteer2:03680,train,1,lower-bound Pareto dominance: correctness,3,1,3,True,True,False
helpsteer2:03681,train,1,"lower-bound Pareto dominance: coherence, correctness",1,1,1,True,True,False
helpsteer2:03682,train,1,lower-bound Pareto dominance: correctness,1,1,1,True,True,False
helpsteer2:03683,train,-1,"lower-bound Pareto dominance: coherence, correctness",-2,-1,-2,True,True,False
helpsteer2:03684,train,-1,lower-bound Pareto dominance: correctness,0,0,0,False,False,False
helpsteer2:03685,train,0,equivalent within epsilon,0,-1,-1,False,False,False
helpsteer2:03686,train,0,equivalent within epsilon,0,0,0,False,False,False
helpsteer2:03687,train,1,lower-bound Pareto dominance: correctness,1,0,0,True,True,False
helpsteer2:03688,train,0,equivalent within epsilon,1,1,1,False,True,False
helpsteer2:03689,train,-1,"lower-bound Pareto dominance: coherence, correctness",-3,-1,-3,True,True,False
helpsteer2:03690,train,1,"lower-bound Pareto dominance: coherence, correctness",3,1,3,True,True,False
helpsteer2:03691,train,0,equivalent within epsilon,0,0,0,False,False,False
helpsteer2:03692,train,1,"lower-bound Pareto dominance: coherence, correctness",2,1,2,True,True,False
helpsteer2:03693,train,1,"lower-bound Pareto dominance: coherence, correctness",2,1,2,True,True,False
helpsteer2:03694,train,1,lower-bound Pareto dominance: correctness,1,1,1,True,True,False
helpsteer2:03695,train,1,lower-bound Pareto dominance: correctness,1,1,2,True,False,False
helpsteer2:03696,train,0,equivalent within epsilon,0,0,0,False,False,False
helpsteer2:03697,train,1,lower-bound Pareto dominance: coherence,1,0,0,True,True,False
helpsteer2:03698,train,1,lower-bound Pareto dominance: correctness,2,1,2,True,True,False
helpsteer2:03699,train,1,lower-bound Pareto dominance: correctness,3,1,3,True,True,False
helpsteer2:03700,train,1,"lower-bound Pareto dominance: coherence, correctness",2,1,2,True,True,False
helpsteer2:03701,train,-1,lower-bound Pareto dominance: correctness,-2,-1,-2,True,True,False
helpsteer2:03702,train,-1,"lower-bound Pareto dominance: coherence, correctness",-2,-1,-2,True,True,False
helpsteer2:03703,train,1,"lower-bound Pareto dominance: coherence, correctness",2,1,1,True,True,False
helpsteer2:03704,train,-1,lower-bound Pareto dominance: correctness,-1,0,0,True,True,False
helpsteer2:03705,train,0,equivalent within epsilon,0,0,0,False,False,False
helpsteer2:03706,train,0,equivalent within epsilon,0,0,0,False,False,False
helpsteer2:03707,train,-1,lower-bound Pareto dominance: correctness,-1,0,0,True,True,False
helpsteer2:03708,train,1,lower-bound Pareto dominance: coherence,1,1,1,True,True,False
helpsteer2:03709,train,0,cross-objective tradeoff,1,1,2,False,True,False
helpsteer2:03710,train,-1,lower-bound Pareto dominance: correctness,-1,0,0,True,True,False
helpsteer2:03711,train,-1,lower-bound Pareto dominance: coherence,-1,-1,-2,True,True,False
helpsteer2:03712,train,1,"lower-bound Pareto dominance: coherence, correctness",1,0,0,True,True,False
helpsteer2:03713,train,1,lower-bound Pareto dominance: correctness,1,1,1,True,True,False
helpsteer2:03714,train,-1,"lower-bound Pareto dominance: coherence, correctness",-3,-1,-3,True,True,False
helpsteer2:03715,train,-1,"lower-bound Pareto dominance: coherence, correctness",-2,-1,-2,True,True,False
helpsteer2:03716,train,0,equivalent within epsilon,1,0,0,False,True,False
helpsteer2:03717,train,0,cross-objective tradeoff,0,0,0,False,False,False
helpsteer2:03718,train,0,equivalent within epsilon,-1,-1,-1,False,True,False
helpsteer2:03719,train,-1,lower-bound Pareto dominance: correctness,0,0,0,False,False,False
helpsteer2:03720,train,1,lower-bound Pareto dominance: correctness,3,1,3,True,True,False
helpsteer2:03721,train,1,"lower-bound Pareto dominance: coherence, correctness",0,0,0,False,False,False
helpsteer2:03722,train,1,"lower-bound Pareto dominance: coherence, correctness",1,1,1,True,True,False
helpsteer2:03723,train,-1,"lower-bound Pareto dominance: coherence, correctness",-2,-1,-2,True,True,False
helpsteer2:03724,train,1,"lower-bound Pareto dominance: coherence, correctness",1,1,1,True,True,False
helpsteer2:03725,train,1,lower-bound Pareto dominance: coherence,1,1,1,True,True,False
helpsteer2:03726,train,1,lower-bound Pareto dominance: correctness,1,-1,-1,True,True,False
helpsteer2:03727,train,0,equivalent within epsilon,0,0,0,False,False,False
helpsteer2:03728,train,-1,"lower-bound Pareto dominance: coherence, correctness",-1,-1,-1,True,True,False
helpsteer2:03729,train,0,equivalent within epsilon,1,1,1,False,True,False
helpsteer2:03730,train,1,"lower-bound Pareto dominance: coherence, correctness",1,1,1,True,True,False
helpsteer2:03731,train,0,equivalent within epsilon,0,0,0,False,False,False
helpsteer2:03732,train,-1,lower-bound Pareto dominance: coherence,0,0,0,False,False,False
helpsteer2:03733,train,-1,lower-bound Pareto dominance: correctness,-2,-1,-2,True,True,False
helpsteer2:03734,train,0,equivalent within epsilon,0,0,0,False,False,False
helpsteer2:03735,train,-1,lower-bound Pareto dominance: correctness,-1,0,0,True,True,False
helpsteer2:03736,train,1,"lower-bound Pareto dominance: coherence, correctness",1,1,1,True,True,False
helpsteer2:03737,train,1,lower-bound Pareto dominance: coherence,1,0,0,True,False,False
helpsteer2:03738,train,-1,lower-bound Pareto dominance: correctness,-1,0,0,True,True,False
helpsteer2:03739,train,1,lower-bound Pareto dominance: correctness,1,1,1,True,True,False
helpsteer2:03740,train,-1,lower-bound Pareto dominance: coherence,-1,-1,-1,True,True,False
helpsteer2:03741,train,0,equivalent within epsilon,0,0,0,False,False,False
helpsteer2:03742,train,0,equivalent within epsilon,0,1,1,False,False,False
helpsteer2:03743,train,-1,lower-bound Pareto dominance: correctness,-2,-1,-2,True,True,False
helpsteer2:03744,train,-1,"lower-bound Pareto dominance: coherence, correctness",-2,-1,-2,True,True,False
helpsteer2:03745,train,-1,"lower-bound Pareto dominance: coherence, correctness",-3,-1,-2,True,True,False
helpsteer2:03746,train,-1,lower-bound Pareto dominance: correctness,-1,0,0,True,False,False
helpsteer2:03747,train,1,lower-bound Pareto dominance: correctness,2,1,1,True,True,False
helpsteer2:03748,train,-1,"lower-bound Pareto dominance: coherence, correctness",-2,-1,-3,True,True,False
helpsteer2:03749,train,0,equivalent within epsilon,1,1,1,False,True,False
helpsteer2:03750,train,-1,"lower-bound Pareto dominance: coherence, correctness",-2,-1,-2,True,True,False
helpsteer2:03751,train,1,lower-bound Pareto dominance: correctness,0,0,0,False,False,False
helpsteer2:03752,train,1,"lower-bound Pareto dominance: coherence, correctness",1,1,1,True,False,False
helpsteer2:03753,train,1,lower-bound Pareto dominance: correctness,2,1,2,True,True,False
helpsteer2:03754,train,0,equivalent within epsilon,0,0,0,False,False,False
helpsteer2:03755,train,1,lower-bound Pareto dominance: correctness,1,0,0,True,True,False
helpsteer2:03756,train,1,"lower-bound Pareto dominance: coherence, correctness",3,1,2,True,True,False
helpsteer2:03757,train,-1,lower-bound Pareto dominance: correctness,-4,-1,-3,True,True,False
helpsteer2:03758,train,-1,lower-bound Pareto dominance: correctness,-2,-1,-2,True,True,False
helpsteer2:03759,train,1,lower-bound Pareto dominance: correctness,0,0,0,False,False,False
helpsteer2:03760,train,0,equivalent within epsilon,0,0,0,False,False,False
helpsteer2:03761,train,1,"lower-bound Pareto dominance: coherence, correctness",3,1,2,True,True,False
helpsteer2:03762,train,1,"lower-bound Pareto dominance: coherence, correctness",2,1,2,True,True,False
helpsteer2:03763,train,0,equivalent within epsilon,0,1,1,False,False,False
helpsteer2:03764,train,1,lower-bound Pareto dominance: correctness,0,-1,-2,False,False,False
helpsteer2:03765,train,-1,lower-bound Pareto dominance: coherence,-1,0,0,True,False,False
helpsteer2:03766,train,-1,"lower-bound Pareto dominance: coherence, correctness",-2,-1,-1,True,True,False
helpsteer2:03767,train,1,lower-bound Pareto dominance: correctness,2,1,2,True,True,False
helpsteer2:03768,train,1,lower-bound Pareto dominance: correctness,1,1,1,True,True,False
helpsteer2:03769,train,1,lower-bound Pareto dominance: correctness,1,0,0,True,True,False
helpsteer2:03770,train,1,lower-bound Pareto dominance: correctness,2,1,2,True,True,False
helpsteer2:03771,train,-1,"lower-bound Pareto dominance: coherence, correctness",-1,0,0,True,True,False
helpsteer2:03772,train,0,equivalent within epsilon,0,-1,-1,False,False,False
helpsteer2:03773,train,0,equivalent within epsilon,0,0,0,False,False,False
helpsteer2:03774,train,0,equivalent within epsilon,1,1,1,False,True,False
helpsteer2:03775,train,0,equivalent within epsilon,0,0,0,False,False,False
helpsteer2:03776,train,1,lower-bound Pareto dominance: correctness,1,1,1,True,True,False
helpsteer2:03777,train,0,equivalent within epsilon,0,0,0,False,False,False
helpsteer2:03778,train,1,"lower-bound Pareto dominance: coherence, correctness",1,1,1,True,True,False
helpsteer2:03779,train,0,equivalent within epsilon,0,0,0,False,False,False
helpsteer2:03780,train,-1,lower-bound Pareto dominance: coherence,0,0,0,False,False,False
helpsteer2:03781,train,1,lower-bound Pareto dominance: correctness,0,0,0,False,False,False
helpsteer2:03782,train,-1,lower-bound Pareto dominance: correctness,-3,-1,-2,True,True,False
helpsteer2:03783,train,0,equivalent within epsilon,0,0,0,False,False,False
helpsteer2:03784,train,0,equivalent within epsilon,0,1,1,False,False,False
helpsteer2:03785,train,1,lower-bound Pareto dominance: correctness,2,1,2,True,True,False
helpsteer2:03786,train,0,equivalent within epsilon,0,0,0,False,False,False
helpsteer2:03787,train,-1,"lower-bound Pareto dominance: coherence, correctness",-3,-1,-3,True,True,False
helpsteer2:03788,train,1,lower-bound Pareto dominance: correctness,0,0,0,False,False,False
helpsteer2:03789,train,-1,"lower-bound Pareto dominance: coherence, correctness",-4,-1,-3,True,True,False
helpsteer2:03790,train,-1,"lower-bound Pareto dominance: coherence, correctness",-2,-1,-2,True,True,False
helpsteer2:03791,train,-1,"lower-bound Pareto dominance: coherence, correctness",-2,-1,-2,True,True,False
helpsteer2:03792,train,1,lower-bound Pareto dominance: coherence,1,1,2,True,True,False
helpsteer2:03793,train,0,equivalent within epsilon,0,0,0,False,False,False
helpsteer2:03794,train,-1,lower-bound Pareto dominance: correctness,-2,-1,-2,True,True,False
helpsteer2:03795,train,-1,lower-bound Pareto dominance: correctness,-2,-1,-2,True,True,False
helpsteer2:03796,train,-1,"lower-bound Pareto dominance: coherence, correctness",-2,-1,-2,True,True,False
helpsteer2:03797,train,-1,lower-bound Pareto dominance: coherence,-1,-1,-1,True,True,False
helpsteer2:03798,train,1,"lower-bound Pareto dominance: coherence, correctness",2,1,2,True,True,False
helpsteer2:03799,train,1,"lower-bound Pareto dominance: coherence, correctness",2,1,2,True,True,False
helpsteer2:03800,train,-1,lower-bound Pareto dominance: correctness,-4,-1,-3,True,True,False
helpsteer2:03801,train,0,equivalent within epsilon,0,1,1,False,False,False
helpsteer2:03802,train,0,equivalent within epsilon,0,1,1,False,False,False
helpsteer2:03803,train,-1,"lower-bound Pareto dominance: coherence, correctness",-1,-1,-1,True,False,False
helpsteer2:03804,train,0,equivalent within epsilon,0,0,0,False,False,False
helpsteer2:03805,train,-1,"lower-bound Pareto dominance: coherence, correctness",-3,-1,-2,True,True,False
helpsteer2:03806,train,1,lower-bound Pareto dominance: coherence,1,1,1,True,True,False
helpsteer2:03807,train,-1,lower-bound Pareto dominance: correctness,-2,-1,-2,True,True,False
helpsteer2:03808,train,1,lower-bound Pareto dominance: correctness,2,1,2,True,True,False
helpsteer2:03809,train,1,"lower-bound Pareto dominance: coherence, correctness",3,1,3,True,True,False
helpsteer2:03810,train,-1,"lower-bound Pareto dominance: coherence, correctness",-2,-1,-2,True,True,False
helpsteer2:03811,train,1,lower-bound Pareto dominance: coherence,1,1,1,True,True,False
helpsteer2:03812,train,1,lower-bound Pareto dominance: correctness,1,1,2,True,True,False
helpsteer2:03813,train,-1,lower-bound Pareto dominance: correctness,-2,-1,-1,True,True,False
helpsteer2:03814,train,0,equivalent within epsilon,0,-1,-2,False,False,False
helpsteer2:03815,train,1,"lower-bound Pareto dominance: coherence, correctness",2,1,2,True,True,False
helpsteer2:03816,train,0,equivalent within epsilon,0,0,0,False,False,False
helpsteer2:03817,train,0,equivalent within epsilon,0,1,1,False,False,False
helpsteer2:03818,train,-1,"lower-bound Pareto dominance: coherence, correctness",-2,-1,-2,True,True,False
helpsteer2:03819,train,1,lower-bound Pareto dominance: coherence,2,1,2,True,True,False
helpsteer2:03820,train,0,equivalent within epsilon,0,0,0,False,False,False
helpsteer2:03821,train,1,"lower-bound Pareto dominance: coherence, correctness",1,1,1,True,True,False
helpsteer2:03822,train,0,equivalent within epsilon,0,0,0,False,False,False
helpsteer2:03823,train,-1,lower-bound Pareto dominance: coherence,0,0,0,False,False,False
helpsteer2:03824,train,0,equivalent within epsilon,0,0,0,False,False,False
helpsteer2:03825,train,1,lower-bound Pareto dominance: correctness,1,1,1,True,True,False
helpsteer2:03826,train,1,"lower-bound Pareto dominance: coherence, correctness",1,1,1,True,True,False
helpsteer2:03827,train,-1,lower-bound Pareto dominance: correctness,-1,-1,-1,True,False,False
helpsteer2:03828,train,1,"lower-bound Pareto dominance: coherence, correctness",3,1,2,True,True,False
helpsteer2:03829,train,0,equivalent within epsilon,-1,0,0,False,True,False
helpsteer2:03830,train,-1,lower-bound Pareto dominance: correctness,-2,-1,-2,True,True,False
helpsteer2:03831,train,-1,lower-bound Pareto dominance: correctness,-1,-1,-1,True,True,False
helpsteer2:03832,train,1,"lower-bound Pareto dominance: coherence, correctness",1,1,2,True,True,False
helpsteer2:03833,train,0,equivalent within epsilon,0,0,0,False,False,False
helpsteer2:03834,train,-1,lower-bound Pareto dominance: correctness,-1,-1,-1,True,True,False
helpsteer2:03835,train,-1,lower-bound Pareto dominance: correctness,-1,-1,-2,True,True,False
helpsteer2:03836,train,1,"lower-bound Pareto dominance: coherence, correctness",1,1,1,True,True,False
helpsteer2:03837,train,1,"lower-bound Pareto dominance: coherence, correctness",1,1,1,True,False,False
helpsteer2:03838,train,-1,"lower-bound Pareto dominance: coherence, correctness",-1,-1,-1,True,True,False
helpsteer2:03839,train,-1,lower-bound Pareto dominance: correctness,-1,-1,-1,True,True,False
helpsteer2:03840,train,1,"lower-bound Pareto dominance: coherence, correctness",4,1,3,True,True,False
helpsteer2:03841,train,-1,"lower-bound Pareto dominance: coherence, correctness",-2,-1,-1,True,True,False
helpsteer2:03842,train,-1,"lower-bound Pareto dominance: coherence, correctness",-1,0,0,True,True,False
helpsteer2:03843,train,0,equivalent within epsilon,1,0,0,False,True,False
helpsteer2:03844,train,0,equivalent within epsilon,0,1,1,False,False,False
helpsteer2:03845,train,-1,lower-bound Pareto dominance: coherence,-1,-1,-1,True,False,False
helpsteer2:03846,train,0,equivalent within epsilon,0,0,0,False,False,False
helpsteer2:03847,train,1,lower-bound Pareto dominance: correctness,2,1,2,True,True,False
helpsteer2:03848,train,-1,"lower-bound Pareto dominance: coherence, correctness",-3,-1,-3,True,True,False
helpsteer2:03849,train,-1,"lower-bound Pareto dominance: coherence, correctness",-2,-1,-2,True,True,False
helpsteer2:03850,train,1,"lower-bound Pareto dominance: coherence, correctness",4,1,3,True,True,False
helpsteer2:03851,train,-1,lower-bound Pareto dominance: correctness,-1,-1,-1,True,True,False
helpsteer2:03852,train,1,"lower-bound Pareto dominance: coherence, correctness",3,1,3,True,True,False
helpsteer2:03853,train,1,lower-bound Pareto dominance: correctness,1,0,0,True,True,False
helpsteer2:03854,train,1,"lower-bound Pareto dominance: coherence, correctness",4,1,3,True,True,False
helpsteer2:03855,train,1,"lower-bound Pareto dominance: coherence, correctness",3,1,2,True,True,False
helpsteer2:03856,train,1,"lower-bound Pareto dominance: coherence, correctness",1,0,0,True,True,False
helpsteer2:03857,train,-1,lower-bound Pareto dominance: correctness,-1,0,0,True,False,False
helpsteer2:03858,train,-1,lower-bound Pareto dominance: coherence,-1,-1,-2,True,True,False
helpsteer2:03859,train,1,lower-bound Pareto dominance: correctness,3,1,1,True,True,False
helpsteer2:03860,train,-1,"lower-bound Pareto dominance: coherence, correctness",-2,-1,-2,True,True,False
helpsteer2:03861,train,1,lower-bound Pareto dominance: coherence,1,1,1,True,True,False
helpsteer2:03862,train,0,equivalent within epsilon,0,0,0,False,False,False
helpsteer2:03863,train,1,lower-bound Pareto dominance: correctness,1,1,1,True,False,False
helpsteer2:03864,train,0,equivalent within epsilon,0,0,0,False,False,False
helpsteer2:03865,train,0,cross-objective tradeoff,-2,-1,-2,False,True,False
helpsteer2:03866,train,0,equivalent within epsilon,0,-1,-2,False,False,False
helpsteer2:03867,train,1,"lower-bound Pareto dominance: coherence, correctness",1,1,1,True,True,False
helpsteer2:03868,train,1,"lower-bound Pareto dominance: coherence, correctness",2,1,2,True,True,False
helpsteer2:03869,train,0,equivalent within epsilon,0,0,0,False,False,False
helpsteer2:03870,train,1,lower-bound Pareto dominance: correctness,1,0,0,True,True,False
helpsteer2:03871,train,1,lower-bound Pareto dominance: correctness,2,1,2,True,True,False
helpsteer2:03872,train,1,lower-bound Pareto dominance: correctness,1,1,1,True,True,False
helpsteer2:03873,train,0,equivalent within epsilon,0,1,1,False,False,False
helpsteer2:03874,train,-1,lower-bound Pareto dominance: correctness,-1,0,0,True,True,False
helpsteer2:03875,train,-1,lower-bound Pareto dominance: correctness,-1,-1,-1,True,True,False
helpsteer2:03876,train,-1,lower-bound Pareto dominance: correctness,1,1,2,True,True,False
helpsteer2:03877,train,-1,lower-bound Pareto dominance: correctness,-1,-1,-1,True,True,False
helpsteer2:03878,train,0,equivalent within epsilon,0,0,0,False,False,False
helpsteer2:03879,train,1,lower-bound Pareto dominance: correctness,1,1,1,True,False,False
helpsteer2:03880,train,-1,"lower-bound Pareto dominance: coherence, correctness",-1,-1,-1,True,True,False
helpsteer2:03881,train,0,equivalent within epsilon,0,0,0,False,False,False
helpsteer2:03882,train,-1,lower-bound Pareto dominance: correctness,-1,0,0,True,False,False
helpsteer2:03883,train,1,lower-bound Pareto dominance: correctness,3,1,3,True,True,False
helpsteer2:03884,train,1,"lower-bound Pareto dominance: coherence, correctness",0,-1,-1,False,False,False
helpsteer2:03885,train,0,equivalent within epsilon,-1,0,0,False,True,False
helpsteer2:03886,train,-1,"lower-bound Pareto dominance: coherence, correctness",-3,-1,-2,True,True,False
helpsteer2:03887,train,1,lower-bound Pareto dominance: correctness,1,1,1,True,True,False
helpsteer2:03888,train,-1,lower-bound Pareto dominance: coherence,-1,-1,-1,True,True,False
helpsteer2:03889,train,-1,lower-bound Pareto dominance: correctness,-1,-1,-1,True,True,False
helpsteer2:03890,train,0,equivalent within epsilon,0,0,0,False,False,False
helpsteer2:03891,train,0,equivalent within epsilon,0,-1,-1,False,False,False
helpsteer2:03892,train,-1,lower-bound Pareto dominance: correctness,-2,-1,-2,True,True,False
helpsteer2:03893,train,1,lower-bound Pareto dominance: correctness,1,1,1,True,True,False
helpsteer2:03894,train,0,equivalent within epsilon,0,0,0,False,False,False
helpsteer2:03895,train,1,lower-bound Pareto dominance: correctness,1,1,1,True,False,False
helpsteer2:03896,train,1,"lower-bound Pareto dominance: coherence, correctness",2,1,2,True,True,False
helpsteer2:03897,train,0,equivalent within epsilon,1,1,1,False,True,False
helpsteer2:03898,train,-1,lower-bound Pareto dominance: correctness,-1,0,0,True,True,False
helpsteer2:03899,train,1,"lower-bound Pareto dominance: coherence, correctness",1,1,1,True,True,False
helpsteer2:03900,train,0,equivalent within epsilon,0,0,0,False,False,False
helpsteer2:03901,train,0,equivalent within epsilon,0,1,1,False,False,False
helpsteer2:03902,train,-1,"lower-bound Pareto dominance: coherence, correctness",-4,-1,-3,True,True,False
helpsteer2:03903,train,1,"lower-bound Pareto dominance: coherence, correctness",1,0,0,True,True,False
helpsteer2:03904,train,-1,lower-bound Pareto dominance: correctness,-2,-1,-2,True,True,False
helpsteer2:03905,train,1,lower-bound Pareto dominance: correctness,2,1,2,True,True,False
helpsteer2:03906,train,1,lower-bound Pareto dominance: correctness,1,1,1,True,True,False
helpsteer2:03907,train,1,"lower-bound Pareto dominance: coherence, correctness",3,1,2,True,True,False
helpsteer2:03908,train,0,equivalent within epsilon,0,-1,-1,False,False,False
helpsteer2:03909,train,1,"lower-bound Pareto dominance: coherence, correctness",1,1,1,True,True,False
helpsteer2:03910,train,1,"lower-bound Pareto dominance: coherence, correctness",1,1,1,True,True,False
helpsteer2:03911,train,-1,lower-bound Pareto dominance: correctness,-2,-1,-2,True,True,False
helpsteer2:03912,train,0,equivalent within epsilon,0,0,0,False,False,False
helpsteer2:03913,train,0,equivalent within epsilon,0,0,0,False,False,False
helpsteer2:03914,train,-1,lower-bound Pareto dominance: coherence,0,-1,-2,False,False,False
helpsteer2:03915,train,1,lower-bound Pareto dominance: coherence,0,0,0,False,False,False
helpsteer2:03916,train,-1,"lower-bound Pareto dominance: coherence, correctness",-3,-1,-3,True,True,False
helpsteer2:03917,train,-1,"lower-bound Pareto dominance: coherence, correctness",-1,-1,-1,True,True,False
helpsteer2:03918,train,-1,"lower-bound Pareto dominance: coherence, correctness",-1,-1,-2,True,True,False
helpsteer2:03919,train,1,"lower-bound Pareto dominance: coherence, correctness",3,1,2,True,True,False
helpsteer2:03920,train,0,equivalent within epsilon,-1,-1,-1,False,True,False
helpsteer2:03921,train,0,equivalent within epsilon,0,0,0,False,False,False
helpsteer2:03922,train,0,equivalent within epsilon,0,1,1,False,False,False
helpsteer2:03923,train,-1,"lower-bound Pareto dominance: coherence, correctness",-1,-1,-1,True,True,False
helpsteer2:03924,train,-1,lower-bound Pareto dominance: coherence,1,1,2,True,True,False
helpsteer2:03925,train,0,equivalent within epsilon,-2,-1,-2,False,True,False
helpsteer2:03926,train,0,equivalent within epsilon,0,0,0,False,False,False
helpsteer2:03927,train,-1,lower-bound Pareto dominance: coherence,0,-1,-1,False,False,False
helpsteer2:03928,train,1,lower-bound Pareto dominance: correctness,1,1,1,True,False,False
helpsteer2:03929,train,-1,lower-bound Pareto dominance: correctness,-1,-1,-2,True,True,False
helpsteer2:03930,train,1,"lower-bound Pareto dominance: coherence, correctness",2,1,2,True,True,False
helpsteer2:03931,train,0,equivalent within epsilon,0,0,0,False,False,False
helpsteer2:03932,train,0,equivalent within epsilon,0,0,0,False,False,False
helpsteer2:03933,train,-1,"lower-bound Pareto dominance: coherence, correctness",-2,-1,-2,True,True,False
helpsteer2:03934,train,0,equivalent within epsilon,0,-1,-1,False,False,False
helpsteer2:03935,train,0,equivalent within epsilon,0,0,0,False,False,False
helpsteer2:03936,train,0,equivalent within epsilon,-2,-1,-3,False,True,False
helpsteer2:03937,train,1,"lower-bound Pareto dominance: coherence, correctness",2,1,2,True,True,False
helpsteer2:03938,train,1,lower-bound Pareto dominance: correctness,4,1,3,True,True,False
helpsteer2:03939,train,0,equivalent within epsilon,0,-1,-1,False,False,False
helpsteer2:03940,train,0,equivalent within epsilon,0,0,0,False,False,False
helpsteer2:03941,train,1,"lower-bound Pareto dominance: coherence, correctness",2,1,2,True,True,False
helpsteer2:03942,train,1,lower-bound Pareto dominance: correctness,1,1,1,True,True,False
helpsteer2:03943,train,-1,lower-bound Pareto dominance: correctness,-1,0,0,True,True,False
helpsteer2:03944,train,0,equivalent within epsilon,0,0,0,False,False,False
helpsteer2:03945,train,1,lower-bound Pareto dominance: correctness,1,1,1,True,True,False
helpsteer2:03946,train,1,lower-bound Pareto dominance: coherence,1,1,1,True,True,False
helpsteer2:03947,train,0,equivalent within epsilon,0,-1,-1,False,False,False
helpsteer2:03948,train,1,"lower-bound Pareto dominance: coherence, correctness",3,1,3,True,True,False
helpsteer2:03949,train,0,equivalent within epsilon,0,0,0,False,False,False
helpsteer2:03950,train,-1,"lower-bound Pareto dominance: coherence, correctness",-1,-1,-1,True,True,False
helpsteer2:03951,train,0,equivalent within epsilon,0,1,1,False,False,False
helpsteer2:03952,train,-1,"lower-bound Pareto dominance: coherence, correctness",-1,-1,-1,True,True,False
helpsteer2:03953,train,-1,lower-bound Pareto dominance: correctness,-1,0,0,True,True,False
helpsteer2:03954,train,0,equivalent within epsilon,0,0,0,False,False,False
helpsteer2:03955,train,0,equivalent within epsilon,0,0,0,False,False,False
helpsteer2:03956,train,0,equivalent within epsilon,0,-1,-1,False,False,False
helpsteer2:03957,train,-1,"lower-bound Pareto dominance: coherence, correctness",-1,-1,-1,True,True,False
helpsteer2:03958,train,0,equivalent within epsilon,0,0,0,False,False,False
helpsteer2:03959,train,-1,lower-bound Pareto dominance: coherence,0,0,0,False,False,False
helpsteer2:03960,train,0,equivalent within epsilon,0,-1,-1,False,False,False
helpsteer2:03961,train,0,equivalent within epsilon,0,0,0,False,False,False
helpsteer2:03962,train,0,equivalent within epsilon,0,0,0,False,False,False
helpsteer2:03963,train,-1,lower-bound Pareto dominance: correctness,-1,0,0,True,True,False
helpsteer2:03964,train,0,equivalent within epsilon,0,-1,-1,False,False,False
helpsteer2:03965,train,0,equivalent within epsilon,0,-1,-1,False,False,False
helpsteer2:03966,train,0,equivalent within epsilon,0,0,0,False,False,False
helpsteer2:03967,train,1,lower-bound Pareto dominance: correctness,1,0,0,True,True,False
helpsteer2:03968,train,1,lower-bound Pareto dominance: coherence,0,1,1,False,False,False
helpsteer2:03969,train,1,lower-bound Pareto dominance: correctness,3,1,3,True,True,False
helpsteer2:03970,train,1,lower-bound Pareto dominance: correctness,1,1,1,True,True,False
helpsteer2:03971,train,1,lower-bound Pareto dominance: coherence,1,1,1,True,True,False
helpsteer2:03972,train,-1,lower-bound Pareto dominance: correctness,-1,-1,-2,True,True,False
helpsteer2:03973,train,0,equivalent within epsilon,-1,0,0,False,True,False
helpsteer2:03974,train,-1,lower-bound Pareto dominance: correctness,-1,-1,-1,True,True,False
helpsteer2:03975,train,0,cross-objective tradeoff,1,1,1,False,False,False
helpsteer2:03976,train,1,lower-bound Pareto dominance: correctness,4,1,3,True,True,False
helpsteer2:03977,train,-1,"lower-bound Pareto dominance: coherence, correctness",-1,-1,-1,True,True,False
helpsteer2:03978,train,1,lower-bound Pareto dominance: correctness,1,1,1,True,True,False
helpsteer2:03979,train,-1,lower-bound Pareto dominance: correctness,-1,-1,-2,True,True,False
helpsteer2:03980,train,1,lower-bound Pareto dominance: coherence,1,1,1,True,True,False
helpsteer2:03981,train,1,lower-bound Pareto dominance: coherence,1,1,1,True,True,False
helpsteer2:03982,train,0,cross-objective tradeoff,-1,-1,-1,False,True,False
helpsteer2:03983,train,0,equivalent within epsilon,0,0,0,False,False,False
helpsteer2:03984,train,1,lower-bound Pareto dominance: correctness,1,1,1,True,False,False
helpsteer2:03985,train,0,equivalent within epsilon,0,0,0,False,False,False
helpsteer2:03986,train,1,"lower-bound Pareto dominance: coherence, correctness",4,1,2,True,True,False
helpsteer2:03987,train,1,lower-bound Pareto dominance: correctness,2,1,2,True,True,False
helpsteer2:03988,train,-1,"lower-bound Pareto dominance: coherence, correctness",-1,-1,-1,True,True,False
helpsteer2:03989,train,-1,lower-bound Pareto dominance: correctness,-4,-1,-3,True,True,False
helpsteer2:03990,train,0,equivalent within epsilon,0,1,1,False,False,False
helpsteer2:03991,train,1,"lower-bound Pareto dominance: coherence, correctness",2,1,2,True,True,False
helpsteer2:03992,train,0,equivalent within epsilon,0,0,0,False,False,False
helpsteer2:03993,train,-1,lower-bound Pareto dominance: correctness,-2,-1,-2,True,True,False
helpsteer2:03994,train,0,equivalent within epsilon,0,0,0,False,False,False
helpsteer2:03995,train,1,lower-bound Pareto dominance: correctness,1,1,1,True,True,False
helpsteer2:03996,train,0,equivalent within epsilon,0,1,1,False,False,False
helpsteer2:03997,train,1,"lower-bound Pareto dominance: coherence, correctness",3,1,3,True,True,False
helpsteer2:03998,train,-1,"lower-bound Pareto dominance: coherence, correctness",-3,-1,-3,True,True,False
helpsteer2:03999,train,0,equivalent within epsilon,0,0,0,False,False,False
helpsteer2:04000,train,1,"lower-bound Pareto dominance: coherence, correctness",2,1,2,True,True,False
helpsteer2:04001,train,-1,"lower-bound Pareto dominance: coherence, correctness",-1,0,0,True,True,False
helpsteer2:04002,train,1,"lower-bound Pareto dominance: coherence, correctness",2,1,2,True,True,False
helpsteer2:04003,train,1,lower-bound Pareto dominance: coherence,1,0,0,True,True,False
helpsteer2:04004,train,0,equivalent within epsilon,0,0,0,False,False,False
helpsteer2:04005,train,1,lower-bound Pareto dominance: correctness,1,0,0,True,True,False
helpsteer2:04006,train,0,equivalent within epsilon,0,1,2,False,False,False
helpsteer2:04007,train,0,equivalent within epsilon,0,0,0,False,False,False
helpsteer2:04008,train,0,equivalent within epsilon,0,0,0,False,False,False
helpsteer2:04009,train,0,equivalent within epsilon,1,1,1,False,True,False
helpsteer2:04010,train,0,equivalent within epsilon,0,1,1,False,False,False
helpsteer2:04011,train,-1,"lower-bound Pareto dominance: coherence, correctness",-1,-1,-1,True,False,False
helpsteer2:04012,train,1,lower-bound Pareto dominance: correctness,1,1,1,True,True,False
helpsteer2:04013,train,1,"lower-bound Pareto dominance: coherence, correctness",3,1,3,True,True,False
helpsteer2:04014,train,-1,lower-bound Pareto dominance: coherence,0,-1,-2,False,False,False
helpsteer2:04015,train,1,lower-bound Pareto dominance: coherence,1,1,1,True,True,False
helpsteer2:04016,train,0,equivalent within epsilon,0,0,0,False,False,False
helpsteer2:04017,train,0,equivalent within epsilon,0,0,0,False,False,False
helpsteer2:04018,train,-1,lower-bound Pareto dominance: correctness,-3,-1,-3,True,True,False
helpsteer2:04019,train,-1,lower-bound Pareto dominance: correctness,0,-1,-2,False,False,False
helpsteer2:04020,train,0,equivalent within epsilon,1,1,1,False,True,False
helpsteer2:04021,train,-1,"lower-bound Pareto dominance: coherence, correctness",-2,-1,-2,True,True,False
helpsteer2:04022,train,0,equivalent within epsilon,0,0,0,False,False,False
helpsteer2:04023,train,1,lower-bound Pareto dominance: correctness,1,1,1,True,True,False
helpsteer2:04024,train,1,lower-bound Pareto dominance: coherence,1,0,0,True,True,False
helpsteer2:04025,train,1,lower-bound Pareto dominance: correctness,0,0,0,False,False,False
helpsteer2:04026,train,0,equivalent within epsilon,1,1,1,False,True,False
helpsteer2:04027,train,1,"lower-bound Pareto dominance: coherence, correctness",2,1,2,True,True,False
helpsteer2:04028,train,1,"lower-bound Pareto dominance: coherence, correctness",4,1,3,True,True,False
helpsteer2:04029,train,-1,"lower-bound Pareto dominance: coherence, correctness",-2,-1,-2,True,True,False
helpsteer2:04030,train,1,"lower-bound Pareto dominance: coherence, correctness",2,1,2,True,True,False
helpsteer2:04031,train,-1,lower-bound Pareto dominance: coherence,0,0,0,False,False,False
helpsteer2:04032,train,-1,lower-bound Pareto dominance: correctness,-2,-1,-1,True,True,False
helpsteer2:04033,train,-1,lower-bound Pareto dominance: correctness,-3,-1,-3,True,True,False
helpsteer2:04034,train,0,equivalent within epsilon,0,0,0,False,False,False
helpsteer2:04035,train,0,equivalent within epsilon,0,1,1,False,False,False
helpsteer2:04036,train,1,lower-bound Pareto dominance: coherence,0,0,0,False,False,False
helpsteer2:04037,train,1,lower-bound Pareto dominance: coherence,-1,0,0,True,True,False
helpsteer2:04038,train,1,"lower-bound Pareto dominance: coherence, correctness",1,0,0,True,True,False
helpsteer2:04039,train,0,equivalent within epsilon,0,-1,-1,False,False,False
helpsteer2:04040,train,1,lower-bound Pareto dominance: correctness,2,1,1,True,True,False
helpsteer2:04041,train,0,equivalent within epsilon,0,0,0,False,False,False
helpsteer2:04042,train,-1,lower-bound Pareto dominance: coherence,0,0,0,False,False,False
helpsteer2:04043,train,-1,"lower-bound Pareto dominance: coherence, correctness",-1,-1,-1,True,True,False
helpsteer2:04044,train,1,lower-bound Pareto dominance: coherence,1,1,1,True,True,False
helpsteer2:04045,train,1,lower-bound Pareto dominance: correctness,2,1,2,True,True,False
helpsteer2:04046,train,0,equivalent within epsilon,0,0,0,False,False,False
helpsteer2:04047,train,-1,lower-bound Pareto dominance: coherence,-1,0,0,True,True,False
helpsteer2:04048,train,0,equivalent within epsilon,0,0,0,False,False,False
helpsteer2:04049,train,1,"lower-bound Pareto dominance: coherence, correctness",1,1,1,True,False,False
helpsteer2:04050,train,0,equivalent within epsilon,0,1,1,False,False,False
helpsteer2:04051,train,0,equivalent within epsilon,0,0,0,False,False,False
helpsteer2:04052,train,0,equivalent within epsilon,0,0,0,False,False,False
helpsteer2:04053,train,-1,"lower-bound Pareto dominance: coherence, correctness",-3,-1,-3,True,True,False
helpsteer2:04054,train,-1,"lower-bound Pareto dominance: coherence, correctness",-3,-1,-3,True,True,False
helpsteer2:04055,train,-1,lower-bound Pareto dominance: coherence,0,0,0,False,False,False
helpsteer2:04056,train,-1,"lower-bound Pareto dominance: coherence, correctness",-4,-1,-3,True,True,False
helpsteer2:04057,train,1,lower-bound Pareto dominance: correctness,2,0,0,True,True,False
helpsteer2:04058,train,0,equivalent within epsilon,0,-1,-1,False,False,False
helpsteer2:04059,train,1,"lower-bound Pareto dominance: coherence, correctness",4,1,3,True,True,False
helpsteer2:04060,train,1,"lower-bound Pareto dominance: coherence, correctness",1,1,2,True,True,False
helpsteer2:04061,train,1,"lower-bound Pareto dominance: coherence, correctness",2,1,2,True,True,False
helpsteer2:04062,train,-1,lower-bound Pareto dominance: correctness,-2,-1,-3,True,True,False
helpsteer2:04063,train,0,equivalent within epsilon,0,0,0,False,False,False
helpsteer2:04064,train,-1,lower-bound Pareto dominance: correctness,-1,0,0,True,True,False
helpsteer2:04065,train,0,equivalent within epsilon,-1,0,0,False,True,False
helpsteer2:04066,train,0,equivalent within epsilon,0,-1,-1,False,False,False
helpsteer2:04067,train,1,"lower-bound Pareto dominance: coherence, correctness",3,1,3,True,True,False
helpsteer2:04068,train,-1,lower-bound Pareto dominance: correctness,-1,0,0,True,False,False
helpsteer2:04069,train,-1,lower-bound Pareto dominance: correctness,-4,-1,-3,True,True,False
helpsteer2:04070,train,1,lower-bound Pareto dominance: correctness,0,1,1,False,False,False
helpsteer2:04071,train,0,equivalent within epsilon,-1,-1,-1,False,True,False
helpsteer2:04072,train,-1,"lower-bound Pareto dominance: coherence, correctness",-1,-1,-1,True,True,False
helpsteer2:04073,train,1,"lower-bound Pareto dominance: coherence, correctness",3,1,3,True,True,False
helpsteer2:04074,train,1,lower-bound Pareto dominance: correctness,2,1,2,True,True,False
helpsteer2:04075,train,-1,lower-bound Pareto dominance: correctness,-2,-1,-2,True,True,False
helpsteer2:04076,train,1,"lower-bound Pareto dominance: coherence, correctness",3,1,3,True,True,False
helpsteer2:04077,train,-1,lower-bound Pareto dominance: correctness,-1,-1,-1,True,True,False
helpsteer2:04078,train,1,lower-bound Pareto dominance: correctness,1,1,2,True,True,False
helpsteer2:04079,train,0,equivalent within epsilon,0,-1,-1,False,False,False
helpsteer2:04080,train,1,lower-bound Pareto dominance: correctness,1,0,0,True,True,False
helpsteer2:04081,train,-1,lower-bound Pareto dominance: correctness,-1,0,0,True,False,False
helpsteer2:04082,train,0,equivalent within epsilon,0,-1,-1,False,False,False
helpsteer2:04083,train,-1,lower-bound Pareto dominance: correctness,-2,-1,-2,True,True,False
helpsteer2:04084,train,0,equivalent within epsilon,0,1,1,False,False,False
helpsteer2:04085,train,0,equivalent within epsilon,0,0,0,False,False,False
helpsteer2:04086,train,-1,lower-bound Pareto dominance: correctness,-1,-1,-1,True,True,False
helpsteer2:04087,train,0,equivalent within epsilon,0,0,0,False,False,False
helpsteer2:04088,train,1,lower-bound Pareto dominance: correctness,1,0,0,True,False,False
helpsteer2:04089,train,1,lower-bound Pareto dominance: correctness,4,1,3,True,True,False
helpsteer2:04090,train,1,lower-bound Pareto dominance: correctness,4,1,3,True,True,False
helpsteer2:04091,train,1,"lower-bound Pareto dominance: coherence, correctness",0,0,0,False,False,False
helpsteer2:04092,train,0,equivalent within epsilon,0,0,0,False,False,False
helpsteer2:04093,train,-1,lower-bound Pareto dominance: correctness,-2,-1,-2,True,True,False
helpsteer2:04094,train,-1,"lower-bound Pareto dominance: coherence, correctness",-1,-1,-1,True,False,False
helpsteer2:04095,train,0,equivalent within epsilon,0,0,0,False,False,False
helpsteer2:04096,train,1,"lower-bound Pareto dominance: coherence, correctness",4,1,3,True,True,False
helpsteer2:04097,train,0,equivalent within epsilon,0,0,0,False,False,False
helpsteer2:04098,train,-1,"lower-bound Pareto dominance: coherence, correctness",-1,-1,-1,True,False,False
helpsteer2:04099,train,0,equivalent within epsilon,0,1,1,False,False,False
helpsteer2:04100,train,1,"lower-bound Pareto dominance: coherence, correctness",4,1,3,True,True,False
helpsteer2:04101,train,-1,"lower-bound Pareto dominance: coherence, correctness",-1,0,0,True,True,False
helpsteer2:04102,train,-1,lower-bound Pareto dominance: correctness,-1,1,1,True,True,False
helpsteer2:04103,train,1,lower-bound Pareto dominance: coherence,1,1,1,True,True,False
helpsteer2:04104,train,1,"lower-bound Pareto dominance: coherence, correctness",1,1,1,True,False,False
helpsteer2:04105,train,0,equivalent within epsilon,0,1,1,False,False,False
helpsteer2:04106,train,0,equivalent within epsilon,1,1,2,False,True,False
helpsteer2:04107,train,-1,lower-bound Pareto dominance: correctness,-1,-1,-2,True,True,False
helpsteer2:04108,train,1,"lower-bound Pareto dominance: coherence, correctness",1,1,1,True,True,False
helpsteer2:04109,train,-1,lower-bound Pareto dominance: correctness,-1,-1,-1,True,False,False
helpsteer2:04110,train,1,"lower-bound Pareto dominance: coherence, correctness",2,1,2,True,True,False
helpsteer2:04111,train,0,equivalent within epsilon,0,0,0,False,False,False
helpsteer2:04112,train,1,"lower-bound Pareto dominance: coherence, correctness",4,1,3,True,True,False
helpsteer2:04113,train,0,equivalent within epsilon,0,-1,-1,False,False,False
helpsteer2:04114,train,0,equivalent within epsilon,0,-1,-2,False,False,False
helpsteer2:04115,train,0,equivalent within epsilon,0,-1,-2,False,False,False
helpsteer2:04116,train,-1,"lower-bound Pareto dominance: coherence, correctness",-1,-1,-2,True,True,False
helpsteer2:04117,train,-1,lower-bound Pareto dominance: correctness,-3,-1,-3,True,True,False
helpsteer2:04118,train,-1,lower-bound Pareto dominance: correctness,-4,-1,-3,True,True,False
helpsteer2:04119,train,1,lower-bound Pareto dominance: correctness,1,1,1,True,True,False
helpsteer2:04120,train,-1,"lower-bound Pareto dominance: coherence, correctness",-1,-1,-1,True,True,False
helpsteer2:04121,train,1,lower-bound Pareto dominance: correctness,0,0,0,False,False,False
helpsteer2:04122,train,1,"lower-bound Pareto dominance: coherence, correctness",2,1,2,True,True,False
helpsteer2:04123,train,0,equivalent within epsilon,0,-1,-1,False,False,False
helpsteer2:04124,train,1,lower-bound Pareto dominance: correctness,1,0,0,True,True,False
helpsteer2:04125,train,1,"lower-bound Pareto dominance: coherence, correctness",4,1,3,True,True,False
helpsteer2:04126,train,-1,"lower-bound Pareto dominance: coherence, correctness",-2,-1,-2,True,True,False
helpsteer2:04127,train,0,equivalent within epsilon,0,1,1,False,False,False
helpsteer2:04128,train,-1,lower-bound Pareto dominance: coherence,0,0,0,False,False,False
helpsteer2:04129,train,-1,lower-bound Pareto dominance: correctness,-2,-1,-2,True,True,False
helpsteer2:04130,train,0,equivalent within epsilon,0,-1,-1,False,False,False
helpsteer2:04131,train,-1,lower-bound Pareto dominance: coherence,0,-1,-1,False,False,False
helpsteer2:04132,train,1,"lower-bound Pareto dominance: coherence, correctness",4,1,3,True,True,False
helpsteer2:04133,train,1,"lower-bound Pareto dominance: coherence, correctness",3,1,3,True,True,False
helpsteer2:04134,train,-1,"lower-bound Pareto dominance: coherence, correctness",-2,-1,-2,True,True,False
helpsteer2:04135,train,1,"lower-bound Pareto dominance: coherence, correctness",3,1,3,True,True,False
helpsteer2:04136,train,1,lower-bound Pareto dominance: correctness,1,1,2,True,True,False
helpsteer2:04137,train,0,equivalent within epsilon,0,0,0,False,False,False
helpsteer2:04138,train,0,equivalent within epsilon,0,0,0,False,False,False
helpsteer2:04139,train,0,equivalent within epsilon,0,-1,-1,False,False,False
helpsteer2:04140,train,-1,lower-bound Pareto dominance: correctness,-1,-1,-1,True,True,False
helpsteer2:04141,train,1,"lower-bound Pareto dominance: coherence, correctness",0,1,1,False,False,False
helpsteer2:04142,train,-1,lower-bound Pareto dominance: correctness,-1,-1,-1,True,True,False
helpsteer2:04143,train,1,lower-bound Pareto dominance: correctness,2,1,1,True,True,False
helpsteer2:04144,train,1,"lower-bound Pareto dominance: coherence, correctness",4,1,3,True,True,False
helpsteer2:04145,train,0,cross-objective tradeoff,2,1,2,False,True,False
helpsteer2:04146,train,0,equivalent within epsilon,0,0,0,False,False,False
helpsteer2:04147,train,0,equivalent within epsilon,0,-1,-2,False,False,False
helpsteer2:04148,train,-1,"lower-bound Pareto dominance: coherence, correctness",-3,-1,-3,True,True,False
helpsteer2:04149,train,-1,"lower-bound Pareto dominance: coherence, correctness",-2,-1,-1,True,True,False
helpsteer2:04150,train,-1,"lower-bound Pareto dominance: coherence, correctness",-2,-1,-2,True,True,False
helpsteer2:04151,train,1,lower-bound Pareto dominance: coherence,3,1,2,True,True,False
helpsteer2:04152,train,1,"lower-bound Pareto dominance: coherence, correctness",1,1,1,True,True,False
helpsteer2:04153,train,1,lower-bound Pareto dominance: correctness,0,0,0,False,False,False
helpsteer2:04154,train,-1,"lower-bound Pareto dominance: coherence, correctness",-4,-1,-3,True,True,False
helpsteer2:04155,train,-1,lower-bound Pareto dominance: correctness,-1,0,0,True,True,False
helpsteer2:04156,train,-1,lower-bound Pareto dominance: correctness,-1,-1,-1,True,True,False
helpsteer2:04157,train,-1,lower-bound Pareto dominance: correctness,-1,-1,-1,True,True,False
helpsteer2:04158,train,1,"lower-bound Pareto dominance: coherence, correctness",2,1,2,True,True,False
helpsteer2:04159,train,1,"lower-bound Pareto dominance: coherence, correctness",2,1,2,True,True,False
helpsteer2:04160,train,1,lower-bound Pareto dominance: correctness,1,1,1,True,True,False
helpsteer2:04161,train,-1,lower-bound Pareto dominance: correctness,-1,-1,-1,True,True,False
helpsteer2:04162,train,-1,lower-bound Pareto dominance: correctness,-1,-1,-2,True,True,False
helpsteer2:04163,train,-1,lower-bound Pareto dominance: correctness,-2,-1,-1,True,True,False
helpsteer2:04164,train,1,lower-bound Pareto dominance: correctness,3,1,3,True,True,False
helpsteer2:04165,train,-1,"lower-bound Pareto dominance: coherence, correctness",-2,-1,-3,True,True,False
helpsteer2:04166,train,1,"lower-bound Pareto dominance: coherence, correctness",0,0,0,False,False,False
helpsteer2:04167,train,1,lower-bound Pareto dominance: correctness,1,1,1,True,True,False
helpsteer2:04168,train,0,equivalent within epsilon,0,1,1,False,False,False
helpsteer2:04169,train,-1,"lower-bound Pareto dominance: coherence, correctness",-1,-1,-1,True,True,False
helpsteer2:04170,train,0,equivalent within epsilon,0,0,0,False,False,False
helpsteer2:04171,train,-1,"lower-bound Pareto dominance: coherence, correctness",-4,-1,-3,True,True,False
helpsteer2:04172,train,0,equivalent within epsilon,0,0,0,False,False,False
helpsteer2:04173,train,-1,lower-bound Pareto dominance: coherence,-1,1,1,True,True,False
helpsteer2:04174,train,-1,"lower-bound Pareto dominance: coherence, correctness",-2,-1,-2,True,True,False
helpsteer2:04175,train,-1,"lower-bound Pareto dominance: coherence, correctness",-4,-1,-3,True,True,False
helpsteer2:04176,train,0,equivalent within epsilon,0,-1,-1,False,False,False
helpsteer2:04177,train,1,lower-bound Pareto dominance: correctness,4,1,2,True,True,False
helpsteer2:04178,train,1,"lower-bound Pareto dominance: coherence, correctness",0,1,1,False,False,False
helpsteer2:04179,train,0,cross-objective tradeoff,2,1,1,False,True,False
helpsteer2:04180,train,1,lower-bound Pareto dominance: correctness,1,-1,-1,True,True,False
helpsteer2:04181,train,1,"lower-bound Pareto dominance: coherence, correctness",4,1,3,True,True,False
helpsteer2:04182,train,-1,lower-bound Pareto dominance: correctness,-1,-1,-1,True,True,False
helpsteer2:04183,train,-1,"lower-bound Pareto dominance: coherence, correctness",-1,-1,-1,True,False,False
helpsteer2:04184,train,1,lower-bound Pareto dominance: correctness,4,1,2,True,True,False
helpsteer2:04185,train,0,equivalent within epsilon,0,-1,-1,False,False,False
helpsteer2:04186,train,-1,"lower-bound Pareto dominance: coherence, correctness",-2,-1,-2,True,True,False
helpsteer2:04187,train,-1,"lower-bound Pareto dominance: coherence, correctness",-1,-1,-1,True,True,False
helpsteer2:04188,train,0,equivalent within epsilon,0,0,0,False,False,False
helpsteer2:04189,train,-1,"lower-bound Pareto dominance: coherence, correctness",-4,-1,-3,True,True,False
helpsteer2:04190,train,0,equivalent within epsilon,0,0,0,False,False,False
helpsteer2:04191,train,0,equivalent within epsilon,0,1,1,False,False,False
helpsteer2:04192,train,1,lower-bound Pareto dominance: correctness,1,1,1,True,True,False
helpsteer2:04193,train,0,equivalent within epsilon,0,0,0,False,False,False
helpsteer2:04194,train,-1,"lower-bound Pareto dominance: coherence, correctness",-1,-1,-2,True,True,False
helpsteer2:04195,train,1,lower-bound Pareto dominance: correctness,2,1,2,True,True,False
helpsteer2:04196,train,-1,"lower-bound Pareto dominance: coherence, correctness",-2,-1,-2,True,True,False
helpsteer2:04197,train,-1,lower-bound Pareto dominance: coherence,0,-1,-2,False,False,False
helpsteer2:04198,train,1,lower-bound Pareto dominance: coherence,1,1,1,True,True,False
helpsteer2:04199,train,0,equivalent within epsilon,0,1,1,False,False,False
helpsteer2:04200,train,0,equivalent within epsilon,0,-1,-1,False,False,False
helpsteer2:04201,train,0,equivalent within epsilon,0,1,1,False,False,False
helpsteer2:04202,train,-1,"lower-bound Pareto dominance: coherence, correctness",-2,-1,-2,True,True,False
helpsteer2:04203,train,-1,"lower-bound Pareto dominance: coherence, correctness",-2,-1,-2,True,True,False
helpsteer2:04204,train,0,equivalent within epsilon,0,1,2,False,False,False
helpsteer2:04205,train,1,lower-bound Pareto dominance: correctness,1,1,1,True,True,False
helpsteer2:04206,train,-1,lower-bound Pareto dominance: correctness,-1,-1,-2,True,True,False
helpsteer2:04207,train,0,equivalent within epsilon,0,0,0,False,False,False
helpsteer2:04208,train,0,equivalent within epsilon,0,1,1,False,False,False
helpsteer2:04209,train,1,lower-bound Pareto dominance: correctness,-2,-1,-2,True,True,False
helpsteer2:04210,train,1,"lower-bound Pareto dominance: coherence, correctness",1,0,0,True,True,False
helpsteer2:04211,train,0,equivalent within epsilon,0,0,0,False,False,False
helpsteer2:04212,train,0,equivalent within epsilon,0,-1,-2,False,False,False
helpsteer2:04213,train,1,lower-bound Pareto dominance: correctness,1,1,1,True,False,False
helpsteer2:04214,train,-1,"lower-bound Pareto dominance: coherence, correctness",-3,-1,-2,True,True,False
helpsteer2:04215,train,-1,lower-bound Pareto dominance: correctness,-2,-1,-2,True,True,False
helpsteer2:04216,train,1,"lower-bound Pareto dominance: coherence, correctness",1,1,1,True,True,False
helpsteer2:04217,train,0,equivalent within epsilon,-1,-1,-2,False,True,False
helpsteer2:04218,train,1,"lower-bound Pareto dominance: coherence, correctness",2,1,2,True,True,False
helpsteer2:04219,train,0,equivalent within epsilon,1,0,0,False,True,False
helpsteer2:04220,train,-1,lower-bound Pareto dominance: correctness,-3,-1,-3,True,True,False
helpsteer2:04221,train,0,equivalent within epsilon,0,1,1,False,False,False
helpsteer2:04222,train,0,cross-objective tradeoff,1,1,1,False,False,False
helpsteer2:04223,train,1,lower-bound Pareto dominance: correctness,2,1,2,True,True,False
helpsteer2:04224,train,-1,lower-bound Pareto dominance: correctness,-1,-1,-1,True,True,False
helpsteer2:04225,train,1,lower-bound Pareto dominance: correctness,1,0,0,True,True,False
helpsteer2:04226,train,-1,lower-bound Pareto dominance: correctness,-2,-1,-2,True,True,False
helpsteer2:04227,train,0,equivalent within epsilon,0,-1,-1,False,False,False
helpsteer2:04228,train,-1,lower-bound Pareto dominance: coherence,-1,0,0,True,True,False
helpsteer2:04229,train,0,equivalent within epsilon,0,1,1,False,False,False
helpsteer2:04230,train,-1,"lower-bound Pareto dominance: coherence, correctness",-3,-1,-3,True,True,False
helpsteer2:04231,train,1,lower-bound Pareto dominance: correctness,4,1,3,True,True,False
helpsteer2:04232,train,-1,"lower-bound Pareto dominance: coherence, correctness",-2,-1,-1,True,True,False
helpsteer2:04233,train,1,lower-bound Pareto dominance: correctness,1,1,1,True,True,False
helpsteer2:04234,train,0,equivalent within epsilon,0,0,0,False,False,False
helpsteer2:04235,train,-1,lower-bound Pareto dominance: correctness,0,0,0,False,False,False
helpsteer2:04236,train,0,equivalent within epsilon,0,0,0,False,False,False
helpsteer2:04237,train,1,"lower-bound Pareto dominance: coherence, correctness",1,1,1,True,True,False
helpsteer2:04238,train,1,"lower-bound Pareto dominance: coherence, correctness",2,1,2,True,True,False
helpsteer2:04239,train,1,"lower-bound Pareto dominance: coherence, correctness",1,1,1,True,True,False
helpsteer2:04240,train,-1,lower-bound Pareto dominance: correctness,-1,0,0,True,True,False
helpsteer2:04241,train,0,equivalent within epsilon,0,1,1,False,False,False
helpsteer2:04242,train,0,equivalent within epsilon,0,0,0,False,False,False
helpsteer2:04243,train,1,"lower-bound Pareto dominance: coherence, correctness",1,1,1,True,True,False
helpsteer2:04244,train,1,lower-bound Pareto dominance: correctness,1,1,1,True,True,False
helpsteer2:04245,train,-1,"lower-bound Pareto dominance: coherence, correctness",-3,-1,-3,True,True,False
helpsteer2:04246,train,-1,"lower-bound Pareto dominance: coherence, correctness",-1,-1,-1,True,True,False
helpsteer2:04247,train,-1,"lower-bound Pareto dominance: coherence, correctness",-1,-1,-2,True,True,False
helpsteer2:04248,train,1,lower-bound Pareto dominance: correctness,2,1,2,True,True,False
helpsteer2:04249,train,1,"lower-bound Pareto dominance: coherence, correctness",3,1,3,True,True,False
helpsteer2:04250,train,-1,lower-bound Pareto dominance: correctness,-1,-1,-1,True,True,False
helpsteer2:04251,train,1,lower-bound Pareto dominance: correctness,2,1,2,True,True,False
helpsteer2:04252,train,0,equivalent within epsilon,0,0,0,False,False,False
helpsteer2:04253,train,0,equivalent within epsilon,0,-1,-1,False,False,False
helpsteer2:04254,train,-1,lower-bound Pareto dominance: correctness,-3,-1,-3,True,True,False
helpsteer2:04255,train,-1,"lower-bound Pareto dominance: coherence, correctness",-2,-1,-2,True,True,False
helpsteer2:04256,train,1,lower-bound Pareto dominance: correctness,1,0,0,True,False,False
helpsteer2:04257,train,-1,lower-bound Pareto dominance: correctness,-2,-1,-2,True,True,False
helpsteer2:04258,train,0,equivalent within epsilon,0,-1,-1,False,False,False
helpsteer2:04259,train,-1,"lower-bound Pareto dominance: coherence, correctness",-2,-1,-2,True,True,False
helpsteer2:04260,train,1,lower-bound Pareto dominance: coherence,1,1,1,True,True,False
helpsteer2:04261,train,-1,lower-bound Pareto dominance: correctness,-1,-1,-2,True,True,False
helpsteer2:04262,train,0,equivalent within epsilon,0,0,0,False,False,False
helpsteer2:04263,train,1,"lower-bound Pareto dominance: coherence, correctness",4,1,3,True,True,False
helpsteer2:04264,train,1,"lower-bound Pareto dominance: coherence, correctness",3,1,2,True,True,False
helpsteer2:04265,train,-1,lower-bound Pareto dominance: correctness,-2,-1,-2,True,True,False
helpsteer2:04266,train,-1,lower-bound Pareto dominance: correctness,-2,0,0,True,True,False
helpsteer2:04267,train,0,equivalent within epsilon,1,1,1,False,True,False
helpsteer2:04268,train,0,equivalent within epsilon,0,-1,-1,False,False,False
helpsteer2:04269,train,1,lower-bound Pareto dominance: correctness,4,1,3,True,True,False
helpsteer2:04270,train,-1,lower-bound Pareto dominance: correctness,-3,0,0,True,True,False
helpsteer2:04271,train,0,equivalent within epsilon,0,1,1,False,False,False
helpsteer2:04272,train,0,equivalent within epsilon,1,0,0,False,True,False
helpsteer2:04273,train,1,lower-bound Pareto dominance: correctness,2,1,2,True,True,False
helpsteer2:04274,train,1,lower-bound Pareto dominance: correctness,1,0,0,True,True,False
helpsteer2:04275,train,1,"lower-bound Pareto dominance: coherence, correctness",3,1,2,True,True,False
helpsteer2:04276,train,-1,"lower-bound Pareto dominance: coherence, correctness",-1,-1,-1,True,True,False
helpsteer2:04277,train,0,equivalent within epsilon,0,0,0,False,False,False
helpsteer2:04278,train,-1,lower-bound Pareto dominance: coherence,0,-1,-1,False,False,False
helpsteer2:04279,train,-1,lower-bound Pareto dominance: correctness,-3,-1,-3,True,True,False
helpsteer2:04280,train,-1,"lower-bound Pareto dominance: coherence, correctness",-2,-1,-2,True,True,False
helpsteer2:04281,train,-1,lower-bound Pareto dominance: correctness,-3,1,1,True,True,False
helpsteer2:04282,train,0,equivalent within epsilon,0,1,1,False,False,False
helpsteer2:04283,train,1,lower-bound Pareto dominance: correctness,2,1,2,True,True,False
helpsteer2:04284,train,-1,"lower-bound Pareto dominance: coherence, correctness",-1,-1,-1,True,False,False
helpsteer2:04285,train,1,lower-bound Pareto dominance: correctness,3,1,1,True,True,False
helpsteer2:04286,train,1,lower-bound Pareto dominance: correctness,1,1,2,True,False,False
helpsteer2:04287,train,1,"lower-bound Pareto dominance: coherence, correctness",2,1,3,True,True,False
helpsteer2:04288,train,-1,lower-bound Pareto dominance: coherence,0,-1,-2,False,False,False
helpsteer2:04289,train,1,lower-bound Pareto dominance: correctness,1,0,0,True,True,False
helpsteer2:04290,train,0,equivalent within epsilon,2,1,2,False,True,False
helpsteer2:04291,train,1,"lower-bound Pareto dominance: coherence, correctness",1,1,1,True,False,False
helpsteer2:04292,train,1,lower-bound Pareto dominance: correctness,4,1,3,True,True,False
helpsteer2:04293,train,1,"lower-bound Pareto dominance: coherence, correctness",2,1,2,True,True,False
helpsteer2:04294,train,0,equivalent within epsilon,0,1,1,False,False,False
helpsteer2:04295,train,1,lower-bound Pareto dominance: correctness,1,1,2,True,True,False
helpsteer2:04296,train,1,lower-bound Pareto dominance: coherence,1,1,1,True,True,False
helpsteer2:04297,train,-1,lower-bound Pareto dominance: correctness,-2,-1,-1,True,True,False
helpsteer2:04298,train,-1,lower-bound Pareto dominance: correctness,-1,-1,-1,True,True,False
helpsteer2:04299,train,1,"lower-bound Pareto dominance: coherence, correctness",1,1,1,True,True,False
helpsteer2:04300,train,0,equivalent within epsilon,1,1,1,False,True,False
helpsteer2:04301,train,1,"lower-bound Pareto dominance: coherence, correctness",4,1,3,True,True,False
helpsteer2:04302,train,1,lower-bound Pareto dominance: correctness,1,-1,-2,True,True,False
helpsteer2:04303,train,0,equivalent within epsilon,1,1,1,False,False,False
helpsteer2:04304,train,1,"lower-bound Pareto dominance: coherence, correctness",1,1,1,True,True,False
helpsteer2:04305,train,-1,lower-bound Pareto dominance: correctness,-1,-1,-2,True,True,False
helpsteer2:04306,train,1,"lower-bound Pareto dominance: coherence, correctness",3,1,3,True,True,False
helpsteer2:04307,train,1,"lower-bound Pareto dominance: coherence, correctness",1,0,0,True,True,False
helpsteer2:04308,train,1,lower-bound Pareto dominance: correctness,2,1,2,True,True,False
helpsteer2:04309,train,1,"lower-bound Pareto dominance: coherence, correctness",1,1,2,True,False,False
helpsteer2:04310,train,1,"lower-bound Pareto dominance: coherence, correctness",3,1,2,True,True,False
helpsteer2:04311,train,-1,"lower-bound Pareto dominance: coherence, correctness",-2,-1,-2,True,True,False
helpsteer2:04312,train,1,lower-bound Pareto dominance: correctness,3,1,3,True,True,False
helpsteer2:04313,train,0,equivalent within epsilon,0,1,1,False,False,False
helpsteer2:04314,train,1,"lower-bound Pareto dominance: coherence, correctness",3,1,2,True,True,False
helpsteer2:04315,train,1,"lower-bound Pareto dominance: coherence, correctness",2,1,2,True,True,False
helpsteer2:04316,train,0,equivalent within epsilon,0,0,0,False,False,False
helpsteer2:04317,train,-1,lower-bound Pareto dominance: correctness,-1,-1,-1,True,True,False
helpsteer2:04318,train,-1,"lower-bound Pareto dominance: coherence, correctness",-4,-1,-3,True,True,False
helpsteer2:04319,train,1,lower-bound Pareto dominance: correctness,3,1,2,True,True,False
helpsteer2:04320,train,1,"lower-bound Pareto dominance: coherence, correctness",4,1,3,True,True,False
helpsteer2:04321,train,1,"lower-bound Pareto dominance: coherence, correctness",3,1,2,True,True,False
helpsteer2:04322,train,1,"lower-bound Pareto dominance: coherence, correctness",2,1,2,True,True,False
helpsteer2:04323,train,1,lower-bound Pareto dominance: correctness,1,1,1,True,True,False
helpsteer2:04324,train,1,lower-bound Pareto dominance: correctness,1,1,2,True,True,False
helpsteer2:04325,train,0,equivalent within epsilon,0,0,0,False,False,False
helpsteer2:04326,train,-1,"lower-bound Pareto dominance: coherence, correctness",-3,-1,-2,True,True,False
helpsteer2:04327,train,1,"lower-bound Pareto dominance: coherence, correctness",1,1,1,True,True,False
helpsteer2:04328,train,0,cross-objective tradeoff,-2,-1,-2,False,True,False
helpsteer2:04329,train,1,"lower-bound Pareto dominance: coherence, correctness",2,1,2,True,True,False
helpsteer2:04330,train,1,lower-bound Pareto dominance: correctness,1,1,1,True,True,False
helpsteer2:04331,train,1,lower-bound Pareto dominance: correctness,2,1,2,True,True,False
helpsteer2:04332,train,0,equivalent within epsilon,0,0,0,False,False,False
helpsteer2:04333,train,1,lower-bound Pareto dominance: correctness,1,1,1,True,True,False
helpsteer2:04334,train,-1,lower-bound Pareto dominance: coherence,1,1,1,True,True,False
helpsteer2:04335,train,-1,lower-bound Pareto dominance: correctness,-3,-1,-3,True,True,False
helpsteer2:04336,train,0,equivalent within epsilon,0,0,0,False,False,False
helpsteer2:04337,train,1,lower-bound Pareto dominance: correctness,1,1,2,True,True,False
helpsteer2:04338,train,-1,lower-bound Pareto dominance: correctness,-2,-1,-2,True,True,False
helpsteer2:04339,train,-1,"lower-bound Pareto dominance: coherence, correctness",-4,-1,-3,True,True,False
helpsteer2:04340,train,1,"lower-bound Pareto dominance: coherence, correctness",3,1,3,True,True,False
helpsteer2:04341,train,0,equivalent within epsilon,0,0,0,False,False,False
helpsteer2:04342,train,0,equivalent within epsilon,0,-1,-1,False,False,False
helpsteer2:04343,train,0,equivalent within epsilon,0,0,0,False,False,False
helpsteer2:04344,train,-1,"lower-bound Pareto dominance: coherence, correctness",-1,-1,-1,True,True,False
helpsteer2:04345,train,-1,lower-bound Pareto dominance: correctness,-1,-1,-1,True,True,False
helpsteer2:04346,train,-1,lower-bound Pareto dominance: correctness,-1,-1,-1,True,True,False
helpsteer2:04347,train,-1,lower-bound Pareto dominance: correctness,-1,0,0,True,True,False
helpsteer2:04348,train,1,"lower-bound Pareto dominance: coherence, correctness",1,1,1,True,True,False
helpsteer2:04349,train,1,lower-bound Pareto dominance: correctness,3,1,2,True,True,False
helpsteer2:04350,train,1,lower-bound Pareto dominance: coherence,1,0,0,True,True,False
helpsteer2:04351,train,-1,"lower-bound Pareto dominance: coherence, correctness",-3,-1,-3,True,True,False
helpsteer2:04352,train,0,equivalent within epsilon,-1,0,0,False,True,False
helpsteer2:04353,train,1,"lower-bound Pareto dominance: coherence, correctness",1,1,2,True,True,False
helpsteer2:04354,train,-1,lower-bound Pareto dominance: correctness,-1,-1,-1,True,True,False
helpsteer2:04355,train,-1,lower-bound Pareto dominance: correctness,-2,-1,-2,True,True,False
helpsteer2:04356,train,0,equivalent within epsilon,0,-1,-1,False,False,False
helpsteer2:04357,train,1,"lower-bound Pareto dominance: coherence, correctness",4,1,3,True,True,False
helpsteer2:04358,train,-1,"lower-bound Pareto dominance: coherence, correctness",-2,-1,-2,True,True,False
helpsteer2:04359,train,1,"lower-bound Pareto dominance: coherence, correctness",1,1,1,True,True,False
helpsteer2:04360,train,0,equivalent within epsilon,0,0,0,False,False,False
helpsteer2:04361,train,0,equivalent within epsilon,0,0,0,False,False,False
helpsteer2:04362,train,-1,lower-bound Pareto dominance: correctness,-1,-1,-2,True,True,False
helpsteer2:04363,train,0,equivalent within epsilon,0,1,1,False,False,False
helpsteer2:04364,train,0,equivalent within epsilon,0,1,1,False,False,False
helpsteer2:04365,train,-1,"lower-bound Pareto dominance: coherence, correctness",-4,-1,-3,True,True,False
helpsteer2:04366,train,-1,lower-bound Pareto dominance: correctness,-1,-1,-1,True,True,False
helpsteer2:04367,train,1,"lower-bound Pareto dominance: coherence, correctness",1,1,1,True,False,False
helpsteer2:04368,train,1,lower-bound Pareto dominance: coherence,0,-1,-1,False,False,False
helpsteer2:04369,train,1,lower-bound Pareto dominance: correctness,2,1,2,True,True,False
helpsteer2:04370,train,1,lower-bound Pareto dominance: correctness,3,1,3,True,True,False
helpsteer2:04371,train,-1,"lower-bound Pareto dominance: coherence, correctness",-4,-1,-3,True,True,False
helpsteer2:04372,train,1,"lower-bound Pareto dominance: coherence, correctness",3,1,3,True,True,False
helpsteer2:04373,train,0,equivalent within epsilon,0,0,0,False,False,False
helpsteer2:04374,train,1,"lower-bound Pareto dominance: coherence, correctness",4,1,3,True,True,False
helpsteer2:04375,train,0,equivalent within epsilon,-2,-1,-2,False,True,False
helpsteer2:04376,train,0,equivalent within epsilon,0,0,0,False,False,False
helpsteer2:04377,train,-1,"lower-bound Pareto dominance: coherence, correctness",-2,-1,-2,True,True,False
helpsteer2:04378,train,-1,"lower-bound Pareto dominance: coherence, correctness",-2,-1,-2,True,True,False
helpsteer2:04379,train,-1,"lower-bound Pareto dominance: coherence, correctness",-3,-1,-3,True,True,False
helpsteer2:04380,train,1,lower-bound Pareto dominance: correctness,2,1,2,True,True,False
helpsteer2:04381,train,0,equivalent within epsilon,0,-1,-1,False,False,False
helpsteer2:04382,train,-1,"lower-bound Pareto dominance: coherence, correctness",-4,-1,-3,True,True,False
helpsteer2:04383,train,-1,"lower-bound Pareto dominance: coherence, correctness",-1,-1,-1,True,True,False
helpsteer2:04384,train,-1,lower-bound Pareto dominance: correctness,-1,-1,-1,True,False,False
helpsteer2:04385,train,0,equivalent within epsilon,0,-1,-1,False,False,False
helpsteer2:04386,train,1,lower-bound Pareto dominance: correctness,1,0,0,True,True,False
helpsteer2:04387,train,1,lower-bound Pareto dominance: correctness,1,1,1,True,True,False
helpsteer2:04388,train,-1,lower-bound Pareto dominance: correctness,-2,-1,-2,True,True,False
helpsteer2:04389,train,1,lower-bound Pareto dominance: correctness,1,1,1,True,False,False
helpsteer2:04390,train,1,"lower-bound Pareto dominance: coherence, correctness",3,1,2,True,True,False
helpsteer2:04391,train,-1,lower-bound Pareto dominance: correctness,-1,-1,-1,True,True,False
helpsteer2:04392,train,1,lower-bound Pareto dominance: correctness,1,0,0,True,True,False
helpsteer2:04393,train,0,equivalent within epsilon,0,0,0,False,False,False
helpsteer2:04394,train,0,equivalent within epsilon,0,0,0,False,False,False
helpsteer2:04395,train,0,equivalent within epsilon,3,0,0,False,True,False
helpsteer2:04396,train,-1,lower-bound Pareto dominance: correctness,-4,-1,-3,True,True,False
helpsteer2:04397,train,0,equivalent within epsilon,-1,-1,-1,False,True,False
helpsteer2:04398,train,0,equivalent within epsilon,0,1,1,False,False,False
helpsteer2:04399,train,0,equivalent within epsilon,0,-1,-1,False,False,False
helpsteer2:04400,train,-1,"lower-bound Pareto dominance: coherence, correctness",-1,0,0,True,False,False
helpsteer2:04401,train,-1,lower-bound Pareto dominance: correctness,-1,-1,-1,True,True,False
helpsteer2:04402,train,1,lower-bound Pareto dominance: correctness,2,1,2,True,True,False
helpsteer2:04403,train,1,lower-bound Pareto dominance: correctness,3,1,2,True,True,False
helpsteer2:04404,train,1,lower-bound Pareto dominance: correctness,3,1,3,True,True,False
helpsteer2:04405,train,1,lower-bound Pareto dominance: correctness,2,1,2,True,True,False
helpsteer2:04406,train,-1,"lower-bound Pareto dominance: coherence, correctness",-2,-1,-1,True,True,False
helpsteer2:04407,train,-1,"lower-bound Pareto dominance: coherence, correctness",-2,-1,-2,True,True,False
helpsteer2:04408,train,0,equivalent within epsilon,0,-1,-1,False,False,False
helpsteer2:04409,train,1,lower-bound Pareto dominance: correctness,1,1,2,True,True,False
helpsteer2:04410,train,-1,"lower-bound Pareto dominance: coherence, correctness",-4,-1,-3,True,True,False
helpsteer2:04411,train,1,lower-bound Pareto dominance: correctness,3,1,3,True,True,False
helpsteer2:04412,train,0,equivalent within epsilon,0,1,1,False,False,False
helpsteer2:04413,train,1,"lower-bound Pareto dominance: coherence, correctness",2,1,2,True,True,False
helpsteer2:04414,train,-1,lower-bound Pareto dominance: coherence,-1,-1,-1,True,True,False
helpsteer2:04415,train,1,lower-bound Pareto dominance: coherence,0,1,1,False,False,False
helpsteer2:04416,train,-1,lower-bound Pareto dominance: correctness,-4,-1,-3,True,True,False
helpsteer2:04417,train,1,lower-bound Pareto dominance: correctness,1,1,1,True,True,False
helpsteer2:04418,train,-1,"lower-bound Pareto dominance: coherence, correctness",-2,-1,-2,True,True,False
helpsteer2:04419,train,1,lower-bound Pareto dominance: correctness,2,1,1,True,True,False
helpsteer2:04420,train,0,equivalent within epsilon,0,0,0,False,False,False
helpsteer2:04421,train,-1,"lower-bound Pareto dominance: coherence, correctness",-2,-1,-2,True,True,False
helpsteer2:04422,train,1,lower-bound Pareto dominance: correctness,1,-1,-1,True,True,False
helpsteer2:04423,train,1,lower-bound Pareto dominance: coherence,0,0,0,False,False,False
helpsteer2:04424,train,1,lower-bound Pareto dominance: correctness,2,1,2,True,True,False
helpsteer2:04425,train,1,lower-bound Pareto dominance: coherence,0,0,0,False,False,False
helpsteer2:04426,train,1,"lower-bound Pareto dominance: coherence, correctness",2,1,3,True,True,False
helpsteer2:04427,train,-1,lower-bound Pareto dominance: correctness,-2,-1,-2,True,True,False
helpsteer2:04428,train,-1,lower-bound Pareto dominance: correctness,-3,-1,-3,True,True,False
helpsteer2:04429,train,0,equivalent within epsilon,-1,0,0,False,True,False
helpsteer2:04430,train,-1,"lower-bound Pareto dominance: coherence, correctness",-1,-1,-2,True,True,False
helpsteer2:04431,train,1,"lower-bound Pareto dominance: coherence, correctness",1,1,1,True,True,False
helpsteer2:04432,train,-1,lower-bound Pareto dominance: correctness,-1,-1,-2,True,True,False
helpsteer2:04433,train,-1,"lower-bound Pareto dominance: coherence, correctness",-2,-1,-2,True,True,False
helpsteer2:04434,train,-1,lower-bound Pareto dominance: correctness,-3,-1,-1,True,True,False
helpsteer2:04435,train,1,"lower-bound Pareto dominance: coherence, correctness",1,1,1,True,True,False
helpsteer2:04436,train,0,equivalent within epsilon,0,0,0,False,False,False
helpsteer2:04437,train,0,equivalent within epsilon,-1,-1,-2,False,True,False
helpsteer2:04438,train,0,equivalent within epsilon,0,0,0,False,False,False
helpsteer2:04439,train,1,lower-bound Pareto dominance: correctness,3,1,1,True,True,False
helpsteer2:04440,train,-1,"lower-bound Pareto dominance: coherence, correctness",-1,-1,-1,True,True,False
helpsteer2:04441,train,1,lower-bound Pareto dominance: coherence,1,1,1,True,True,False
helpsteer2:04442,train,1,lower-bound Pareto dominance: correctness,1,1,1,True,False,False
helpsteer2:04443,train,0,equivalent within epsilon,0,0,0,False,False,False
helpsteer2:04444,train,-1,"lower-bound Pareto dominance: coherence, correctness",-2,-1,-2,True,True,False
helpsteer2:04445,train,-1,lower-bound Pareto dominance: correctness,0,0,0,False,False,False
helpsteer2:04446,train,1,lower-bound Pareto dominance: correctness,1,0,0,True,True,False
helpsteer2:04447,train,1,lower-bound Pareto dominance: correctness,2,1,2,True,True,False
helpsteer2:04448,train,-1,lower-bound Pareto dominance: correctness,-2,-1,-2,True,True,False
helpsteer2:04449,train,-1,lower-bound Pareto dominance: correctness,-1,-1,-1,True,True,False
helpsteer2:04450,train,1,lower-bound Pareto dominance: correctness,2,1,2,True,True,False
helpsteer2:04451,train,1,lower-bound Pareto dominance: correctness,3,1,3,True,True,False
helpsteer2:04452,train,1,lower-bound Pareto dominance: correctness,1,0,0,True,True,False
helpsteer2:04453,train,-1,lower-bound Pareto dominance: correctness,-1,-1,-1,True,False,False
helpsteer2:04454,train,-1,"lower-bound Pareto dominance: coherence, correctness",-2,-1,-1,True,True,False
helpsteer2:04455,train,-1,lower-bound Pareto dominance: correctness,-1,-1,-1,True,True,False
helpsteer2:04456,train,0,equivalent within epsilon,0,0,0,False,False,False
helpsteer2:04457,train,1,"lower-bound Pareto dominance: coherence, correctness",4,1,3,True,True,False
helpsteer2:04458,train,1,lower-bound Pareto dominance: correctness,2,1,2,True,True,False
helpsteer2:04459,train,-1,lower-bound Pareto dominance: correctness,-2,-1,-1,True,True,False
helpsteer2:04460,train,0,equivalent within epsilon,0,0,0,False,False,False
helpsteer2:04461,train,-1,lower-bound Pareto dominance: correctness,-3,-1,-3,True,True,False
helpsteer2:04462,train,1,lower-bound Pareto dominance: correctness,1,1,2,True,True,False
helpsteer2:04463,train,1,lower-bound Pareto dominance: correctness,3,1,2,True,True,False
helpsteer2:04464,train,0,equivalent within epsilon,0,0,0,False,False,False
helpsteer2:04465,train,-1,lower-bound Pareto dominance: correctness,-2,-1,-2,True,True,False
helpsteer2:04466,train,-1,lower-bound Pareto dominance: correctness,-2,-1,-1,True,True,False
helpsteer2:04467,train,1,"lower-bound Pareto dominance: coherence, correctness",4,1,3,True,True,False
helpsteer2:04468,train,1,lower-bound Pareto dominance: coherence,1,1,1,True,False,False
helpsteer2:04469,train,0,equivalent within epsilon,0,0,0,False,False,False
helpsteer2:04470,train,1,"lower-bound Pareto dominance: coherence, correctness",3,1,2,True,True,False
helpsteer2:04471,train,-1,lower-bound Pareto dominance: correctness,-1,-1,-1,True,True,False
helpsteer2:04472,train,-1,"lower-bound Pareto dominance: coherence, correctness",-2,-1,-2,True,True,False
helpsteer2:04473,train,1,lower-bound Pareto dominance: correctness,1,1,1,True,True,False
helpsteer2:04474,train,-1,lower-bound Pareto dominance: coherence,-1,-1,-1,True,True,False
helpsteer2:04475,train,1,"lower-bound Pareto dominance: coherence, correctness",1,1,1,True,False,False
helpsteer2:04476,train,1,"lower-bound Pareto dominance: coherence, correctness",2,1,2,True,True,False
helpsteer2:04477,train,0,equivalent within epsilon,0,0,0,False,False,False
helpsteer2:04478,train,0,equivalent within epsilon,0,0,0,False,False,False
helpsteer2:04479,train,1,"lower-bound Pareto dominance: coherence, correctness",2,1,2,True,True,False
helpsteer2:04480,train,-1,lower-bound Pareto dominance: correctness,-1,0,0,True,True,False
helpsteer2:04481,train,-1,"lower-bound Pareto dominance: coherence, correctness",-3,-1,-3,True,True,False
helpsteer2:04482,train,1,"lower-bound Pareto dominance: coherence, correctness",0,1,1,False,False,False
helpsteer2:04483,train,1,"lower-bound Pareto dominance: coherence, correctness",1,0,0,True,True,False
helpsteer2:04484,train,1,lower-bound Pareto dominance: correctness,4,1,3,True,True,False
helpsteer2:04485,train,0,equivalent within epsilon,0,-1,-2,False,False,False
helpsteer2:04486,train,1,lower-bound Pareto dominance: coherence,0,1,1,False,False,False
helpsteer2:04487,train,-1,lower-bound Pareto dominance: coherence,0,-1,-1,False,False,False
helpsteer2:04488,train,-1,"lower-bound Pareto dominance: coherence, correctness",-1,0,0,True,True,False
helpsteer2:04489,train,0,cross-objective tradeoff,1,1,2,False,False,False
helpsteer2:04490,train,0,cross-objective tradeoff,0,0,0,False,False,False
helpsteer2:04491,train,0,equivalent within epsilon,0,1,1,False,False,False
helpsteer2:04492,train,0,equivalent within epsilon,-1,0,0,False,True,False
helpsteer2:04493,train,1,lower-bound Pareto dominance: correctness,3,1,3,True,True,False
helpsteer2:04494,train,1,lower-bound Pareto dominance: coherence,0,0,0,False,False,False
helpsteer2:04495,train,0,equivalent within epsilon,0,-1,-1,False,False,False
helpsteer2:04496,train,1,lower-bound Pareto dominance: correctness,1,1,1,True,True,False
helpsteer2:04497,train,1,"lower-bound Pareto dominance: coherence, correctness",2,1,2,True,True,False
helpsteer2:04498,train,-1,lower-bound Pareto dominance: correctness,-1,-1,-1,True,True,False
helpsteer2:04499,train,1,"lower-bound Pareto dominance: coherence, correctness",2,1,2,True,True,False
helpsteer2:04500,train,1,"lower-bound Pareto dominance: coherence, correctness",2,1,2,True,True,False
helpsteer2:04501,train,-1,lower-bound Pareto dominance: correctness,-2,-1,-2,True,True,False
helpsteer2:04502,train,0,equivalent within epsilon,0,1,1,False,False,False
helpsteer2:04503,train,0,equivalent within epsilon,1,1,2,False,True,False
helpsteer2:04504,train,1,lower-bound Pareto dominance: coherence,0,1,1,False,False,False
helpsteer2:04505,train,-1,lower-bound Pareto dominance: coherence,-1,-1,-1,True,True,False
helpsteer2:04506,train,1,"lower-bound Pareto dominance: coherence, correctness",4,1,3,True,True,False
helpsteer2:04507,train,1,lower-bound Pareto dominance: coherence,-1,1,2,True,True,False
helpsteer2:04508,train,1,lower-bound Pareto dominance: correctness,4,1,3,True,True,False
helpsteer2:04509,train,1,lower-bound Pareto dominance: coherence,1,0,0,True,True,False
helpsteer2:04510,train,1,"lower-bound Pareto dominance: coherence, correctness",1,1,1,True,True,False
helpsteer2:04511,train,0,equivalent within epsilon,-1,-1,-1,False,True,False
helpsteer2:04512,train,1,lower-bound Pareto dominance: correctness,1,1,1,True,True,False
helpsteer2:04513,train,1,"lower-bound Pareto dominance: coherence, correctness",3,1,3,True,True,False
helpsteer2:04514,train,1,lower-bound Pareto dominance: correctness,4,1,3,True,True,False
helpsteer2:04515,train,1,lower-bound Pareto dominance: correctness,4,1,3,True,True,False
helpsteer2:04516,train,1,lower-bound Pareto dominance: correctness,3,1,3,True,True,False
helpsteer2:04517,train,1,"lower-bound Pareto dominance: coherence, correctness",1,1,1,True,True,False
helpsteer2:04518,train,1,lower-bound Pareto dominance: correctness,1,1,2,True,True,False
helpsteer2:04519,train,1,lower-bound Pareto dominance: coherence,0,1,1,False,False,False
helpsteer2:04520,train,-1,lower-bound Pareto dominance: correctness,-1,-1,-2,True,True,False
helpsteer2:04521,train,1,lower-bound Pareto dominance: correctness,1,0,0,True,False,False
helpsteer2:04522,train,-1,"lower-bound Pareto dominance: coherence, correctness",-4,-1,-3,True,True,False
helpsteer2:04523,train,1,lower-bound Pareto dominance: coherence,0,1,1,False,False,False
helpsteer2:04524,train,0,equivalent within epsilon,0,1,1,False,False,False
helpsteer2:04525,train,-1,"lower-bound Pareto dominance: coherence, correctness",-2,-1,-2,True,True,False
helpsteer2:04526,train,1,"lower-bound Pareto dominance: coherence, correctness",3,1,3,True,True,False
helpsteer2:04527,train,-1,"lower-bound Pareto dominance: coherence, correctness",-4,-1,-3,True,True,False
helpsteer2:04528,train,1,"lower-bound Pareto dominance: coherence, correctness",1,1,1,True,False,False
helpsteer2:04529,train,0,cross-objective tradeoff,3,1,3,False,True,False
helpsteer2:04530,train,1,lower-bound Pareto dominance: correctness,3,1,2,True,True,False
helpsteer2:04531,train,1,"lower-bound Pareto dominance: coherence, correctness",2,1,2,True,True,False
helpsteer2:04532,train,0,cross-objective tradeoff,0,1,1,False,False,False
helpsteer2:04533,train,0,equivalent within epsilon,0,1,1,False,False,False
helpsteer2:04534,train,1,lower-bound Pareto dominance: correctness,1,1,1,True,True,False
helpsteer2:04535,train,0,equivalent within epsilon,1,0,0,False,True,False
helpsteer2:04536,train,-1,lower-bound Pareto dominance: coherence,0,-1,-1,False,False,False
helpsteer2:04537,train,0,equivalent within epsilon,0,-1,-3,False,False,False
helpsteer2:04538,train,1,lower-bound Pareto dominance: correctness,1,1,1,True,True,False
helpsteer2:04539,train,1,lower-bound Pareto dominance: correctness,1,0,0,True,True,False
helpsteer2:04540,train,-1,"lower-bound Pareto dominance: coherence, correctness",-2,-1,-3,True,True,False
helpsteer2:04541,train,-1,"lower-bound Pareto dominance: coherence, correctness",-3,-1,-3,True,True,False
helpsteer2:04542,train,1,"lower-bound Pareto dominance: coherence, correctness",3,1,2,True,True,False
helpsteer2:04543,train,-1,lower-bound Pareto dominance: correctness,-1,-1,-1,True,True,False
helpsteer2:04544,train,0,equivalent within epsilon,0,0,0,False,False,False
helpsteer2:04545,train,0,equivalent within epsilon,0,0,0,False,False,False
helpsteer2:04546,train,1,lower-bound Pareto dominance: correctness,2,1,2,True,True,False
helpsteer2:04547,train,0,equivalent within epsilon,0,0,0,False,False,False
helpsteer2:04548,train,0,equivalent within epsilon,0,-1,-1,False,False,False
helpsteer2:04549,train,1,"lower-bound Pareto dominance: coherence, correctness",1,1,1,True,False,False
helpsteer2:04550,train,-1,lower-bound Pareto dominance: correctness,-3,-1,-3,True,True,False
helpsteer2:04551,train,0,equivalent within epsilon,0,-1,-1,False,False,False
helpsteer2:04552,train,1,"lower-bound Pareto dominance: coherence, correctness",1,1,1,True,False,False
helpsteer2:04553,train,0,equivalent within epsilon,0,0,0,False,False,False
helpsteer2:04554,train,1,lower-bound Pareto dominance: correctness,1,1,1,True,True,False
helpsteer2:04555,train,1,lower-bound Pareto dominance: correctness,1,1,1,True,True,False
helpsteer2:04556,train,1,lower-bound Pareto dominance: coherence,1,1,1,True,False,False
helpsteer2:04557,train,0,equivalent within epsilon,0,0,0,False,False,False
helpsteer2:04558,train,1,lower-bound Pareto dominance: correctness,0,0,0,False,False,False
helpsteer2:04559,train,1,lower-bound Pareto dominance: correctness,2,1,1,True,True,False
helpsteer2:04560,train,1,"lower-bound Pareto dominance: coherence, correctness",2,1,2,True,True,False
helpsteer2:04561,train,-1,lower-bound Pareto dominance: correctness,0,-1,-1,False,False,False
helpsteer2:04562,train,0,equivalent within epsilon,0,0,0,False,False,False
helpsteer2:04563,train,-1,lower-bound Pareto dominance: coherence,-1,-1,-1,True,True,False
helpsteer2:04564,train,-1,lower-bound Pareto dominance: coherence,-1,0,0,True,True,False
helpsteer2:04565,train,0,equivalent within epsilon,0,0,0,False,False,False
helpsteer2:04566,train,-1,"lower-bound Pareto dominance: coherence, correctness",-4,-1,-3,True,True,False
helpsteer2:04567,train,0,equivalent within epsilon,0,0,0,False,False,False
helpsteer2:04568,train,1,"lower-bound Pareto dominance: coherence, correctness",1,1,1,True,True,False
helpsteer2:04569,train,1,lower-bound Pareto dominance: correctness,4,1,2,True,True,False
helpsteer2:04570,train,1,"lower-bound Pareto dominance: coherence, correctness",2,1,2,True,True,False
helpsteer2:04571,train,-1,"lower-bound Pareto dominance: coherence, correctness",-1,-1,-2,True,True,False
helpsteer2:04572,train,-1,lower-bound Pareto dominance: coherence,0,-1,-2,False,False,False
helpsteer2:04573,train,1,lower-bound Pareto dominance: correctness,3,1,1,True,True,False
helpsteer2:04574,train,0,equivalent within epsilon,0,0,0,False,False,False
helpsteer2:04575,train,0,equivalent within epsilon,0,0,0,False,False,False
helpsteer2:04576,train,0,equivalent within epsilon,3,1,1,False,True,False
helpsteer2:04577,train,-1,lower-bound Pareto dominance: correctness,-1,-1,-1,True,False,False
helpsteer2:04578,train,-1,lower-bound Pareto dominance: correctness,-4,-1,-3,True,True,False
helpsteer2:04579,train,-1,lower-bound Pareto dominance: correctness,0,-1,-1,False,False,False
helpsteer2:04580,train,1,lower-bound Pareto dominance: coherence,0,0,0,False,False,False
helpsteer2:04581,train,0,equivalent within epsilon,0,1,1,False,False,False
helpsteer2:04582,train,1,lower-bound Pareto dominance: coherence,1,1,1,True,True,False
helpsteer2:04583,train,-1,lower-bound Pareto dominance: correctness,-4,-1,-3,True,True,False
helpsteer2:04584,train,-1,"lower-bound Pareto dominance: coherence, correctness",-2,-1,-2,True,True,False
helpsteer2:04585,train,0,equivalent within epsilon,0,0,0,False,False,False
helpsteer2:04586,train,1,lower-bound Pareto dominance: correctness,2,-1,-2,True,True,False
helpsteer2:04587,train,1,lower-bound Pareto dominance: coherence,0,0,0,False,False,False
helpsteer2:04588,train,0,cross-objective tradeoff,0,-1,-2,False,False,False
helpsteer2:04589,train,-1,"lower-bound Pareto dominance: coherence, correctness",-1,-1,-1,True,True,False
helpsteer2:04590,train,1,"lower-bound Pareto dominance: coherence, correctness",1,1,1,True,False,False
helpsteer2:04591,train,1,"lower-bound Pareto dominance: coherence, correctness",1,1,1,True,True,False
helpsteer2:04592,train,1,"lower-bound Pareto dominance: coherence, correctness",1,1,1,True,True,False
helpsteer2:04593,train,1,lower-bound Pareto dominance: correctness,1,1,1,True,False,False
helpsteer2:04594,train,1,"lower-bound Pareto dominance: coherence, correctness",2,1,2,True,True,False
helpsteer2:04595,train,-1,"lower-bound Pareto dominance: coherence, correctness",-3,-1,-3,True,True,False
helpsteer2:04596,train,1,"lower-bound Pareto dominance: coherence, correctness",2,1,2,True,True,False
helpsteer2:04597,train,-1,lower-bound Pareto dominance: coherence,-1,0,0,True,True,False
helpsteer2:04598,train,0,equivalent within epsilon,0,0,0,False,False,False
helpsteer2:04599,train,1,lower-bound Pareto dominance: correctness,4,1,3,True,True,False
helpsteer2:04600,train,0,cross-objective tradeoff,0,0,0,False,False,False
helpsteer2:04601,train,1,lower-bound Pareto dominance: correctness,1,1,1,True,False,False
helpsteer2:04602,train,1,"lower-bound Pareto dominance: coherence, correctness",3,1,1,True,True,False
helpsteer2:04603,train,-1,lower-bound Pareto dominance: correctness,-1,-1,-1,True,True,False
helpsteer2:04604,train,-1,"lower-bound Pareto dominance: coherence, correctness",-3,-1,-2,True,True,False
helpsteer2:04605,train,-1,lower-bound Pareto dominance: correctness,-1,-1,-2,True,True,False
helpsteer2:04606,train,1,lower-bound Pareto dominance: correctness,4,1,3,True,True,False
helpsteer2:04607,train,1,lower-bound Pareto dominance: correctness,2,1,2,True,True,False
helpsteer2:04608,train,1,lower-bound Pareto dominance: correctness,1,1,1,True,True,False
helpsteer2:04609,train,-1,lower-bound Pareto dominance: correctness,-1,0,0,True,True,False
helpsteer2:04610,train,-1,lower-bound Pareto dominance: correctness,-3,-1,-3,True,True,False
helpsteer2:04611,train,0,equivalent within epsilon,0,-1,-1,False,False,False
helpsteer2:04612,train,-1,"lower-bound Pareto dominance: coherence, correctness",-3,-1,-3,True,True,False
helpsteer2:04613,train,-1,lower-bound Pareto dominance: correctness,-2,-1,-2,True,True,False
helpsteer2:04614,train,-1,lower-bound Pareto dominance: correctness,-1,0,0,True,True,False
helpsteer2:04615,train,-1,"lower-bound Pareto dominance: coherence, correctness",-3,-1,-3,True,True,False
helpsteer2:04616,train,1,lower-bound Pareto dominance: correctness,4,1,3,True,True,False
helpsteer2:04617,train,-1,"lower-bound Pareto dominance: coherence, correctness",-2,-1,-2,True,True,False
helpsteer2:04618,train,1,lower-bound Pareto dominance: correctness,1,1,1,True,True,False
helpsteer2:04619,train,0,equivalent within epsilon,0,-1,-1,False,False,False
helpsteer2:04620,train,1,lower-bound Pareto dominance: correctness,3,1,3,True,True,False
helpsteer2:04621,train,-1,"lower-bound Pareto dominance: coherence, correctness",-2,-1,-2,True,True,False
helpsteer2:04622,train,0,equivalent within epsilon,0,1,1,False,False,False
helpsteer2:04623,train,-1,"lower-bound Pareto dominance: coherence, correctness",-3,-1,-3,True,True,False
helpsteer2:04624,train,0,equivalent within epsilon,0,0,0,False,False,False
helpsteer2:04625,train,1,"lower-bound Pareto dominance: coherence, correctness",1,1,1,True,True,False
helpsteer2:04626,train,-1,lower-bound Pareto dominance: correctness,-2,-1,-2,True,True,False
helpsteer2:04627,train,-1,lower-bound Pareto dominance: correctness,0,-1,-2,False,False,False
helpsteer2:04628,train,0,equivalent within epsilon,0,-1,-1,False,False,False
helpsteer2:04629,train,0,equivalent within epsilon,0,0,0,False,False,False
helpsteer2:04630,train,-1,"lower-bound Pareto dominance: coherence, correctness",-1,-1,-2,True,False,False
helpsteer2:04631,train,0,equivalent within epsilon,0,0,0,False,False,False
helpsteer2:04632,train,0,equivalent within epsilon,0,1,1,False,False,False
helpsteer2:04633,train,-1,"lower-bound Pareto dominance: coherence, correctness",0,-1,-1,False,False,False
helpsteer2:04634,train,1,lower-bound Pareto dominance: correctness,1,1,1,True,False,False
helpsteer2:04635,train,1,"lower-bound Pareto dominance: coherence, correctness",4,1,3,True,True,False
helpsteer2:04636,train,0,equivalent within epsilon,0,-1,-1,False,False,False
helpsteer2:04637,train,1,"lower-bound Pareto dominance: coherence, correctness",3,1,2,True,True,False
helpsteer2:04638,train,-1,lower-bound Pareto dominance: correctness,-2,-1,-2,True,True,False
helpsteer2:04639,train,-1,"lower-bound Pareto dominance: coherence, correctness",-1,-1,-1,True,True,False
helpsteer2:04640,train,1,lower-bound Pareto dominance: correctness,2,1,2,True,True,False
helpsteer2:04641,train,0,equivalent within epsilon,0,0,0,False,False,False
helpsteer2:04642,train,1,"lower-bound Pareto dominance: coherence, correctness",3,1,2,True,True,False
helpsteer2:04643,train,-1,"lower-bound Pareto dominance: coherence, correctness",-1,-1,-1,True,True,False
helpsteer2:04644,train,1,lower-bound Pareto dominance: correctness,1,1,1,True,True,False
helpsteer2:04645,train,-1,lower-bound Pareto dominance: correctness,-2,-1,-2,True,True,False
helpsteer2:04646,train,0,equivalent within epsilon,0,-1,-1,False,False,False
helpsteer2:04647,train,1,"lower-bound Pareto dominance: coherence, correctness",4,1,3,True,True,False
helpsteer2:04648,train,1,lower-bound Pareto dominance: correctness,2,1,2,True,True,False
helpsteer2:04649,train,0,cross-objective tradeoff,0,-1,-1,False,False,False
helpsteer2:04650,train,-1,lower-bound Pareto dominance: correctness,-2,-1,-2,True,True,False
helpsteer2:04651,train,0,equivalent within epsilon,1,1,1,False,True,False
helpsteer2:04652,train,1,lower-bound Pareto dominance: correctness,4,1,3,True,True,False
helpsteer2:04653,train,1,lower-bound Pareto dominance: correctness,1,1,1,True,True,False
helpsteer2:04654,train,-1,lower-bound Pareto dominance: correctness,-3,-1,-3,True,True,False
helpsteer2:04655,train,1,lower-bound Pareto dominance: coherence,1,1,1,True,True,False
helpsteer2:04656,train,0,cross-objective tradeoff,1,1,1,False,True,False
helpsteer2:04657,train,0,equivalent within epsilon,0,1,1,False,False,False
helpsteer2:04658,train,0,equivalent within epsilon,0,1,2,False,False,False
helpsteer2:04659,train,-1,lower-bound Pareto dominance: correctness,-1,-1,-1,True,True,False
helpsteer2:04660,train,1,lower-bound Pareto dominance: correctness,4,1,2,True,True,False
helpsteer2:04661,train,1,lower-bound Pareto dominance: correctness,2,1,2,True,True,False
helpsteer2:04662,train,-1,"lower-bound Pareto dominance: coherence, correctness",-2,-1,-2,True,True,False
helpsteer2:04663,train,1,"lower-bound Pareto dominance: coherence, correctness",2,1,2,True,True,False
helpsteer2:04664,train,-1,lower-bound Pareto dominance: coherence,0,0,0,False,False,False
helpsteer2:04665,train,1,"lower-bound Pareto dominance: coherence, correctness",1,1,1,True,True,False
helpsteer2:04666,train,1,"lower-bound Pareto dominance: coherence, correctness",3,1,1,True,True,False
helpsteer2:04667,train,0,equivalent within epsilon,-1,0,0,False,True,False
helpsteer2:04668,train,0,equivalent within epsilon,2,1,2,False,True,False
helpsteer2:04669,train,1,"lower-bound Pareto dominance: coherence, correctness",1,1,1,True,True,False
helpsteer2:04670,train,-1,"lower-bound Pareto dominance: coherence, correctness",-1,-1,-2,True,False,False
helpsteer2:04671,train,-1,lower-bound Pareto dominance: correctness,-1,-1,-1,True,True,False
helpsteer2:04672,train,-1,"lower-bound Pareto dominance: coherence, correctness",-1,-1,-1,True,True,False
helpsteer2:04673,train,1,"lower-bound Pareto dominance: coherence, correctness",3,1,3,True,True,False
helpsteer2:04674,train,1,lower-bound Pareto dominance: correctness,1,1,1,True,False,False
helpsteer2:04675,train,1,lower-bound Pareto dominance: coherence,1,1,1,True,False,False
helpsteer2:04676,train,-1,"lower-bound Pareto dominance: coherence, correctness",-2,-1,-2,True,True,False
helpsteer2:04677,train,0,equivalent within epsilon,0,-1,-1,False,False,False
helpsteer2:04678,train,1,lower-bound Pareto dominance: coherence,1,1,1,True,True,False
helpsteer2:04679,train,1,lower-bound Pareto dominance: coherence,1,0,0,True,True,False
helpsteer2:04680,train,1,lower-bound Pareto dominance: correctness,1,1,2,True,True,False
helpsteer2:04681,train,0,equivalent within epsilon,1,-1,-1,False,True,False
helpsteer2:04682,train,1,"lower-bound Pareto dominance: coherence, correctness",3,1,3,True,True,False
helpsteer2:04683,train,0,equivalent within epsilon,0,1,2,False,False,False
helpsteer2:04684,train,0,cross-objective tradeoff,1,1,2,False,True,False
helpsteer2:04685,train,-1,lower-bound Pareto dominance: correctness,-1,-1,-1,True,True,False
helpsteer2:04686,train,1,lower-bound Pareto dominance: correctness,2,1,2,True,True,False
helpsteer2:04687,train,1,lower-bound Pareto dominance: correctness,4,1,3,True,True,False
helpsteer2:04688,train,-1,"lower-bound Pareto dominance: coherence, correctness",-2,-1,-2,True,True,False
helpsteer2:04689,train,1,lower-bound Pareto dominance: correctness,1,0,0,True,False,False
helpsteer2:04690,train,1,lower-bound Pareto dominance: correctness,1,0,0,True,False,False
helpsteer2:04691,train,1,"lower-bound Pareto dominance: coherence, correctness",1,1,1,True,True,False
helpsteer2:04692,train,-1,"lower-bound Pareto dominance: coherence, correctness",-2,-1,-2,True,True,False
helpsteer2:04693,train,0,equivalent within epsilon,0,0,0,False,False,False
helpsteer2:04694,train,-1,lower-bound Pareto dominance: correctness,-1,-1,-2,True,True,False
helpsteer2:04695,train,0,equivalent within epsilon,0,0,0,False,False,False
helpsteer2:04696,train,-1,"lower-bound Pareto dominance: coherence, correctness",-1,-1,-1,True,True,False
helpsteer2:04697,train,0,equivalent within epsilon,0,1,1,False,False,False
helpsteer2:04698,train,1,lower-bound Pareto dominance: correctness,1,0,0,True,True,False
helpsteer2:04699,train,1,lower-bound Pareto dominance: correctness,1,0,0,True,True,False
helpsteer2:04700,train,1,"lower-bound Pareto dominance: coherence, correctness",1,1,1,True,True,False
helpsteer2:04701,train,0,equivalent within epsilon,0,-1,-1,False,False,False
helpsteer2:04702,train,-1,"lower-bound Pareto dominance: coherence, correctness",-1,-1,-2,True,True,False
helpsteer2:04703,train,-1,lower-bound Pareto dominance: correctness,-1,-1,-1,True,True,False
helpsteer2:04704,train,-1,lower-bound Pareto dominance: coherence,0,-1,-1,False,False,False
helpsteer2:04705,train,1,lower-bound Pareto dominance: correctness,1,1,1,True,True,False
helpsteer2:04706,train,1,"lower-bound Pareto dominance: coherence, correctness",2,1,2,True,True,False
helpsteer2:04707,train,1,lower-bound Pareto dominance: correctness,3,1,3,True,True,False
helpsteer2:04708,train,1,lower-bound Pareto dominance: correctness,2,1,1,True,True,False
helpsteer2:04709,train,1,"lower-bound Pareto dominance: coherence, correctness",2,1,2,True,True,False
helpsteer2:04710,train,-1,lower-bound Pareto dominance: correctness,-4,-1,-3,True,True,False
helpsteer2:04711,train,-1,lower-bound Pareto dominance: correctness,-4,-1,-3,True,True,False
helpsteer2:04712,train,-1,"lower-bound Pareto dominance: coherence, correctness",-1,0,0,True,True,False
helpsteer2:04713,train,1,lower-bound Pareto dominance: coherence,1,1,1,True,True,False
helpsteer2:04714,train,-1,lower-bound Pareto dominance: correctness,-2,-1,-1,True,True,False
helpsteer2:04715,train,1,"lower-bound Pareto dominance: coherence, correctness",2,1,2,True,True,False
helpsteer2:04716,train,1,lower-bound Pareto dominance: correctness,1,0,0,True,False,False
helpsteer2:04717,train,-1,lower-bound Pareto dominance: correctness,-1,-1,-2,True,True,False
helpsteer2:04718,train,0,equivalent within epsilon,2,1,2,False,True,False
helpsteer2:04719,train,-1,lower-bound Pareto dominance: correctness,-2,-1,-2,True,True,False
helpsteer2:04720,train,1,"lower-bound Pareto dominance: coherence, correctness",3,1,3,True,True,False
helpsteer2:04721,train,1,lower-bound Pareto dominance: correctness,4,1,3,True,True,False
helpsteer2:04722,train,-1,"lower-bound Pareto dominance: coherence, correctness",-3,-1,-3,True,True,False
helpsteer2:04723,train,0,equivalent within epsilon,0,-1,-2,False,False,False
helpsteer2:04724,train,-1,lower-bound Pareto dominance: correctness,-4,-1,-3,True,True,False
helpsteer2:04725,train,1,lower-bound Pareto dominance: correctness,3,1,3,True,True,False
helpsteer2:04726,train,1,"lower-bound Pareto dominance: coherence, correctness",1,1,3,True,True,False
helpsteer2:04727,train,1,lower-bound Pareto dominance: correctness,3,1,3,True,True,False
helpsteer2:04728,train,1,"lower-bound Pareto dominance: coherence, correctness",1,-1,-2,True,True,False
helpsteer2:04729,train,1,lower-bound Pareto dominance: correctness,1,1,1,True,True,False
helpsteer2:04730,train,0,equivalent within epsilon,0,0,0,False,False,False
helpsteer2:04731,train,-1,"lower-bound Pareto dominance: coherence, correctness",-1,0,0,True,True,False
helpsteer2:04732,train,-1,"lower-bound Pareto dominance: coherence, correctness",0,0,0,False,False,False
helpsteer2:04733,train,1,lower-bound Pareto dominance: correctness,1,0,0,True,False,False
helpsteer2:04734,train,1,"lower-bound Pareto dominance: coherence, correctness",2,1,1,True,True,False
helpsteer2:04735,train,-1,lower-bound Pareto dominance: correctness,-3,-1,-2,True,True,False
helpsteer2:04736,train,0,equivalent within epsilon,0,-1,-1,False,False,False
helpsteer2:04737,train,-1,lower-bound Pareto dominance: correctness,-2,-1,-2,True,True,False
helpsteer2:04738,train,1,"lower-bound Pareto dominance: coherence, correctness",4,1,3,True,True,False
helpsteer2:04739,train,-1,"lower-bound Pareto dominance: coherence, correctness",-1,-1,-1,True,True,False
helpsteer2:04740,train,1,"lower-bound Pareto dominance: coherence, correctness",4,1,3,True,True,False
helpsteer2:04741,train,-1,lower-bound Pareto dominance: correctness,-1,-1,-1,True,False,False
helpsteer2:04742,train,1,"lower-bound Pareto dominance: coherence, correctness",1,1,1,True,True,False
helpsteer2:04743,train,1,lower-bound Pareto dominance: correctness,1,0,0,True,True,False
helpsteer2:04744,train,-1,"lower-bound Pareto dominance: coherence, correctness",-1,-1,-1,True,True,False
helpsteer2:04745,train,0,equivalent within epsilon,0,0,0,False,False,False
helpsteer2:04746,train,0,equivalent within epsilon,0,-1,-2,False,False,False
helpsteer2:04747,train,0,equivalent within epsilon,0,0,0,False,False,False
helpsteer2:04748,train,0,equivalent within epsilon,0,0,0,False,False,False
helpsteer2:04749,train,-1,lower-bound Pareto dominance: correctness,-1,-1,-2,True,True,False
helpsteer2:04750,train,0,equivalent within epsilon,0,1,1,False,False,False
helpsteer2:04751,train,-1,"lower-bound Pareto dominance: coherence, correctness",-1,-1,-1,True,False,False
helpsteer2:04752,train,0,cross-objective tradeoff,2,-1,-1,False,True,False
helpsteer2:04753,train,1,lower-bound Pareto dominance: correctness,2,1,2,True,True,False
helpsteer2:04754,train,1,lower-bound Pareto dominance: correctness,1,1,2,True,True,False
helpsteer2:04755,train,1,lower-bound Pareto dominance: correctness,1,1,1,True,True,False
helpsteer2:04756,train,-1,lower-bound Pareto dominance: correctness,-1,-1,-2,True,True,False
helpsteer2:04757,train,1,lower-bound Pareto dominance: correctness,0,0,0,False,False,False
helpsteer2:04758,train,1,"lower-bound Pareto dominance: coherence, correctness",4,1,3,True,True,False
helpsteer2:04759,train,-1,"lower-bound Pareto dominance: coherence, correctness",-3,-1,-3,True,True,False
helpsteer2:04760,train,0,equivalent within epsilon,0,-1,-2,False,False,False
helpsteer2:04761,train,-1,"lower-bound Pareto dominance: coherence, correctness",-3,-1,-3,True,True,False
helpsteer2:04762,train,-1,lower-bound Pareto dominance: correctness,-2,-1,-2,True,True,False
helpsteer2:04763,train,1,"lower-bound Pareto dominance: coherence, correctness",1,1,2,True,True,False
helpsteer2:04764,train,-1,lower-bound Pareto dominance: correctness,-1,-1,-2,True,True,False
helpsteer2:04765,train,-1,lower-bound Pareto dominance: correctness,-2,-1,-1,True,True,False
helpsteer2:04766,train,1,"lower-bound Pareto dominance: coherence, correctness",3,1,3,True,True,False
helpsteer2:04767,train,0,equivalent within epsilon,3,0,0,False,True,False
helpsteer2:04768,train,1,lower-bound Pareto dominance: correctness,2,1,2,True,True,False
helpsteer2:04769,train,1,lower-bound Pareto dominance: correctness,1,1,1,True,True,False
helpsteer2:04770,train,-1,lower-bound Pareto dominance: correctness,-3,-1,-3,True,True,False
helpsteer2:04771,train,0,equivalent within epsilon,0,-1,-1,False,False,False
helpsteer2:04772,train,-1,"lower-bound Pareto dominance: coherence, correctness",-1,-1,-1,True,True,False
helpsteer2:04773,train,0,equivalent within epsilon,1,0,0,False,True,False
helpsteer2:04774,train,1,lower-bound Pareto dominance: coherence,1,1,1,True,True,False
helpsteer2:04775,train,0,equivalent within epsilon,0,1,1,False,False,False
helpsteer2:04776,train,-1,lower-bound Pareto dominance: correctness,-2,-1,-2,True,True,False
helpsteer2:04777,train,1,lower-bound Pareto dominance: correctness,2,1,1,True,True,False
helpsteer2:04778,train,-1,"lower-bound Pareto dominance: coherence, correctness",-1,-1,-1,True,True,False
helpsteer2:04779,train,1,lower-bound Pareto dominance: coherence,2,1,2,True,True,False
helpsteer2:04780,train,-1,lower-bound Pareto dominance: correctness,-3,-1,-3,True,True,False
helpsteer2:04781,train,-1,lower-bound Pareto dominance: correctness,-2,-1,-2,True,True,False
helpsteer2:04782,train,-1,"lower-bound Pareto dominance: coherence, correctness",-3,-1,-3,True,True,False
helpsteer2:04783,train,0,equivalent within epsilon,0,-1,-1,False,False,False
helpsteer2:04784,train,-1,lower-bound Pareto dominance: correctness,-3,-1,-3,True,True,False
helpsteer2:04785,train,1,"lower-bound Pareto dominance: coherence, correctness",2,1,1,True,True,False
helpsteer2:04786,train,0,equivalent within epsilon,0,0,0,False,False,False
helpsteer2:04787,train,-1,lower-bound Pareto dominance: correctness,-3,-1,-2,True,True,False
helpsteer2:04788,train,-1,lower-bound Pareto dominance: coherence,-1,0,0,True,True,False
helpsteer2:04789,train,0,equivalent within epsilon,0,0,0,False,False,False
helpsteer2:04790,train,0,equivalent within epsilon,0,0,0,False,False,False
helpsteer2:04791,train,-1,"lower-bound Pareto dominance: coherence, correctness",-1,-1,-1,True,True,False
helpsteer2:04792,train,1,lower-bound Pareto dominance: correctness,2,1,2,True,True,False
helpsteer2:04793,train,0,equivalent within epsilon,0,0,0,False,False,False
helpsteer2:04794,train,0,equivalent within epsilon,0,-1,-1,False,False,False
helpsteer2:04795,train,-1,lower-bound Pareto dominance: correctness,-1,-1,-2,True,True,False
helpsteer2:04796,train,1,"lower-bound Pareto dominance: coherence, correctness",2,1,2,True,True,False
helpsteer2:04797,train,-1,"lower-bound Pareto dominance: coherence, correctness",-3,-1,-3,True,True,False
helpsteer2:04798,train,-1,"lower-bound Pareto dominance: coherence, correctness",-1,0,0,True,True,False
helpsteer2:04799,train,1,"lower-bound Pareto dominance: coherence, correctness",2,1,2,True,True,False
helpsteer2:04800,train,0,equivalent within epsilon,0,0,0,False,False,False
helpsteer2:04801,train,1,"lower-bound Pareto dominance: coherence, correctness",2,1,2,True,True,False
helpsteer2:04802,train,1,lower-bound Pareto dominance: correctness,1,-1,-1,True,True,False
helpsteer2:04803,train,1,"lower-bound Pareto dominance: coherence, correctness",4,1,3,True,True,False
helpsteer2:04804,train,-1,lower-bound Pareto dominance: correctness,0,0,0,False,False,False
helpsteer2:04805,train,1,lower-bound Pareto dominance: correctness,2,1,2,True,True,False
helpsteer2:04806,train,1,"lower-bound Pareto dominance: coherence, correctness",2,1,2,True,True,False
helpsteer2:04807,train,-1,"lower-bound Pareto dominance: coherence, correctness",-1,0,0,True,True,False
helpsteer2:04808,train,-1,lower-bound Pareto dominance: correctness,-3,-1,-3,True,True,False
helpsteer2:04809,train,0,equivalent within epsilon,0,-1,-1,False,False,False
helpsteer2:04810,train,1,"lower-bound Pareto dominance: coherence, correctness",3,1,3,True,True,False
helpsteer2:04811,train,1,lower-bound Pareto dominance: coherence,1,1,1,True,True,False
helpsteer2:04812,train,-1,lower-bound Pareto dominance: correctness,-4,-1,-3,True,True,False
helpsteer2:04813,train,-1,lower-bound Pareto dominance: coherence,0,0,0,False,False,False
helpsteer2:04814,train,0,equivalent within epsilon,0,0,0,False,False,False
helpsteer2:04815,train,1,lower-bound Pareto dominance: correctness,1,1,1,True,True,False
helpsteer2:04816,train,0,equivalent within epsilon,0,-1,-2,False,False,False
helpsteer2:04817,train,0,equivalent within epsilon,0,1,1,False,False,False
helpsteer2:04818,train,0,equivalent within epsilon,0,0,0,False,False,False
helpsteer2:04819,train,0,equivalent within epsilon,0,0,0,False,False,False
helpsteer2:04820,train,1,"lower-bound Pareto dominance: coherence, correctness",1,1,1,True,True,False
helpsteer2:04821,train,1,lower-bound Pareto dominance: coherence,1,0,0,True,False,False
helpsteer2:04822,train,-1,lower-bound Pareto dominance: correctness,-2,-1,-2,True,True,False
helpsteer2:04823,train,1,"lower-bound Pareto dominance: coherence, correctness",1,1,1,True,True,False
helpsteer2:04824,train,1,lower-bound Pareto dominance: correctness,1,1,1,True,True,False
helpsteer2:04825,train,1,lower-bound Pareto dominance: correctness,3,1,1,True,True,False
helpsteer2:04826,train,-1,lower-bound Pareto dominance: correctness,0,0,0,False,False,False
helpsteer2:04827,train,0,equivalent within epsilon,0,-1,-1,False,False,False
helpsteer2:04828,train,1,lower-bound Pareto dominance: correctness,4,1,3,True,True,False
helpsteer2:04829,train,1,lower-bound Pareto dominance: correctness,3,1,1,True,True,False
helpsteer2:04830,train,-1,lower-bound Pareto dominance: correctness,-1,-1,-1,True,True,False
helpsteer2:04831,train,-1,"lower-bound Pareto dominance: coherence, correctness",-4,-1,-3,True,True,False
helpsteer2:04832,train,-1,lower-bound Pareto dominance: correctness,-3,-1,-3,True,True,False
helpsteer2:04833,train,1,"lower-bound Pareto dominance: coherence, correctness",4,1,3,True,True,False
helpsteer2:04834,train,1,"lower-bound Pareto dominance: coherence, correctness",3,0,0,True,True,False
helpsteer2:04835,train,1,lower-bound Pareto dominance: coherence,0,0,0,False,False,False
helpsteer2:04836,train,-1,"lower-bound Pareto dominance: coherence, correctness",-1,-1,-1,True,True,False
helpsteer2:04837,train,-1,lower-bound Pareto dominance: correctness,-2,-1,-2,True,True,False
helpsteer2:04838,train,1,"lower-bound Pareto dominance: coherence, correctness",2,1,2,True,True,False
helpsteer2:04839,train,-1,lower-bound Pareto dominance: correctness,-1,-1,-2,True,True,False
helpsteer2:04840,train,-1,"lower-bound Pareto dominance: coherence, correctness",-1,-1,-1,True,True,False
helpsteer2:04841,train,-1,lower-bound Pareto dominance: correctness,2,1,1,True,True,False
helpsteer2:04842,train,-1,lower-bound Pareto dominance: correctness,-2,-1,-2,True,True,False
helpsteer2:04843,train,-1,"lower-bound Pareto dominance: coherence, correctness",-2,-1,-2,True,True,False
helpsteer2:04844,train,1,"lower-bound Pareto dominance: coherence, correctness",2,1,2,True,True,False
helpsteer2:04845,train,-1,lower-bound Pareto dominance: correctness,0,0,0,False,False,False
helpsteer2:04846,train,1,lower-bound Pareto dominance: correctness,1,1,1,True,False,False
helpsteer2:04847,train,1,"lower-bound Pareto dominance: coherence, correctness",1,1,1,True,False,False
helpsteer2:04848,train,1,"lower-bound Pareto dominance: coherence, correctness",3,1,3,True,True,False
helpsteer2:04849,train,-1,lower-bound Pareto dominance: correctness,-1,-1,-1,True,True,False
helpsteer2:04850,train,1,"lower-bound Pareto dominance: coherence, correctness",2,1,2,True,True,False
helpsteer2:04851,train,1,lower-bound Pareto dominance: correctness,1,1,1,True,True,False
helpsteer2:04852,train,-1,lower-bound Pareto dominance: correctness,-1,-1,-2,True,True,False
helpsteer2:04853,train,-1,"lower-bound Pareto dominance: coherence, correctness",0,0,0,False,False,False
helpsteer2:04854,train,1,"lower-bound Pareto dominance: coherence, correctness",4,1,3,True,True,False
helpsteer2:04855,train,1,"lower-bound Pareto dominance: coherence, correctness",2,0,0,True,True,False
helpsteer2:04856,train,0,equivalent within epsilon,0,-1,-1,False,False,False
helpsteer2:04857,train,-1,lower-bound Pareto dominance: correctness,-4,-1,-3,True,True,False
helpsteer2:04858,train,1,"lower-bound Pareto dominance: coherence, correctness",2,1,2,True,True,False
helpsteer2:04859,train,-1,"lower-bound Pareto dominance: coherence, correctness",-3,-1,-3,True,True,False
helpsteer2:04860,train,1,lower-bound Pareto dominance: correctness,1,0,0,True,True,False
helpsteer2:04861,train,0,equivalent within epsilon,1,1,1,False,True,False
helpsteer2:04862,train,-1,lower-bound Pareto dominance: correctness,-2,-1,-2,True,True,False
helpsteer2:04863,train,1,"lower-bound Pareto dominance: coherence, correctness",3,1,2,True,True,False
helpsteer2:04864,train,0,equivalent within epsilon,-1,1,1,False,True,False
helpsteer2:04865,train,0,equivalent within epsilon,0,0,0,False,False,False
helpsteer2:04866,train,-1,"lower-bound Pareto dominance: coherence, correctness",-4,-1,-3,True,True,False
helpsteer2:04867,train,-1,"lower-bound Pareto dominance: coherence, correctness",-1,-1,-1,True,True,False
helpsteer2:04868,train,-1,lower-bound Pareto dominance: correctness,-1,-1,-1,True,True,False
helpsteer2:04869,train,0,equivalent within epsilon,-1,0,0,False,True,False
helpsteer2:04870,train,0,equivalent within epsilon,1,0,0,False,True,False
helpsteer2:04871,train,1,lower-bound Pareto dominance: correctness,3,1,3,True,True,False
helpsteer2:04872,train,1,lower-bound Pareto dominance: correctness,2,1,2,True,True,False
helpsteer2:04873,train,1,"lower-bound Pareto dominance: coherence, correctness",3,1,2,True,True,False
helpsteer2:04874,train,1,lower-bound Pareto dominance: correctness,1,1,1,True,True,False
helpsteer2:04875,train,0,equivalent within epsilon,0,0,0,False,False,False
helpsteer2:04876,train,1,lower-bound Pareto dominance: correctness,2,1,2,True,True,False
helpsteer2:04877,train,1,lower-bound Pareto dominance: correctness,1,1,1,True,False,False
helpsteer2:04878,train,0,equivalent within epsilon,0,0,0,False,False,False
helpsteer2:04879,train,0,equivalent within epsilon,0,1,1,False,False,False
helpsteer2:04880,train,1,"lower-bound Pareto dominance: coherence, correctness",3,1,3,True,True,False
helpsteer2:04881,train,1,"lower-bound Pareto dominance: coherence, correctness",4,1,3,True,True,False
helpsteer2:04882,train,-1,lower-bound Pareto dominance: correctness,-1,-1,-2,True,True,False
helpsteer2:04883,train,1,lower-bound Pareto dominance: correctness,2,1,2,True,True,False
helpsteer2:04884,train,0,cross-objective tradeoff,0,0,0,False,False,False
helpsteer2:04885,train,-1,lower-bound Pareto dominance: correctness,-1,-1,-1,True,True,False
helpsteer2:04886,train,1,"lower-bound Pareto dominance: coherence, correctness",3,1,3,True,True,False
helpsteer2:04887,train,0,equivalent within epsilon,0,1,2,False,False,False
helpsteer2:04888,train,0,cross-objective tradeoff,-3,-1,-3,False,True,False
helpsteer2:04889,train,0,equivalent within epsilon,0,0,0,False,False,False
helpsteer2:04890,train,-1,"lower-bound Pareto dominance: coherence, correctness",-2,-1,-2,True,True,False
helpsteer2:04891,train,-1,lower-bound Pareto dominance: correctness,-3,-1,-3,True,True,False
helpsteer2:04892,train,0,equivalent within epsilon,0,0,0,False,False,False
helpsteer2:04893,train,1,lower-bound Pareto dominance: correctness,1,1,1,True,True,False
helpsteer2:04894,train,0,equivalent within epsilon,0,0,0,False,False,False
helpsteer2:04895,train,-1,lower-bound Pareto dominance: correctness,-1,-1,-1,True,True,False
helpsteer2:04896,train,0,equivalent within epsilon,0,0,0,False,False,False
helpsteer2:04897,train,1,lower-bound Pareto dominance: correctness,3,1,3,True,True,False
helpsteer2:04898,train,1,"lower-bound Pareto dominance: coherence, correctness",3,1,3,True,True,False
helpsteer2:04899,train,1,"lower-bound Pareto dominance: coherence, correctness",4,1,3,True,True,False
helpsteer2:04900,train,0,equivalent within epsilon,0,0,0,False,False,False
helpsteer2:04901,train,-1,"lower-bound Pareto dominance: coherence, correctness",-2,-1,-2,True,True,False
helpsteer2:04902,train,-1,"lower-bound Pareto dominance: coherence, correctness",-3,-1,-2,True,True,False
helpsteer2:04903,train,1,lower-bound Pareto dominance: correctness,1,1,2,True,True,False
helpsteer2:04904,train,-1,"lower-bound Pareto dominance: coherence, correctness",-2,-1,-2,True,True,False
helpsteer2:04905,train,0,equivalent within epsilon,0,0,0,False,False,False
helpsteer2:04906,train,-1,lower-bound Pareto dominance: correctness,-3,-1,-2,True,True,False
helpsteer2:04907,train,1,lower-bound Pareto dominance: correctness,3,1,3,True,True,False
helpsteer2:04908,train,-1,"lower-bound Pareto dominance: coherence, correctness",-4,-1,-3,True,True,False
helpsteer2:04909,train,1,"lower-bound Pareto dominance: coherence, correctness",3,1,3,True,True,False
helpsteer2:04910,train,1,lower-bound Pareto dominance: correctness,1,1,1,True,True,False
helpsteer2:04911,train,0,equivalent within epsilon,0,1,1,False,False,False
helpsteer2:04912,train,0,cross-objective tradeoff,-2,-1,-2,False,True,False
helpsteer2:04913,train,0,equivalent within epsilon,0,1,1,False,False,False
helpsteer2:04914,train,-1,lower-bound Pareto dominance: correctness,-1,-1,-2,True,True,False
helpsteer2:04915,train,1,lower-bound Pareto dominance: coherence,0,0,0,False,False,False
helpsteer2:04916,train,-1,lower-bound Pareto dominance: coherence,0,-1,-2,False,False,False
helpsteer2:04917,train,-1,lower-bound Pareto dominance: correctness,-2,-1,-2,True,True,False
helpsteer2:04918,train,-1,lower-bound Pareto dominance: correctness,-3,-1,-3,True,True,False
helpsteer2:04919,train,-1,lower-bound Pareto dominance: correctness,-1,-1,-1,True,True,False
helpsteer2:04920,train,-1,lower-bound Pareto dominance: correctness,-3,-1,-3,True,True,False
helpsteer2:04921,train,0,equivalent within epsilon,-1,1,1,False,False,False
helpsteer2:04922,train,-1,lower-bound Pareto dominance: correctness,0,-1,-2,False,False,False
helpsteer2:04923,train,-1,"lower-bound Pareto dominance: coherence, correctness",-1,-1,-1,True,True,False
helpsteer2:04924,train,-1,"lower-bound Pareto dominance: coherence, correctness",-2,-1,-2,True,True,False
helpsteer2:04925,train,-1,lower-bound Pareto dominance: correctness,-1,0,0,True,True,False
helpsteer2:04926,train,-1,"lower-bound Pareto dominance: coherence, correctness",-1,-1,-1,True,False,False
helpsteer2:04927,train,0,equivalent within epsilon,0,1,1,False,False,False
helpsteer2:04928,train,-1,lower-bound Pareto dominance: correctness,-3,-1,-2,True,True,False
helpsteer2:04929,train,1,"lower-bound Pareto dominance: coherence, correctness",2,1,2,True,True,False
helpsteer2:04930,train,-1,lower-bound Pareto dominance: correctness,-1,0,0,True,True,False
helpsteer2:04931,train,1,"lower-bound Pareto dominance: coherence, correctness",2,1,2,True,True,False
helpsteer2:04932,train,1,"lower-bound Pareto dominance: coherence, correctness",3,1,3,True,True,False
helpsteer2:04933,train,-1,lower-bound Pareto dominance: coherence,0,-1,-2,False,False,False
helpsteer2:04934,train,0,equivalent within epsilon,0,0,0,False,False,False
helpsteer2:04935,train,1,lower-bound Pareto dominance: correctness,1,1,1,True,True,False
helpsteer2:04936,train,-1,lower-bound Pareto dominance: correctness,-1,0,0,True,False,False
helpsteer2:04937,train,1,lower-bound Pareto dominance: correctness,3,0,0,True,True,False
helpsteer2:04938,train,-1,lower-bound Pareto dominance: correctness,-2,-1,-1,True,True,False
helpsteer2:04939,train,1,"lower-bound Pareto dominance: coherence, correctness",1,1,1,True,True,False
helpsteer2:04940,train,-1,lower-bound Pareto dominance: correctness,-1,-1,-1,True,True,False
helpsteer2:04941,train,1,lower-bound Pareto dominance: correctness,0,-1,-2,False,False,False
helpsteer2:04942,train,1,"lower-bound Pareto dominance: coherence, correctness",2,1,2,True,True,False
helpsteer2:04943,train,1,lower-bound Pareto dominance: correctness,2,1,1,True,True,False
helpsteer2:04944,train,-1,lower-bound Pareto dominance: correctness,-1,-1,-1,True,False,False
helpsteer2:04945,train,-1,lower-bound Pareto dominance: correctness,-1,0,0,True,True,False
helpsteer2:04946,train,0,equivalent within epsilon,0,1,1,False,False,False
helpsteer2:04947,train,1,"lower-bound Pareto dominance: coherence, correctness",3,1,2,True,True,False
helpsteer2:04948,train,1,lower-bound Pareto dominance: correctness,3,1,3,True,True,False
helpsteer2:04949,train,0,equivalent within epsilon,0,1,2,False,False,False
helpsteer2:04950,train,-1,"lower-bound Pareto dominance: coherence, correctness",-2,-1,-2,True,True,False
helpsteer2:04951,train,-1,"lower-bound Pareto dominance: coherence, correctness",-2,-1,-2,True,True,False
helpsteer2:04952,train,1,"lower-bound Pareto dominance: coherence, correctness",1,1,1,True,True,False
helpsteer2:04953,train,-1,lower-bound Pareto dominance: correctness,-4,-1,-3,True,True,False
helpsteer2:04954,train,-1,"lower-bound Pareto dominance: coherence, correctness",-2,-1,-2,True,True,False
helpsteer2:04955,train,-1,lower-bound Pareto dominance: coherence,-1,-1,-1,True,False,False
helpsteer2:04956,train,1,"lower-bound Pareto dominance: coherence, correctness",4,1,3,True,True,False
helpsteer2:04957,train,-1,"lower-bound Pareto dominance: coherence, correctness",-2,-1,-2,True,True,False
helpsteer2:04958,train,-1,lower-bound Pareto dominance: correctness,-3,-1,-2,True,True,False
helpsteer2:04959,train,-1,"lower-bound Pareto dominance: coherence, correctness",-2,-1,-2,True,True,False
helpsteer2:04960,train,-1,"lower-bound Pareto dominance: coherence, correctness",-1,-1,-1,True,False,False
helpsteer2:04961,train,0,equivalent within epsilon,0,0,0,False,False,False
helpsteer2:04962,train,1,lower-bound Pareto dominance: correctness,1,1,1,True,True,False
helpsteer2:04963,train,-1,"lower-bound Pareto dominance: coherence, correctness",-2,-1,-3,True,True,False
helpsteer2:04964,train,0,equivalent within epsilon,0,-1,-1,False,False,False
helpsteer2:04965,train,-1,lower-bound Pareto dominance: correctness,-3,-1,-3,True,True,False
helpsteer2:04966,train,-1,"lower-bound Pareto dominance: coherence, correctness",-2,-1,-2,True,True,False
helpsteer2:04967,train,1,lower-bound Pareto dominance: correctness,3,1,3,True,True,False
helpsteer2:04968,train,1,lower-bound Pareto dominance: correctness,1,0,0,True,True,False
helpsteer2:04969,train,0,cross-objective tradeoff,2,1,2,False,True,False
helpsteer2:04970,train,-1,"lower-bound Pareto dominance: coherence, correctness",-3,-1,-2,True,True,False
helpsteer2:04971,train,0,equivalent within epsilon,1,1,1,False,True,False
helpsteer2:04972,train,0,equivalent within epsilon,0,0,0,False,False,False
helpsteer2:04973,train,-1,"lower-bound Pareto dominance: coherence, correctness",-3,-1,-2,True,True,False
helpsteer2:04974,train,-1,"lower-bound Pareto dominance: coherence, correctness",-1,0,0,True,True,False
helpsteer2:04975,train,1,lower-bound Pareto dominance: coherence,0,1,1,False,False,False
helpsteer2:04976,train,1,lower-bound Pareto dominance: correctness,1,1,1,True,False,False
helpsteer2:04977,train,1,lower-bound Pareto dominance: correctness,4,1,3,True,True,False
helpsteer2:04978,train,0,equivalent within epsilon,0,1,1,False,False,False
helpsteer2:04979,train,-1,lower-bound Pareto dominance: correctness,-2,-1,-2,True,True,False
helpsteer2:04980,train,0,equivalent within epsilon,0,-1,-2,False,False,False
helpsteer2:04981,train,1,lower-bound Pareto dominance: correctness,0,-1,-1,False,False,False
helpsteer2:04982,train,-1,"lower-bound Pareto dominance: coherence, correctness",-3,-1,-2,True,True,False
helpsteer2:04983,train,1,lower-bound Pareto dominance: correctness,1,1,2,True,True,False
helpsteer2:04984,train,0,equivalent within epsilon,0,1,1,False,False,False
helpsteer2:04985,train,0,equivalent within epsilon,0,1,2,False,False,False
helpsteer2:04986,train,0,cross-objective tradeoff,-2,-1,-2,False,True,False
helpsteer2:04987,train,1,lower-bound Pareto dominance: correctness,1,1,1,True,True,False
helpsteer2:04988,train,-1,"lower-bound Pareto dominance: coherence, correctness",-1,0,0,True,True,False
helpsteer2:04989,train,0,equivalent within epsilon,0,0,0,False,False,False
helpsteer2:04990,train,-1,"lower-bound Pareto dominance: coherence, correctness",-1,-1,-2,True,True,False
helpsteer2:04991,train,1,lower-bound Pareto dominance: correctness,4,1,3,True,True,False
helpsteer2:04992,train,0,equivalent within epsilon,0,0,0,False,False,False
helpsteer2:04993,train,1,lower-bound Pareto dominance: correctness,1,1,1,True,False,False
helpsteer2:04994,train,1,"lower-bound Pareto dominance: coherence, correctness",2,1,2,True,True,False
helpsteer2:04995,train,-1,lower-bound Pareto dominance: correctness,-2,-1,-1,True,True,False
helpsteer2:04996,train,0,equivalent within epsilon,0,0,0,False,False,False
helpsteer2:04997,train,0,equivalent within epsilon,0,0,0,False,False,False
helpsteer2:04998,train,-1,"lower-bound Pareto dominance: coherence, correctness",-1,-1,-1,True,True,False
helpsteer2:04999,train,0,equivalent within epsilon,0,0,0,False,False,False
helpsteer2:05000,train,1,lower-bound Pareto dominance: correctness,1,0,0,True,True,False
helpsteer2:05001,train,-1,lower-bound Pareto dominance: correctness,-3,-1,-3,True,True,False
helpsteer2:05002,train,-1,"lower-bound Pareto dominance: coherence, correctness",-2,-1,-2,True,True,False
helpsteer2:05003,train,-1,lower-bound Pareto dominance: correctness,1,-1,-2,True,True,False
helpsteer2:05004,train,1,"lower-bound Pareto dominance: coherence, correctness",1,0,0,True,True,False
helpsteer2:05005,train,1,lower-bound Pareto dominance: correctness,2,1,2,True,True,False
helpsteer2:05006,train,-1,lower-bound Pareto dominance: correctness,-4,-1,-3,True,True,False
helpsteer2:05007,train,1,"lower-bound Pareto dominance: coherence, correctness",1,1,1,True,True,False
helpsteer2:05008,train,1,"lower-bound Pareto dominance: coherence, correctness",3,1,3,True,True,False
helpsteer2:05009,train,1,lower-bound Pareto dominance: correctness,2,1,2,True,True,False
helpsteer2:05010,train,-1,"lower-bound Pareto dominance: coherence, correctness",-1,0,0,True,True,False
helpsteer2:05011,train,0,equivalent within epsilon,1,1,1,False,True,False
helpsteer2:05012,train,-1,lower-bound Pareto dominance: coherence,0,-1,-2,False,False,False
helpsteer2:05013,train,1,"lower-bound Pareto dominance: coherence, correctness",2,1,1,True,True,False
helpsteer2:05014,train,1,lower-bound Pareto dominance: correctness,4,1,3,True,True,False
helpsteer2:05015,train,0,equivalent within epsilon,0,0,0,False,False,False
helpsteer2:05016,train,0,equivalent within epsilon,0,-1,-1,False,False,False
helpsteer2:05017,train,1,lower-bound Pareto dominance: correctness,1,0,0,True,True,False
helpsteer2:05018,train,0,equivalent within epsilon,0,0,0,False,False,False
helpsteer2:05019,train,0,equivalent within epsilon,0,0,0,False,False,False
helpsteer2:05020,train,1,lower-bound Pareto dominance: correctness,2,1,1,True,True,False
helpsteer2:05021,train,0,equivalent within epsilon,0,1,2,False,False,False
helpsteer2:05022,train,0,equivalent within epsilon,0,1,1,False,False,False
helpsteer2:05023,train,-1,"lower-bound Pareto dominance: coherence, correctness",-4,-1,-3,True,True,False
helpsteer2:05024,train,1,"lower-bound Pareto dominance: coherence, correctness",2,1,2,True,True,False
helpsteer2:05025,train,0,equivalent within epsilon,0,-1,-1,False,False,False
helpsteer2:05026,train,1,lower-bound Pareto dominance: correctness,3,1,3,True,True,False
helpsteer2:05027,train,-1,"lower-bound Pareto dominance: coherence, correctness",-4,-1,-3,True,True,False
helpsteer2:05028,train,1,lower-bound Pareto dominance: correctness,1,1,1,True,True,False
helpsteer2:05029,train,1,"lower-bound Pareto dominance: coherence, correctness",2,1,2,True,True,False
helpsteer2:05030,train,-1,"lower-bound Pareto dominance: coherence, correctness",-3,-1,-3,True,True,False
helpsteer2:05031,train,1,"lower-bound Pareto dominance: coherence, correctness",1,0,0,True,False,False
helpsteer2:05032,train,-1,lower-bound Pareto dominance: correctness,-1,-1,-2,True,False,False
helpsteer2:05033,train,-1,lower-bound Pareto dominance: correctness,-4,-1,-3,True,True,False
helpsteer2:05034,train,0,equivalent within epsilon,0,-1,-1,False,False,False
helpsteer2:05035,train,-1,lower-bound Pareto dominance: correctness,-3,-1,-3,True,True,False
helpsteer2:05036,train,0,equivalent within epsilon,0,0,0,False,False,False
helpsteer2:05037,train,1,"lower-bound Pareto dominance: coherence, correctness",1,1,1,True,True,False
helpsteer2:05038,train,0,equivalent within epsilon,0,0,0,False,False,False
helpsteer2:05039,train,0,equivalent within epsilon,0,0,0,False,False,False
helpsteer2:05040,train,1,lower-bound Pareto dominance: coherence,1,0,0,True,True,False
helpsteer2:05041,train,-1,"lower-bound Pareto dominance: coherence, correctness",-1,-1,-1,True,True,False
helpsteer2:05042,train,-1,"lower-bound Pareto dominance: coherence, correctness",-3,-1,-3,True,True,False
helpsteer2:05043,train,1,"lower-bound Pareto dominance: coherence, correctness",3,1,3,True,True,False
helpsteer2:05044,train,1,lower-bound Pareto dominance: correctness,1,1,1,True,True,False
helpsteer2:05045,train,1,lower-bound Pareto dominance: correctness,4,1,3,True,True,False
helpsteer2:05046,train,-1,"lower-bound Pareto dominance: coherence, correctness",-1,-1,-1,True,True,False
helpsteer2:05047,train,0,equivalent within epsilon,0,-1,-1,False,False,False
helpsteer2:05048,train,-1,lower-bound Pareto dominance: correctness,-2,-1,-3,True,True,False
helpsteer2:05049,train,0,cross-objective tradeoff,1,1,2,False,True,False
helpsteer2:05050,train,-1,"lower-bound Pareto dominance: coherence, correctness",-2,-1,-2,True,True,False
helpsteer2:05051,train,0,equivalent within epsilon,0,-1,-2,False,False,False
helpsteer2:05052,train,1,"lower-bound Pareto dominance: coherence, correctness",1,1,1,True,True,False
helpsteer2:05053,train,-1,"lower-bound Pareto dominance: coherence, correctness",-1,1,1,True,True,False
helpsteer2:05054,train,-1,lower-bound Pareto dominance: coherence,-1,-1,-1,True,True,False
helpsteer2:05055,train,-1,lower-bound Pareto dominance: correctness,-2,-1,-2,True,True,False
helpsteer2:05056,train,1,"lower-bound Pareto dominance: coherence, correctness",3,1,2,True,True,False
helpsteer2:05057,train,-1,"lower-bound Pareto dominance: coherence, correctness",-1,-1,-2,True,True,False
helpsteer2:05058,train,-1,lower-bound Pareto dominance: correctness,-1,-1,-1,True,True,False
helpsteer2:05059,train,1,"lower-bound Pareto dominance: coherence, correctness",3,1,3,True,True,False
helpsteer2:05060,train,-1,lower-bound Pareto dominance: coherence,0,1,1,False,False,False
helpsteer2:05061,train,0,equivalent within epsilon,0,1,1,False,False,False
helpsteer2:05062,train,0,equivalent within epsilon,0,1,1,False,False,False
helpsteer2:05063,train,1,"lower-bound Pareto dominance: coherence, correctness",2,1,2,True,True,False
helpsteer2:05064,train,-1,"lower-bound Pareto dominance: coherence, correctness",-4,-1,-3,True,True,False
helpsteer2:05065,train,0,equivalent within epsilon,0,0,0,False,False,False
helpsteer2:05066,train,1,lower-bound Pareto dominance: correctness,2,1,2,True,True,False
helpsteer2:05067,train,1,"lower-bound Pareto dominance: coherence, correctness",1,1,1,True,False,False
helpsteer2:05068,train,1,lower-bound Pareto dominance: coherence,0,1,1,False,False,False
helpsteer2:05069,train,-1,"lower-bound Pareto dominance: coherence, correctness",-2,-1,-2,True,True,False
helpsteer2:05070,train,1,"lower-bound Pareto dominance: coherence, correctness",1,1,1,True,False,False
helpsteer2:05071,train,-1,"lower-bound Pareto dominance: coherence, correctness",-3,-1,-3,True,True,False
helpsteer2:05072,train,1,lower-bound Pareto dominance: correctness,2,1,2,True,True,False
helpsteer2:05073,train,0,equivalent within epsilon,0,-1,-2,False,False,False
helpsteer2:05074,train,-1,"lower-bound Pareto dominance: coherence, correctness",-2,-1,-2,True,True,False
helpsteer2:05075,train,0,equivalent within epsilon,-1,0,0,False,True,False
helpsteer2:05076,train,1,"lower-bound Pareto dominance: coherence, correctness",4,1,3,True,True,False
helpsteer2:05077,train,1,"lower-bound Pareto dominance: coherence, correctness",2,1,2,True,True,False
helpsteer2:05078,train,0,equivalent within epsilon,1,0,0,False,True,False
helpsteer2:05079,train,-1,lower-bound Pareto dominance: correctness,-2,-1,-2,True,True,False
helpsteer2:05080,train,-1,"lower-bound Pareto dominance: coherence, correctness",-2,-1,-2,True,True,False
helpsteer2:05081,train,-1,"lower-bound Pareto dominance: coherence, correctness",-2,-1,-2,True,True,False
helpsteer2:05082,train,-1,"lower-bound Pareto dominance: coherence, correctness",-2,-1,-2,True,True,False
helpsteer2:05083,train,-1,lower-bound Pareto dominance: correctness,-2,-1,-2,True,True,False
helpsteer2:05084,train,1,lower-bound Pareto dominance: correctness,3,1,3,True,True,False
helpsteer2:05085,train,0,equivalent within epsilon,0,1,1,False,False,False
helpsteer2:05086,train,-1,lower-bound Pareto dominance: correctness,0,0,0,False,False,False
helpsteer2:05087,train,1,lower-bound Pareto dominance: correctness,3,1,2,True,True,False
helpsteer2:05088,train,0,equivalent within epsilon,-1,-1,-1,False,False,False
helpsteer2:05089,train,1,lower-bound Pareto dominance: correctness,0,0,0,False,False,False
helpsteer2:05090,train,-1,lower-bound Pareto dominance: correctness,-3,-1,-3,True,True,False
helpsteer2:05091,train,1,lower-bound Pareto dominance: correctness,0,0,0,False,False,False
helpsteer2:05092,train,-1,lower-bound Pareto dominance: coherence,0,-1,-2,False,False,False
helpsteer2:05093,train,-1,lower-bound Pareto dominance: correctness,-1,-1,-1,True,True,False
helpsteer2:05094,train,-1,"lower-bound Pareto dominance: coherence, correctness",-2,-1,-2,True,True,False
helpsteer2:05095,train,1,"lower-bound Pareto dominance: coherence, correctness",4,1,3,True,True,False
helpsteer2:05096,train,1,lower-bound Pareto dominance: correctness,4,1,3,True,True,False
helpsteer2:05097,train,-1,lower-bound Pareto dominance: correctness,-2,-1,-2,True,True,False
helpsteer2:05098,train,-1,"lower-bound Pareto dominance: coherence, correctness",-2,-1,-1,True,True,False
helpsteer2:05099,train,-1,"lower-bound Pareto dominance: coherence, correctness",-2,-1,-2,True,True,False
helpsteer2:05100,train,-1,"lower-bound Pareto dominance: coherence, correctness",0,0,0,False,False,False
helpsteer2:05101,train,-1,"lower-bound Pareto dominance: coherence, correctness",-3,-1,-1,True,True,False
helpsteer2:05102,train,-1,lower-bound Pareto dominance: correctness,-3,-1,-3,True,True,False
helpsteer2:05103,train,0,equivalent within epsilon,0,-1,-1,False,False,False
helpsteer2:05104,train,0,cross-objective tradeoff,0,0,0,False,False,False
helpsteer2:05105,train,0,equivalent within epsilon,0,1,1,False,False,False
helpsteer2:05106,train,1,lower-bound Pareto dominance: correctness,4,1,3,True,True,False
helpsteer2:05107,train,0,equivalent within epsilon,0,-1,-2,False,False,False
helpsteer2:05108,train,1,"lower-bound Pareto dominance: coherence, correctness",2,1,2,True,True,False
helpsteer2:05109,train,1,lower-bound Pareto dominance: correctness,2,1,3,True,True,False
helpsteer2:05110,train,0,equivalent within epsilon,-1,-1,-1,False,True,False
helpsteer2:05111,train,-1,lower-bound Pareto dominance: correctness,-1,-1,-1,True,True,False
helpsteer2:05112,train,-1,lower-bound Pareto dominance: correctness,0,-1,-1,False,False,False
helpsteer2:05113,train,0,equivalent within epsilon,0,0,0,False,False,False
helpsteer2:05114,train,1,lower-bound Pareto dominance: correctness,0,1,2,False,False,False
helpsteer2:05115,train,-1,lower-bound Pareto dominance: correctness,-3,-1,-3,True,True,False
helpsteer2:05116,train,0,equivalent within epsilon,0,1,1,False,False,False
helpsteer2:05117,train,1,"lower-bound Pareto dominance: coherence, correctness",3,1,3,True,True,False
helpsteer2:05118,train,1,lower-bound Pareto dominance: correctness,3,1,1,True,True,False
helpsteer2:05119,train,0,cross-objective tradeoff,-1,-1,-2,False,True,False
helpsteer2:05120,train,0,equivalent within epsilon,0,-1,-1,False,False,False
helpsteer2:05121,train,0,equivalent within epsilon,1,1,2,False,True,False
helpsteer2:05122,train,0,equivalent within epsilon,0,-1,-1,False,False,False
helpsteer2:05123,train,1,lower-bound Pareto dominance: correctness,1,1,1,True,True,False
helpsteer2:05124,train,-1,"lower-bound Pareto dominance: coherence, correctness",-1,-1,-2,True,True,False
helpsteer2:05125,train,1,"lower-bound Pareto dominance: coherence, correctness",1,0,0,True,True,False
helpsteer2:05126,train,1,"lower-bound Pareto dominance: coherence, correctness",2,1,2,True,True,False
helpsteer2:05127,train,1,lower-bound Pareto dominance: correctness,1,1,1,True,True,False
helpsteer2:05128,train,0,equivalent within epsilon,0,0,0,False,False,False
helpsteer2:05129,train,-1,"lower-bound Pareto dominance: coherence, correctness",1,-1,-2,True,True,False
helpsteer2:05130,train,0,equivalent within epsilon,0,0,0,False,False,False
helpsteer2:05131,train,1,"lower-bound Pareto dominance: coherence, correctness",1,1,1,True,True,False
helpsteer2:05132,train,-1,lower-bound Pareto dominance: correctness,-3,-1,-3,True,True,False
helpsteer2:05133,train,0,equivalent within epsilon,0,0,0,False,False,False
helpsteer2:05134,train,0,equivalent within epsilon,0,-1,-2,False,False,False
helpsteer2:05135,train,-1,lower-bound Pareto dominance: correctness,-3,-1,-3,True,True,False
helpsteer2:05136,train,0,equivalent within epsilon,0,1,1,False,False,False
helpsteer2:05137,train,1,lower-bound Pareto dominance: correctness,2,1,2,True,True,False
helpsteer2:05138,train,0,equivalent within epsilon,0,-1,-1,False,False,False
helpsteer2:05139,train,0,equivalent within epsilon,0,0,0,False,False,False
helpsteer2:05140,train,-1,"lower-bound Pareto dominance: coherence, correctness",-1,-1,-1,True,False,False
helpsteer2:05141,train,1,lower-bound Pareto dominance: correctness,1,1,1,True,True,False
helpsteer2:05142,train,-1,lower-bound Pareto dominance: correctness,-2,-1,-2,True,True,False
helpsteer2:05143,train,1,lower-bound Pareto dominance: correctness,0,-1,-2,False,False,False
helpsteer2:05144,train,-1,"lower-bound Pareto dominance: coherence, correctness",-2,-1,-2,True,True,False
helpsteer2:05145,train,1,lower-bound Pareto dominance: correctness,3,1,2,True,True,False
helpsteer2:05146,train,0,equivalent within epsilon,-1,-1,-1,False,True,False
helpsteer2:05147,train,1,lower-bound Pareto dominance: correctness,3,1,2,True,True,False
helpsteer2:05148,train,-1,"lower-bound Pareto dominance: coherence, correctness",-3,-1,-2,True,True,False
helpsteer2:05149,train,1,lower-bound Pareto dominance: correctness,3,1,2,True,True,False
helpsteer2:05150,train,-1,lower-bound Pareto dominance: correctness,0,-1,-2,False,False,False
helpsteer2:05151,train,0,equivalent within epsilon,0,1,1,False,False,False
helpsteer2:05152,train,1,lower-bound Pareto dominance: correctness,1,1,1,True,False,False
helpsteer2:05153,train,-1,"lower-bound Pareto dominance: coherence, correctness",-4,-1,-3,True,True,False
helpsteer2:05154,train,1,lower-bound Pareto dominance: correctness,4,1,3,True,True,False
helpsteer2:05155,train,-1,"lower-bound Pareto dominance: coherence, correctness",-2,-1,-2,True,True,False
helpsteer2:05156,train,1,"lower-bound Pareto dominance: coherence, correctness",1,1,1,True,True,False
helpsteer2:05157,train,1,"lower-bound Pareto dominance: coherence, correctness",4,1,3,True,True,False
helpsteer2:05158,train,1,lower-bound Pareto dominance: correctness,0,0,0,False,False,False
helpsteer2:05159,train,1,lower-bound Pareto dominance: correctness,2,1,2,True,True,False
helpsteer2:05160,train,-1,"lower-bound Pareto dominance: coherence, correctness",-2,-1,-2,True,True,False
helpsteer2:05161,train,-1,lower-bound Pareto dominance: correctness,-1,0,0,True,False,False
helpsteer2:05162,train,-1,lower-bound Pareto dominance: correctness,-1,-1,-1,True,True,False
helpsteer2:05163,train,-1,"lower-bound Pareto dominance: coherence, correctness",-3,-1,-2,True,True,False
helpsteer2:05164,train,-1,lower-bound Pareto dominance: correctness,-1,-1,-1,True,False,False
helpsteer2:05165,train,1,lower-bound Pareto dominance: correctness,1,0,0,True,True,False
helpsteer2:05166,train,-1,lower-bound Pareto dominance: correctness,-1,-1,-1,True,False,False
helpsteer2:05167,train,0,equivalent within epsilon,0,-1,-1,False,False,False
helpsteer2:05168,train,1,"lower-bound Pareto dominance: coherence, correctness",1,1,1,True,True,False
helpsteer2:05169,train,1,lower-bound Pareto dominance: correctness,1,1,1,True,True,False
helpsteer2:05170,train,-1,"lower-bound Pareto dominance: coherence, correctness",-1,-1,-1,True,True,False
helpsteer2:05171,train,0,equivalent within epsilon,0,1,1,False,False,False
helpsteer2:05172,train,1,"lower-bound Pareto dominance: coherence, correctness",3,1,3,True,True,False
helpsteer2:05173,train,0,equivalent within epsilon,0,0,0,False,False,False
helpsteer2:05174,train,-1,lower-bound Pareto dominance: correctness,-1,-1,-2,True,True,False
helpsteer2:05175,train,-1,lower-bound Pareto dominance: correctness,-2,-1,-2,True,True,False
helpsteer2:05176,train,1,lower-bound Pareto dominance: coherence,0,0,0,False,False,False
helpsteer2:05177,train,-1,lower-bound Pareto dominance: correctness,-1,-1,-1,True,True,False
helpsteer2:05178,train,-1,"lower-bound Pareto dominance: coherence, correctness",-1,-1,-1,True,True,False
helpsteer2:05179,train,1,lower-bound Pareto dominance: correctness,1,1,1,True,True,False
helpsteer2:05180,train,0,equivalent within epsilon,0,0,0,False,False,False
helpsteer2:05181,train,-1,"lower-bound Pareto dominance: coherence, correctness",-2,-1,-2,True,True,False
helpsteer2:05182,train,1,lower-bound Pareto dominance: correctness,4,1,3,True,True,False
helpsteer2:05183,train,0,equivalent within epsilon,-1,1,2,False,True,False
helpsteer2:05184,train,1,lower-bound Pareto dominance: correctness,1,1,1,True,True,False
helpsteer2:05185,train,0,equivalent within epsilon,0,0,0,False,False,False
helpsteer2:05186,train,-1,lower-bound Pareto dominance: correctness,-3,-1,-3,True,True,False
helpsteer2:05187,train,1,lower-bound Pareto dominance: correctness,3,1,2,True,True,False
helpsteer2:05188,train,-1,"lower-bound Pareto dominance: coherence, correctness",-2,-1,-2,True,True,False
helpsteer2:05189,train,1,lower-bound Pareto dominance: correctness,2,1,2,True,True,False
helpsteer2:05190,train,0,equivalent within epsilon,0,1,1,False,False,False
helpsteer2:05191,train,-1,lower-bound Pareto dominance: correctness,-1,-1,-1,True,True,False
helpsteer2:05192,train,-1,lower-bound Pareto dominance: correctness,-1,-1,-1,True,True,False
helpsteer2:05193,train,-1,"lower-bound Pareto dominance: coherence, correctness",-1,0,0,True,True,False
helpsteer2:05194,train,1,"lower-bound Pareto dominance: coherence, correctness",2,1,2,True,True,False
helpsteer2:05195,train,1,lower-bound Pareto dominance: coherence,0,-1,-1,False,False,False
helpsteer2:05196,train,-1,"lower-bound Pareto dominance: coherence, correctness",-2,-1,-2,True,True,False
helpsteer2:05197,train,1,"lower-bound Pareto dominance: coherence, correctness",4,1,3,True,True,False
helpsteer2:05198,train,0,equivalent within epsilon,0,1,1,False,False,False
helpsteer2:05199,train,-1,"lower-bound Pareto dominance: coherence, correctness",0,0,0,False,False,False
helpsteer2:05200,train,0,equivalent within epsilon,2,1,2,False,True,False
helpsteer2:05201,train,1,"lower-bound Pareto dominance: coherence, correctness",1,1,1,True,True,False
helpsteer2:05202,train,-1,lower-bound Pareto dominance: correctness,-1,0,0,True,False,False
helpsteer2:05203,train,1,lower-bound Pareto dominance: correctness,1,1,1,True,True,False
helpsteer2:05204,train,1,"lower-bound Pareto dominance: coherence, correctness",2,1,2,True,True,False
helpsteer2:05205,train,1,"lower-bound Pareto dominance: coherence, correctness",3,1,3,True,True,False
helpsteer2:05206,train,1,"lower-bound Pareto dominance: coherence, correctness",2,1,2,True,True,False
helpsteer2:05207,train,1,lower-bound Pareto dominance: correctness,2,1,2,True,True,False
helpsteer2:05208,train,-1,lower-bound Pareto dominance: correctness,-1,-1,-1,True,True,False
helpsteer2:05209,train,1,"lower-bound Pareto dominance: coherence, correctness",3,1,2,True,True,False
helpsteer2:05210,train,1,lower-bound Pareto dominance: correctness,3,1,2,True,True,False
helpsteer2:05211,train,0,cross-objective tradeoff,-2,-1,-2,False,True,False
helpsteer2:05212,train,-1,"lower-bound Pareto dominance: coherence, correctness",-1,-1,-1,True,True,False
helpsteer2:05213,train,-1,"lower-bound Pareto dominance: coherence, correctness",-4,-1,-3,True,True,False
helpsteer2:05214,train,1,lower-bound Pareto dominance: correctness,2,1,2,True,True,False
helpsteer2:05215,train,0,equivalent within epsilon,0,0,0,False,False,False
helpsteer2:05216,train,1,lower-bound Pareto dominance: correctness,1,0,0,True,True,False
helpsteer2:05217,train,-1,"lower-bound Pareto dominance: coherence, correctness",-4,-1,-3,True,True,False
helpsteer2:05218,train,1,lower-bound Pareto dominance: correctness,2,1,2,True,True,False
helpsteer2:05219,train,-1,lower-bound Pareto dominance: coherence,2,0,0,True,True,False
helpsteer2:05220,train,0,equivalent within epsilon,0,1,1,False,False,False
helpsteer2:05221,train,1,lower-bound Pareto dominance: correctness,2,1,2,True,True,False
helpsteer2:05222,train,1,lower-bound Pareto dominance: correctness,1,1,1,True,False,False
helpsteer2:05223,train,-1,lower-bound Pareto dominance: coherence,-1,-1,-2,True,True,False
helpsteer2:05224,train,1,lower-bound Pareto dominance: correctness,3,1,2,True,True,False
helpsteer2:05225,train,1,"lower-bound Pareto dominance: coherence, correctness",4,1,3,True,True,False
helpsteer2:05226,train,-1,lower-bound Pareto dominance: coherence,0,0,0,False,False,False
helpsteer2:05227,train,0,equivalent within epsilon,-1,-1,-1,False,True,False
helpsteer2:05228,train,0,equivalent within epsilon,0,0,0,False,False,False
helpsteer2:05229,train,1,"lower-bound Pareto dominance: coherence, correctness",0,1,1,False,False,False
helpsteer2:05230,train,1,"lower-bound Pareto dominance: coherence, correctness",2,1,1,True,True,False
helpsteer2:05231,train,-1,lower-bound Pareto dominance: coherence,-1,-1,-1,True,False,False
helpsteer2:05232,train,0,equivalent within epsilon,0,0,0,False,False,False
helpsteer2:05233,train,-1,lower-bound Pareto dominance: coherence,-1,-1,-1,True,True,False
helpsteer2:05234,train,0,equivalent within epsilon,0,1,1,False,False,False
helpsteer2:05235,train,-1,lower-bound Pareto dominance: correctness,-2,-1,-1,True,True,False
helpsteer2:05236,train,1,lower-bound Pareto dominance: coherence,0,0,0,False,False,False
helpsteer2:05237,train,-1,"lower-bound Pareto dominance: coherence, correctness",-1,-1,-1,True,True,False
helpsteer2:05238,train,0,equivalent within epsilon,0,-1,-1,False,False,False
helpsteer2:05239,train,0,equivalent within epsilon,1,-1,-1,False,True,False
helpsteer2:05240,train,-1,lower-bound Pareto dominance: correctness,-4,-1,-3,True,True,False
helpsteer2:05241,train,0,equivalent within epsilon,0,-1,-2,False,False,False
helpsteer2:05242,train,1,"lower-bound Pareto dominance: coherence, correctness",4,1,3,True,True,False
helpsteer2:05243,train,-1,"lower-bound Pareto dominance: coherence, correctness",-2,-1,-2,True,True,False
helpsteer2:05244,train,1,lower-bound Pareto dominance: correctness,3,1,3,True,True,False
helpsteer2:05245,train,-1,lower-bound Pareto dominance: correctness,-3,-1,-2,True,True,False
helpsteer2:05246,train,1,"lower-bound Pareto dominance: coherence, correctness",3,1,1,True,True,False
helpsteer2:05247,train,-1,lower-bound Pareto dominance: correctness,-3,-1,-3,True,True,False
helpsteer2:05248,train,-1,lower-bound Pareto dominance: correctness,-1,1,2,True,True,False
helpsteer2:05249,train,-1,lower-bound Pareto dominance: correctness,-2,0,0,True,True,False
helpsteer2:05250,train,1,lower-bound Pareto dominance: correctness,2,1,1,True,True,False
helpsteer2:05251,train,0,equivalent within epsilon,0,0,0,False,False,False
helpsteer2:05252,train,-1,lower-bound Pareto dominance: correctness,-3,-1,-3,True,True,False
helpsteer2:05253,train,1,lower-bound Pareto dominance: coherence,0,0,0,False,False,False
helpsteer2:05254,train,1,lower-bound Pareto dominance: correctness,1,0,0,True,True,False
helpsteer2:05255,train,-1,"lower-bound Pareto dominance: coherence, correctness",-4,-1,-3,True,True,False
helpsteer2:05256,train,-1,"lower-bound Pareto dominance: coherence, correctness",-2,-1,-2,True,True,False
helpsteer2:05257,train,-1,lower-bound Pareto dominance: correctness,-2,-1,-2,True,True,False
helpsteer2:05258,train,0,equivalent within epsilon,0,0,0,False,False,False
helpsteer2:05259,train,-1,lower-bound Pareto dominance: correctness,-2,-1,-2,True,True,False
helpsteer2:05260,train,1,"lower-bound Pareto dominance: coherence, correctness",1,1,2,True,True,False
helpsteer2:05261,train,1,"lower-bound Pareto dominance: coherence, correctness",3,1,3,True,True,False
helpsteer2:05262,train,-1,"lower-bound Pareto dominance: coherence, correctness",-4,-1,-3,True,True,False
helpsteer2:05263,train,1,"lower-bound Pareto dominance: coherence, correctness",1,0,0,True,True,False
helpsteer2:05264,train,-1,lower-bound Pareto dominance: correctness,-2,-1,-3,True,True,False
helpsteer2:05265,train,1,"lower-bound Pareto dominance: coherence, correctness",3,1,3,True,True,False
helpsteer2:05266,train,0,cross-objective tradeoff,1,1,1,False,True,False
helpsteer2:05267,train,-1,"lower-bound Pareto dominance: coherence, correctness",-1,-1,-1,True,True,False
helpsteer2:05268,train,0,equivalent within epsilon,0,0,0,False,False,False
helpsteer2:05269,train,1,lower-bound Pareto dominance: coherence,1,1,1,True,True,False
helpsteer2:05270,train,-1,"lower-bound Pareto dominance: coherence, correctness",-1,-1,-2,True,True,False
helpsteer2:05271,train,-1,lower-bound Pareto dominance: correctness,-3,-1,-3,True,True,False
helpsteer2:05272,train,-1,lower-bound Pareto dominance: correctness,-1,-1,-1,True,True,False
helpsteer2:05273,train,0,equivalent within epsilon,-1,0,0,False,True,False
helpsteer2:05274,train,-1,lower-bound Pareto dominance: correctness,-4,-1,-3,True,True,False
helpsteer2:05275,train,-1,lower-bound Pareto dominance: correctness,0,-1,-1,False,False,False
helpsteer2:05276,train,0,cross-objective tradeoff,1,0,0,False,True,False
helpsteer2:05277,train,1,"lower-bound Pareto dominance: coherence, correctness",1,1,2,True,True,False
helpsteer2:05278,train,-1,"lower-bound Pareto dominance: coherence, correctness",-1,-1,-1,True,True,False
helpsteer2:05279,train,-1,"lower-bound Pareto dominance: coherence, correctness",-4,-1,-3,True,True,False
helpsteer2:05280,train,1,"lower-bound Pareto dominance: coherence, correctness",1,0,0,True,True,False
helpsteer2:05281,train,0,equivalent within epsilon,0,0,0,False,False,False
helpsteer2:05282,train,-1,lower-bound Pareto dominance: correctness,-2,-1,-2,True,True,False
helpsteer2:05283,train,-1,lower-bound Pareto dominance: correctness,-1,1,1,True,True,False
helpsteer2:05284,train,0,cross-objective tradeoff,-2,-1,-3,False,True,False
helpsteer2:05285,train,-1,"lower-bound Pareto dominance: coherence, correctness",-3,-1,-2,True,True,False
helpsteer2:05286,train,-1,"lower-bound Pareto dominance: coherence, correctness",-3,-1,-3,True,True,False
helpsteer2:05287,train,-1,lower-bound Pareto dominance: correctness,-3,-1,-2,True,True,False
helpsteer2:05288,train,-1,"lower-bound Pareto dominance: coherence, correctness",-1,-1,-1,True,True,False
helpsteer2:05289,train,1,"lower-bound Pareto dominance: coherence, correctness",2,1,2,True,True,False
helpsteer2:05290,train,0,equivalent within epsilon,0,1,1,False,False,False
helpsteer2:05291,train,0,equivalent within epsilon,0,-1,-1,False,False,False
helpsteer2:05292,train,1,"lower-bound Pareto dominance: coherence, correctness",4,1,3,True,True,False
helpsteer2:05293,train,1,"lower-bound Pareto dominance: coherence, correctness",4,1,3,True,True,False
helpsteer2:05294,train,-1,lower-bound Pareto dominance: correctness,-3,-1,-3,True,True,False
helpsteer2:05295,train,0,equivalent within epsilon,0,0,0,False,False,False
helpsteer2:05296,train,0,equivalent within epsilon,0,1,2,False,False,False
helpsteer2:05297,train,0,equivalent within epsilon,0,0,0,False,False,False
helpsteer2:05298,train,-1,"lower-bound Pareto dominance: coherence, correctness",-2,-1,-2,True,True,False
helpsteer2:05299,train,1,"lower-bound Pareto dominance: coherence, correctness",1,1,2,True,True,False
helpsteer2:05300,train,1,"lower-bound Pareto dominance: coherence, correctness",2,1,2,True,True,False
helpsteer2:05301,train,-1,"lower-bound Pareto dominance: coherence, correctness",-3,-1,-2,True,True,False
helpsteer2:05302,train,1,lower-bound Pareto dominance: coherence,0,1,1,False,False,False
helpsteer2:05303,train,1,lower-bound Pareto dominance: correctness,2,1,2,True,True,False
helpsteer2:05304,train,-1,lower-bound Pareto dominance: correctness,-1,-1,-1,True,False,False
helpsteer2:05305,train,0,equivalent within epsilon,0,1,2,False,False,False
helpsteer2:05306,train,1,"lower-bound Pareto dominance: coherence, correctness",4,1,3,True,True,False
helpsteer2:05307,train,-1,"lower-bound Pareto dominance: coherence, correctness",-2,-1,-2,True,True,False
helpsteer2:05308,train,0,equivalent within epsilon,0,0,0,False,False,False
helpsteer2:05309,train,1,lower-bound Pareto dominance: correctness,3,1,2,True,True,False
helpsteer2:05310,train,0,equivalent within epsilon,0,0,0,False,False,False
helpsteer2:05311,train,1,"lower-bound Pareto dominance: coherence, correctness",3,1,3,True,True,False
helpsteer2:05312,train,0,equivalent within epsilon,0,-1,-2,False,False,False
helpsteer2:05313,train,0,equivalent within epsilon,0,0,0,False,False,False
helpsteer2:05314,train,-1,"lower-bound Pareto dominance: coherence, correctness",-2,-1,-2,True,True,False
helpsteer2:05315,train,-1,lower-bound Pareto dominance: correctness,-2,-1,-2,True,True,False
helpsteer2:05316,train,0,equivalent within epsilon,0,1,2,False,False,False
helpsteer2:05317,train,-1,lower-bound Pareto dominance: coherence,-1,-1,-1,True,True,False
helpsteer2:05318,train,1,"lower-bound Pareto dominance: coherence, correctness",1,1,1,True,True,False
helpsteer2:05319,train,1,lower-bound Pareto dominance: correctness,2,1,2,True,True,False
helpsteer2:05320,train,1,lower-bound Pareto dominance: correctness,3,1,2,True,True,False
helpsteer2:05321,train,0,equivalent within epsilon,0,1,1,False,False,False
helpsteer2:05322,train,-1,"lower-bound Pareto dominance: coherence, correctness",-4,-1,-3,True,True,False
helpsteer2:05323,train,1,lower-bound Pareto dominance: correctness,1,1,1,True,True,False
helpsteer2:05324,train,0,equivalent within epsilon,0,0,0,False,False,False
helpsteer2:05325,train,-1,"lower-bound Pareto dominance: coherence, correctness",-3,-1,-2,True,True,False
helpsteer2:05326,train,1,"lower-bound Pareto dominance: coherence, correctness",1,0,0,True,True,False
helpsteer2:05327,train,1,lower-bound Pareto dominance: correctness,1,1,1,True,True,False
helpsteer2:05328,train,1,lower-bound Pareto dominance: correctness,1,1,1,True,False,False
helpsteer2:05329,train,1,lower-bound Pareto dominance: correctness,1,1,1,True,True,False
helpsteer2:05330,train,0,equivalent within epsilon,0,-1,-1,False,False,False
helpsteer2:05331,train,0,equivalent within epsilon,0,0,0,False,False,False
helpsteer2:05332,train,0,equivalent within epsilon,0,0,0,False,False,False
helpsteer2:05333,train,1,lower-bound Pareto dominance: correctness,1,1,1,True,True,False
helpsteer2:05334,train,1,"lower-bound Pareto dominance: coherence, correctness",1,1,2,True,True,False
helpsteer2:05335,train,0,equivalent within epsilon,0,0,0,False,False,False
helpsteer2:05336,train,-1,lower-bound Pareto dominance: correctness,-2,-1,-2,True,True,False
helpsteer2:05337,train,1,"lower-bound Pareto dominance: coherence, correctness",3,1,3,True,True,False
helpsteer2:05338,train,-1,"lower-bound Pareto dominance: coherence, correctness",-1,-1,-1,True,True,False
helpsteer2:05339,train,-1,"lower-bound Pareto dominance: coherence, correctness",-1,-1,-1,True,True,False
helpsteer2:05340,train,-1,"lower-bound Pareto dominance: coherence, correctness",-4,-1,-3,True,True,False
helpsteer2:05341,train,1,lower-bound Pareto dominance: correctness,1,1,1,True,True,False
helpsteer2:05342,train,1,lower-bound Pareto dominance: correctness,1,0,0,True,False,False
helpsteer2:05343,train,0,equivalent within epsilon,0,1,1,False,False,False
helpsteer2:05344,train,-1,lower-bound Pareto dominance: correctness,-4,-1,-3,True,True,False
helpsteer2:05345,train,1,"lower-bound Pareto dominance: coherence, correctness",1,1,2,True,False,False
helpsteer2:05346,train,1,"lower-bound Pareto dominance: coherence, correctness",2,1,2,True,True,False
helpsteer2:05347,train,1,lower-bound Pareto dominance: coherence,0,-1,-1,False,False,False
helpsteer2:05348,train,0,equivalent within epsilon,0,0,0,False,False,False
helpsteer2:05349,train,1,lower-bound Pareto dominance: correctness,1,1,1,True,True,False
helpsteer2:05350,train,0,equivalent within epsilon,-1,-1,-1,False,True,False
helpsteer2:05351,train,-1,lower-bound Pareto dominance: correctness,-2,-1,-1,True,True,False
helpsteer2:05352,train,1,"lower-bound Pareto dominance: coherence, correctness",3,1,3,True,True,False
helpsteer2:05353,train,-1,lower-bound Pareto dominance: coherence,-1,0,0,True,False,False
helpsteer2:05354,train,-1,"lower-bound Pareto dominance: coherence, correctness",-1,-1,-2,True,True,False
helpsteer2:05355,train,1,lower-bound Pareto dominance: correctness,4,1,3,True,True,False
helpsteer2:05356,train,1,"lower-bound Pareto dominance: coherence, correctness",2,1,2,True,True,False
helpsteer2:05357,train,0,equivalent within epsilon,0,-1,-2,False,False,False
helpsteer2:05358,train,0,equivalent within epsilon,0,0,0,False,False,False
helpsteer2:05359,train,1,lower-bound Pareto dominance: coherence,0,1,1,False,False,False
helpsteer2:05360,train,-1,"lower-bound Pareto dominance: coherence, correctness",-2,-1,-2,True,True,False
helpsteer2:05361,train,1,"lower-bound Pareto dominance: coherence, correctness",2,1,2,True,True,False
helpsteer2:05362,train,-1,lower-bound Pareto dominance: correctness,-1,-1,-1,True,True,False
helpsteer2:05363,train,1,lower-bound Pareto dominance: coherence,2,1,2,True,True,False
helpsteer2:05364,train,0,equivalent within epsilon,0,0,0,False,False,False
helpsteer2:05365,train,0,cross-objective tradeoff,0,-1,-1,False,False,False
helpsteer2:05366,train,-1,lower-bound Pareto dominance: correctness,-1,-1,-1,True,False,False
helpsteer2:05367,train,0,equivalent within epsilon,0,0,0,False,False,False
helpsteer2:05368,train,1,lower-bound Pareto dominance: correctness,1,0,0,True,True,False
helpsteer2:05369,train,1,lower-bound Pareto dominance: coherence,0,1,1,False,False,False
helpsteer2:05370,train,1,lower-bound Pareto dominance: coherence,0,0,0,False,False,False
helpsteer2:05371,train,1,"lower-bound Pareto dominance: coherence, correctness",1,1,1,True,True,False
helpsteer2:05372,train,0,equivalent within epsilon,1,0,0,False,True,False
helpsteer2:05373,train,-1,lower-bound Pareto dominance: correctness,-2,-1,-2,True,True,False
helpsteer2:05374,train,-1,"lower-bound Pareto dominance: coherence, correctness",-3,-1,-2,True,True,False
helpsteer2:05375,train,0,equivalent within epsilon,-1,-1,-1,False,True,False
helpsteer2:05376,train,1,"lower-bound Pareto dominance: coherence, correctness",3,0,0,True,True,False
helpsteer2:05377,train,1,lower-bound Pareto dominance: correctness,4,1,3,True,True,False
helpsteer2:05378,train,-1,lower-bound Pareto dominance: correctness,0,-1,-1,False,False,False
helpsteer2:05379,train,-1,"lower-bound Pareto dominance: coherence, correctness",-1,-1,-2,True,True,False
helpsteer2:05380,train,-1,"lower-bound Pareto dominance: coherence, correctness",-2,-1,-2,True,True,False
helpsteer2:05381,train,0,equivalent within epsilon,0,-1,-1,False,False,False
helpsteer2:05382,train,-1,lower-bound Pareto dominance: correctness,-3,-1,-3,True,True,False
helpsteer2:05383,train,0,equivalent within epsilon,0,0,0,False,False,False
helpsteer2:05384,train,0,equivalent within epsilon,0,0,0,False,False,False
helpsteer2:05385,train,1,"lower-bound Pareto dominance: coherence, correctness",1,1,1,True,True,False
helpsteer2:05386,train,-1,lower-bound Pareto dominance: correctness,-1,-1,-1,True,False,False
helpsteer2:05387,train,1,"lower-bound Pareto dominance: coherence, correctness",3,1,3,True,True,False
helpsteer2:05388,train,1,lower-bound Pareto dominance: correctness,1,1,1,True,False,False
helpsteer2:05389,train,0,equivalent within epsilon,0,1,1,False,False,False
helpsteer2:05390,train,1,lower-bound Pareto dominance: correctness,2,1,2,True,True,False
helpsteer2:05391,train,0,equivalent within epsilon,0,0,0,False,False,False
helpsteer2:05392,train,0,equivalent within epsilon,0,0,0,False,False,False
helpsteer2:05393,train,-1,"lower-bound Pareto dominance: coherence, correctness",-2,-1,-2,True,True,False
helpsteer2:05394,train,0,equivalent within epsilon,0,0,0,False,False,False
helpsteer2:05395,train,0,equivalent within epsilon,0,1,1,False,False,False
helpsteer2:05396,train,1,lower-bound Pareto dominance: correctness,2,1,2,True,True,False
helpsteer2:05397,train,-1,lower-bound Pareto dominance: correctness,-1,-1,-1,True,True,False
helpsteer2:05398,train,1,"lower-bound Pareto dominance: coherence, correctness",2,1,2,True,True,False
helpsteer2:05399,train,-1,"lower-bound Pareto dominance: coherence, correctness",-1,0,0,True,True,False
helpsteer2:05400,train,-1,"lower-bound Pareto dominance: coherence, correctness",-1,-1,-1,True,True,False
helpsteer2:05401,train,1,"lower-bound Pareto dominance: coherence, correctness",3,1,3,True,True,False
helpsteer2:05402,train,-1,lower-bound Pareto dominance: correctness,-4,-1,-3,True,True,False
helpsteer2:05403,train,0,equivalent within epsilon,1,0,0,False,True,False
helpsteer2:05404,train,1,"lower-bound Pareto dominance: coherence, correctness",2,1,2,True,True,False
helpsteer2:05405,train,-1,"lower-bound Pareto dominance: coherence, correctness",-1,-1,-1,True,True,False
helpsteer2:05406,train,0,cross-objective tradeoff,-1,-1,-1,False,True,False
helpsteer2:05407,train,1,lower-bound Pareto dominance: correctness,1,0,0,True,True,False
helpsteer2:05408,train,1,lower-bound Pareto dominance: coherence,0,0,0,False,False,False
helpsteer2:05409,train,1,lower-bound Pareto dominance: correctness,2,1,2,True,True,False
helpsteer2:05410,train,-1,lower-bound Pareto dominance: coherence,-1,-1,-1,True,True,False
helpsteer2:05411,train,-1,lower-bound Pareto dominance: correctness,-1,-1,-2,True,False,False
helpsteer2:05412,train,0,equivalent within epsilon,0,1,1,False,False,False
helpsteer2:05413,train,0,equivalent within epsilon,1,0,0,False,True,False
helpsteer2:05414,train,0,equivalent within epsilon,0,0,0,False,False,False
helpsteer2:05415,train,0,cross-objective tradeoff,-2,-1,-2,False,True,False
helpsteer2:05416,train,1,lower-bound Pareto dominance: correctness,3,1,2,True,True,False
helpsteer2:05417,train,1,"lower-bound Pareto dominance: coherence, correctness",4,1,3,True,True,False
helpsteer2:05418,train,-1,lower-bound Pareto dominance: correctness,-3,-1,-3,True,True,False
helpsteer2:05419,train,1,lower-bound Pareto dominance: correctness,2,1,2,True,True,False
helpsteer2:05420,train,0,equivalent within epsilon,0,1,1,False,False,False
helpsteer2:05421,train,1,"lower-bound Pareto dominance: coherence, correctness",3,1,2,True,True,False
helpsteer2:05422,train,1,lower-bound Pareto dominance: correctness,4,1,3,True,True,False
helpsteer2:05423,train,-1,"lower-bound Pareto dominance: coherence, correctness",-2,-1,-2,True,True,False
helpsteer2:05424,train,0,equivalent within epsilon,1,1,2,False,True,False
helpsteer2:05425,train,0,equivalent within epsilon,1,1,2,False,True,False
helpsteer2:05426,train,-1,"lower-bound Pareto dominance: coherence, correctness",-2,-1,-2,True,True,False
helpsteer2:05427,train,0,equivalent within epsilon,-1,0,0,False,True,False
helpsteer2:05428,train,-1,"lower-bound Pareto dominance: coherence, correctness",-1,-1,-1,True,False,False
helpsteer2:05429,train,-1,lower-bound Pareto dominance: coherence,0,0,0,False,False,False
helpsteer2:05430,train,0,equivalent within epsilon,0,0,0,False,False,False
helpsteer2:05431,train,-1,lower-bound Pareto dominance: correctness,-3,0,0,True,True,False
helpsteer2:05432,train,-1,"lower-bound Pareto dominance: coherence, correctness",-3,-1,-3,True,True,False
helpsteer2:05433,train,0,equivalent within epsilon,0,-1,-2,False,False,False
helpsteer2:05434,train,1,lower-bound Pareto dominance: correctness,0,1,1,False,False,False
helpsteer2:05435,train,1,lower-bound Pareto dominance: correctness,3,1,3,True,True,False
helpsteer2:05436,train,0,cross-objective tradeoff,-2,-1,-2,False,True,False
helpsteer2:05437,train,1,lower-bound Pareto dominance: correctness,1,1,1,True,False,False
helpsteer2:05438,train,1,lower-bound Pareto dominance: correctness,3,1,3,True,True,False
helpsteer2:05439,train,-1,lower-bound Pareto dominance: correctness,-3,-1,-1,True,True,False
helpsteer2:05440,train,1,lower-bound Pareto dominance: correctness,1,1,1,True,True,False
helpsteer2:05441,train,1,lower-bound Pareto dominance: correctness,3,1,2,True,True,False
helpsteer2:05442,train,0,equivalent within epsilon,0,-1,-1,False,False,False
helpsteer2:05443,train,0,equivalent within epsilon,0,1,1,False,False,False
helpsteer2:05444,train,-1,lower-bound Pareto dominance: correctness,-2,-1,-2,True,True,False
helpsteer2:05445,train,1,"lower-bound Pareto dominance: coherence, correctness",2,1,2,True,True,False
helpsteer2:05446,train,1,lower-bound Pareto dominance: coherence,0,0,0,False,False,False
helpsteer2:05447,train,1,lower-bound Pareto dominance: correctness,1,1,2,True,True,False
helpsteer2:05448,train,1,"lower-bound Pareto dominance: coherence, correctness",1,-1,-2,True,True,False
helpsteer2:05449,train,-1,lower-bound Pareto dominance: correctness,-2,-1,-2,True,True,False
helpsteer2:05450,train,1,"lower-bound Pareto dominance: coherence, correctness",2,1,1,True,True,False
helpsteer2:05451,train,-1,"lower-bound Pareto dominance: coherence, correctness",-2,-1,-2,True,True,False
helpsteer2:05452,train,1,lower-bound Pareto dominance: coherence,1,0,0,True,True,False
helpsteer2:05453,train,-1,lower-bound Pareto dominance: correctness,-1,-1,-1,True,True,False
helpsteer2:05454,train,1,"lower-bound Pareto dominance: coherence, correctness",2,1,2,True,True,False
helpsteer2:05455,train,-1,"lower-bound Pareto dominance: coherence, correctness",-1,-1,-1,True,True,False
helpsteer2:05456,train,1,lower-bound Pareto dominance: correctness,3,1,3,True,True,False
helpsteer2:05457,train,-1,lower-bound Pareto dominance: correctness,-1,-1,-2,True,True,False
helpsteer2:05458,train,-1,lower-bound Pareto dominance: correctness,-1,0,0,True,True,False
helpsteer2:05459,train,-1,lower-bound Pareto dominance: correctness,-2,-1,-2,True,True,False
helpsteer2:05460,train,1,lower-bound Pareto dominance: correctness,2,1,2,True,True,False
helpsteer2:05461,train,-1,"lower-bound Pareto dominance: coherence, correctness",-3,-1,-2,True,True,False
helpsteer2:05462,train,1,lower-bound Pareto dominance: coherence,0,1,2,False,False,False
helpsteer2:05463,train,-1,lower-bound Pareto dominance: correctness,-1,-1,-1,True,False,False
helpsteer2:05464,train,1,lower-bound Pareto dominance: correctness,1,1,1,True,True,False
helpsteer2:05465,train,1,"lower-bound Pareto dominance: coherence, correctness",1,1,1,True,True,False
helpsteer2:05466,train,1,lower-bound Pareto dominance: correctness,1,1,2,True,True,False
helpsteer2:05467,train,-1,lower-bound Pareto dominance: correctness,-3,-1,-3,True,True,False
helpsteer2:05468,train,0,equivalent within epsilon,0,0,0,False,False,False
helpsteer2:05469,train,1,lower-bound Pareto dominance: correctness,4,1,3,True,True,False
helpsteer2:05470,train,0,equivalent within epsilon,0,1,1,False,False,False
helpsteer2:05471,train,1,lower-bound Pareto dominance: correctness,3,1,2,True,True,False
helpsteer2:05472,train,0,equivalent within epsilon,0,-1,-1,False,False,False
helpsteer2:05473,train,1,lower-bound Pareto dominance: correctness,1,1,1,True,False,False
helpsteer2:05474,train,-1,lower-bound Pareto dominance: correctness,-1,-1,-1,True,True,False
helpsteer2:05475,train,-1,lower-bound Pareto dominance: coherence,-1,-1,-1,True,True,False
helpsteer2:05476,train,1,"lower-bound Pareto dominance: coherence, correctness",2,1,2,True,True,False
helpsteer2:05477,train,1,lower-bound Pareto dominance: correctness,1,0,0,True,True,False
helpsteer2:05478,train,-1,lower-bound Pareto dominance: correctness,-4,-1,-3,True,True,False
helpsteer2:05479,train,1,lower-bound Pareto dominance: correctness,2,1,1,True,True,False
helpsteer2:05480,train,0,equivalent within epsilon,0,1,1,False,False,False
helpsteer2:05481,train,1,lower-bound Pareto dominance: correctness,1,1,1,True,True,False
helpsteer2:05482,train,1,"lower-bound Pareto dominance: coherence, correctness",2,1,2,True,True,False
helpsteer2:05483,train,1,lower-bound Pareto dominance: correctness,3,1,3,True,True,False
helpsteer2:05484,train,-1,lower-bound Pareto dominance: correctness,-2,-1,-2,True,True,False
helpsteer2:05485,train,1,"lower-bound Pareto dominance: coherence, correctness",2,1,2,True,True,False
helpsteer2:05486,train,0,equivalent within epsilon,-1,0,0,False,True,False
helpsteer2:05487,train,-1,lower-bound Pareto dominance: correctness,1,1,1,True,True,False
helpsteer2:05488,train,1,"lower-bound Pareto dominance: coherence, correctness",4,1,3,True,True,False
helpsteer2:05489,train,1,lower-bound Pareto dominance: correctness,4,1,3,True,True,False
helpsteer2:05490,train,-1,lower-bound Pareto dominance: correctness,-1,0,0,True,True,False
helpsteer2:05491,train,-1,lower-bound Pareto dominance: correctness,-3,-1,-3,True,True,False
helpsteer2:05492,train,1,"lower-bound Pareto dominance: coherence, correctness",4,1,3,True,True,False
helpsteer2:05493,train,1,"lower-bound Pareto dominance: coherence, correctness",2,1,2,True,True,False
helpsteer2:05494,train,1,"lower-bound Pareto dominance: coherence, correctness",1,1,1,True,True,False
helpsteer2:05495,train,-1,"lower-bound Pareto dominance: coherence, correctness",-3,-1,-3,True,True,False
helpsteer2:05496,train,1,"lower-bound Pareto dominance: coherence, correctness",4,1,3,True,True,False
helpsteer2:05497,train,0,equivalent within epsilon,3,0,0,False,True,False
helpsteer2:05498,train,0,equivalent within epsilon,0,-1,-1,False,False,False
helpsteer2:05499,train,1,lower-bound Pareto dominance: coherence,1,1,2,True,False,False
helpsteer2:05500,train,-1,lower-bound Pareto dominance: correctness,-3,-1,-3,True,True,False
helpsteer2:05501,train,1,"lower-bound Pareto dominance: coherence, correctness",4,1,3,True,True,False
helpsteer2:05502,train,-1,lower-bound Pareto dominance: correctness,-3,-1,-3,True,True,False
helpsteer2:05503,train,0,equivalent within epsilon,0,-1,-1,False,False,False
helpsteer2:05504,train,1,"lower-bound Pareto dominance: coherence, correctness",3,1,3,True,True,False
helpsteer2:05505,train,-1,"lower-bound Pareto dominance: coherence, correctness",-2,-1,-2,True,True,False
helpsteer2:05506,train,-1,"lower-bound Pareto dominance: coherence, correctness",-3,-1,-2,True,True,False
helpsteer2:05507,train,0,equivalent within epsilon,0,1,1,False,False,False
helpsteer2:05508,train,1,"lower-bound Pareto dominance: coherence, correctness",1,1,1,True,True,False
helpsteer2:05509,train,-1,"lower-bound Pareto dominance: coherence, correctness",-2,-1,-2,True,True,False
helpsteer2:05510,train,-1,"lower-bound Pareto dominance: coherence, correctness",-3,-1,-3,True,True,False
helpsteer2:05511,train,-1,lower-bound Pareto dominance: correctness,-3,-1,-3,True,True,False
helpsteer2:05512,train,1,lower-bound Pareto dominance: correctness,3,1,3,True,True,False
helpsteer2:05513,train,1,lower-bound Pareto dominance: correctness,2,1,2,True,True,False
helpsteer2:05514,train,1,lower-bound Pareto dominance: correctness,2,1,2,True,True,False
helpsteer2:05515,train,0,equivalent within epsilon,0,-1,-2,False,False,False
helpsteer2:05516,train,1,lower-bound Pareto dominance: correctness,1,1,1,True,True,False
helpsteer2:05517,train,1,lower-bound Pareto dominance: coherence,1,1,1,True,True,False
helpsteer2:05518,train,1,"lower-bound Pareto dominance: coherence, correctness",2,1,2,True,True,False
helpsteer2:05519,train,0,equivalent within epsilon,0,0,0,False,False,False
helpsteer2:05520,train,0,equivalent within epsilon,0,1,1,False,False,False
helpsteer2:05521,train,-1,"lower-bound Pareto dominance: coherence, correctness",-4,-1,-2,True,True,False
helpsteer2:05522,train,-1,lower-bound Pareto dominance: correctness,-1,-1,-1,True,True,False
helpsteer2:05523,train,1,lower-bound Pareto dominance: correctness,4,1,3,True,True,False
helpsteer2:05524,train,-1,lower-bound Pareto dominance: correctness,-2,-1,-1,True,True,False
helpsteer2:05525,train,1,"lower-bound Pareto dominance: coherence, correctness",1,1,1,True,True,False
helpsteer2:05526,train,1,"lower-bound Pareto dominance: coherence, correctness",4,1,3,True,True,False
helpsteer2:05527,train,1,lower-bound Pareto dominance: correctness,1,1,2,True,True,False
helpsteer2:05528,train,1,lower-bound Pareto dominance: correctness,3,1,3,True,True,False
helpsteer2:05529,train,0,equivalent within epsilon,0,0,0,False,False,False
helpsteer2:05530,train,-1,"lower-bound Pareto dominance: coherence, correctness",-2,-1,-1,True,True,False
helpsteer2:05531,train,1,lower-bound Pareto dominance: correctness,2,1,2,True,True,False
helpsteer2:05532,train,0,equivalent within epsilon,0,-1,-1,False,False,False
helpsteer2:05533,train,-1,"lower-bound Pareto dominance: coherence, correctness",-2,-1,-2,True,True,False
helpsteer2:05534,train,1,lower-bound Pareto dominance: correctness,2,1,1,True,True,False
helpsteer2:05535,train,-1,lower-bound Pareto dominance: correctness,-1,-1,-1,True,False,False
helpsteer2:05536,train,1,lower-bound Pareto dominance: correctness,1,1,1,True,True,False
helpsteer2:05537,train,1,"lower-bound Pareto dominance: coherence, correctness",4,1,3,True,True,False
helpsteer2:05538,train,-1,"lower-bound Pareto dominance: coherence, correctness",-1,-1,-1,True,True,False
helpsteer2:05539,train,0,equivalent within epsilon,0,-1,-1,False,False,False
helpsteer2:05540,train,0,equivalent within epsilon,0,0,0,False,False,False
helpsteer2:05541,train,1,lower-bound Pareto dominance: correctness,1,1,1,True,True,False
helpsteer2:05542,train,0,equivalent within epsilon,0,0,0,False,False,False
helpsteer2:05543,train,-1,"lower-bound Pareto dominance: coherence, correctness",-1,-1,-1,True,True,False
helpsteer2:05544,train,-1,"lower-bound Pareto dominance: coherence, correctness",-2,-1,-3,True,True,False
helpsteer2:05545,train,0,equivalent within epsilon,0,1,1,False,False,False
helpsteer2:05546,train,1,lower-bound Pareto dominance: correctness,3,1,3,True,True,False
helpsteer2:05547,train,1,lower-bound Pareto dominance: coherence,0,1,2,False,False,False
helpsteer2:05548,train,1,"lower-bound Pareto dominance: coherence, correctness",0,-1,-1,False,False,False
helpsteer2:05549,train,-1,lower-bound Pareto dominance: correctness,-1,0,0,True,True,False
helpsteer2:05550,train,1,lower-bound Pareto dominance: correctness,0,0,0,False,False,False
helpsteer2:05551,train,-1,"lower-bound Pareto dominance: coherence, correctness",-1,-1,-1,True,True,False
helpsteer2:05552,train,-1,"lower-bound Pareto dominance: coherence, correctness",0,0,0,False,False,False
helpsteer2:05553,train,0,equivalent within epsilon,0,0,0,False,False,False
helpsteer2:05554,train,0,equivalent within epsilon,0,-1,-2,False,False,False
helpsteer2:05555,train,1,"lower-bound Pareto dominance: coherence, correctness",3,1,3,True,True,False
helpsteer2:05556,train,0,equivalent within epsilon,0,-1,-1,False,False,False
helpsteer2:05557,train,0,equivalent within epsilon,0,1,1,False,False,False
helpsteer2:05558,train,0,equivalent within epsilon,0,-1,-1,False,False,False
helpsteer2:05559,train,1,lower-bound Pareto dominance: correctness,2,1,2,True,True,False
helpsteer2:05560,train,1,lower-bound Pareto dominance: correctness,1,1,1,True,True,False
helpsteer2:05561,train,1,"lower-bound Pareto dominance: coherence, correctness",1,1,1,True,False,False
helpsteer2:05562,train,1,lower-bound Pareto dominance: correctness,3,1,2,True,True,False
helpsteer2:05563,train,0,equivalent within epsilon,0,1,1,False,False,False
helpsteer2:05564,train,1,lower-bound Pareto dominance: coherence,1,0,0,True,True,False
helpsteer2:05565,train,-1,lower-bound Pareto dominance: correctness,-3,-1,-3,True,True,False
helpsteer2:05566,train,0,equivalent within epsilon,0,0,0,False,False,False
helpsteer2:05567,train,1,"lower-bound Pareto dominance: coherence, correctness",2,1,2,True,True,False
helpsteer2:05568,train,1,lower-bound Pareto dominance: correctness,1,0,0,True,True,False
helpsteer2:05569,train,1,lower-bound Pareto dominance: coherence,0,0,0,False,False,False
helpsteer2:05570,train,1,"lower-bound Pareto dominance: coherence, correctness",2,1,2,True,True,False
helpsteer2:05571,train,-1,lower-bound Pareto dominance: correctness,0,0,0,False,False,False
helpsteer2:05572,train,0,equivalent within epsilon,0,1,1,False,False,False
helpsteer2:05573,train,-1,"lower-bound Pareto dominance: coherence, correctness",-2,-1,-1,True,True,False
helpsteer2:05574,train,0,equivalent within epsilon,1,1,1,False,False,False
helpsteer2:05575,train,1,lower-bound Pareto dominance: correctness,3,1,3,True,True,False
helpsteer2:05576,train,1,lower-bound Pareto dominance: correctness,1,0,0,True,True,False
helpsteer2:05577,train,1,lower-bound Pareto dominance: correctness,1,0,0,True,True,False
helpsteer2:05578,train,1,lower-bound Pareto dominance: coherence,1,0,0,True,True,False
helpsteer2:05579,train,0,equivalent within epsilon,0,0,0,False,False,False
helpsteer2:05580,train,0,equivalent within epsilon,0,1,1,False,False,False
helpsteer2:05581,train,-1,lower-bound Pareto dominance: correctness,-4,-1,-3,True,True,False
helpsteer2:05582,train,1,"lower-bound Pareto dominance: coherence, correctness",1,1,1,True,True,False
helpsteer2:05583,train,0,equivalent within epsilon,0,0,0,False,False,False
helpsteer2:05584,train,1,"lower-bound Pareto dominance: coherence, correctness",1,1,1,True,False,False
helpsteer2:05585,train,1,lower-bound Pareto dominance: coherence,0,0,0,False,False,False
helpsteer2:05586,train,1,"lower-bound Pareto dominance: coherence, correctness",1,1,1,True,True,False
helpsteer2:05587,train,1,lower-bound Pareto dominance: correctness,1,1,1,True,True,False
helpsteer2:05588,train,-1,lower-bound Pareto dominance: correctness,-3,-1,-2,True,True,False
helpsteer2:05589,train,0,equivalent within epsilon,1,0,0,False,False,False
helpsteer2:05590,train,1,lower-bound Pareto dominance: coherence,0,1,1,False,False,False
helpsteer2:05591,train,0,equivalent within epsilon,0,0,0,False,False,False
helpsteer2:05592,train,1,lower-bound Pareto dominance: coherence,0,0,0,False,False,False
helpsteer2:05593,train,-1,"lower-bound Pareto dominance: coherence, correctness",-2,-1,-2,True,True,False
helpsteer2:05594,train,1,lower-bound Pareto dominance: correctness,2,1,2,True,True,False
helpsteer2:05595,train,-1,lower-bound Pareto dominance: correctness,-4,-1,-3,True,True,False
helpsteer2:05596,train,-1,lower-bound Pareto dominance: correctness,-2,-1,-2,True,True,False
helpsteer2:05597,train,1,lower-bound Pareto dominance: correctness,1,1,1,True,True,False
helpsteer2:05598,train,-1,lower-bound Pareto dominance: correctness,-2,-1,-2,True,True,False
helpsteer2:05599,train,1,lower-bound Pareto dominance: coherence,0,0,0,False,False,False
helpsteer2:05600,train,-1,"lower-bound Pareto dominance: coherence, correctness",-3,-1,-2,True,True,False
helpsteer2:05601,train,-1,lower-bound Pareto dominance: correctness,-3,-1,-3,True,True,False
helpsteer2:05602,train,0,equivalent within epsilon,0,0,0,False,False,False
helpsteer2:05603,train,-1,lower-bound Pareto dominance: correctness,-1,-1,-1,True,True,False
helpsteer2:05604,train,1,lower-bound Pareto dominance: correctness,4,1,3,True,True,False
helpsteer2:05605,train,1,"lower-bound Pareto dominance: coherence, correctness",2,1,2,True,True,False
helpsteer2:05606,train,1,lower-bound Pareto dominance: correctness,4,1,2,True,True,False
helpsteer2:05607,train,1,"lower-bound Pareto dominance: coherence, correctness",4,1,3,True,True,False
helpsteer2:05608,train,-1,"lower-bound Pareto dominance: coherence, correctness",-4,-1,-3,True,True,False
helpsteer2:05609,train,-1,"lower-bound Pareto dominance: coherence, correctness",-1,-1,-1,True,True,False
helpsteer2:05610,train,1,"lower-bound Pareto dominance: coherence, correctness",2,1,3,True,True,False
helpsteer2:05611,train,0,equivalent within epsilon,0,0,0,False,False,False
helpsteer2:05612,train,1,"lower-bound Pareto dominance: coherence, correctness",2,1,1,True,True,False
helpsteer2:05613,train,-1,"lower-bound Pareto dominance: coherence, correctness",-3,-1,-2,True,True,False
helpsteer2:05614,train,0,equivalent within epsilon,0,1,1,False,False,False
helpsteer2:05615,train,1,"lower-bound Pareto dominance: coherence, correctness",3,1,3,True,True,False
helpsteer2:05616,train,0,equivalent within epsilon,-3,-1,-2,False,True,False
helpsteer2:05617,train,1,lower-bound Pareto dominance: correctness,1,1,1,True,True,False
helpsteer2:05618,train,-1,"lower-bound Pareto dominance: coherence, correctness",-2,-1,-2,True,True,False
helpsteer2:05619,train,-1,lower-bound Pareto dominance: correctness,-2,-1,-1,True,True,False
helpsteer2:05620,train,-1,lower-bound Pareto dominance: coherence,-1,0,0,True,True,False
helpsteer2:05621,train,-1,"lower-bound Pareto dominance: coherence, correctness",-2,-1,-1,True,True,False
helpsteer2:05622,train,1,"lower-bound Pareto dominance: coherence, correctness",1,1,1,True,True,False
helpsteer2:05623,train,-1,"lower-bound Pareto dominance: coherence, correctness",-1,-1,-2,True,True,False
helpsteer2:05624,train,1,"lower-bound Pareto dominance: coherence, correctness",1,1,1,True,True,False
helpsteer2:05625,train,-1,lower-bound Pareto dominance: correctness,-1,0,0,True,True,False
helpsteer2:05626,train,1,lower-bound Pareto dominance: correctness,1,1,1,True,True,False
helpsteer2:05627,train,1,"lower-bound Pareto dominance: coherence, correctness",2,1,2,True,True,False
helpsteer2:05628,train,0,equivalent within epsilon,0,-1,-1,False,False,False
helpsteer2:05629,train,-1,lower-bound Pareto dominance: correctness,-1,-1,-1,True,True,False
helpsteer2:05630,train,1,lower-bound Pareto dominance: coherence,1,-1,-1,True,True,False
helpsteer2:05631,train,0,equivalent within epsilon,0,0,0,False,False,False
helpsteer2:05632,train,-1,lower-bound Pareto dominance: correctness,-2,-1,-2,True,True,False
helpsteer2:05633,train,0,equivalent within epsilon,1,1,2,False,True,False
helpsteer2:05634,train,1,lower-bound Pareto dominance: correctness,0,0,0,False,False,False
helpsteer2:05635,train,-1,"lower-bound Pareto dominance: coherence, correctness",-2,-1,-2,True,True,False
helpsteer2:05636,train,1,lower-bound Pareto dominance: coherence,0,0,0,False,False,False
helpsteer2:05637,train,-1,"lower-bound Pareto dominance: coherence, correctness",-2,-1,-2,True,True,False
helpsteer2:05638,train,1,lower-bound Pareto dominance: correctness,1,1,1,True,False,False
helpsteer2:05639,train,0,cross-objective tradeoff,3,1,3,False,True,False
helpsteer2:05640,train,1,"lower-bound Pareto dominance: coherence, correctness",2,1,2,True,True,False
helpsteer2:05641,train,1,lower-bound Pareto dominance: correctness,4,1,3,True,True,False
helpsteer2:05642,train,1,lower-bound Pareto dominance: correctness,2,1,2,True,True,False
helpsteer2:05643,train,1,"lower-bound Pareto dominance: coherence, correctness",1,1,2,True,True,False
helpsteer2:05644,train,1,lower-bound Pareto dominance: correctness,2,1,2,True,True,False
helpsteer2:05645,train,-1,"lower-bound Pareto dominance: coherence, correctness",-3,-1,-2,True,True,False
helpsteer2:05646,train,-1,lower-bound Pareto dominance: correctness,-1,-1,-1,True,True,False
helpsteer2:05647,train,-1,"lower-bound Pareto dominance: coherence, correctness",-4,-1,-3,True,True,False
helpsteer2:05648,train,0,equivalent within epsilon,0,1,1,False,False,False
helpsteer2:05649,train,-1,"lower-bound Pareto dominance: coherence, correctness",-3,-1,-3,True,True,False
helpsteer2:05650,train,-1,lower-bound Pareto dominance: correctness,-1,-1,-2,True,True,False
helpsteer2:05651,train,1,lower-bound Pareto dominance: correctness,4,1,3,True,True,False
helpsteer2:05652,train,-1,lower-bound Pareto dominance: coherence,-2,-1,-2,True,True,False
helpsteer2:05653,train,-1,"lower-bound Pareto dominance: coherence, correctness",-2,-1,-1,True,True,False
helpsteer2:05654,train,1,"lower-bound Pareto dominance: coherence, correctness",1,1,1,True,True,False
helpsteer2:05655,train,-1,lower-bound Pareto dominance: correctness,-1,-1,-1,True,True,False
helpsteer2:05656,train,-1,"lower-bound Pareto dominance: coherence, correctness",-1,-1,-2,True,True,False
helpsteer2:05657,train,0,equivalent within epsilon,0,-1,-1,False,False,False
helpsteer2:05658,train,0,equivalent within epsilon,0,0,0,False,False,False
helpsteer2:05659,train,1,lower-bound Pareto dominance: correctness,1,1,1,True,True,False
helpsteer2:05660,train,-1,"lower-bound Pareto dominance: coherence, correctness",-3,-1,-2,True,True,False
helpsteer2:05661,train,1,lower-bound Pareto dominance: correctness,-1,-1,-2,True,True,False
helpsteer2:05662,train,-1,lower-bound Pareto dominance: correctness,-4,-1,-2,True,True,False
helpsteer2:05663,train,1,lower-bound Pareto dominance: correctness,2,1,2,True,True,False
helpsteer2:05664,train,-1,"lower-bound Pareto dominance: coherence, correctness",-1,-1,-1,True,False,False
helpsteer2:05665,train,1,lower-bound Pareto dominance: correctness,0,1,2,False,False,False
helpsteer2:05666,train,-1,"lower-bound Pareto dominance: coherence, correctness",-2,-1,-2,True,True,False
helpsteer2:05667,train,-1,lower-bound Pareto dominance: correctness,-2,-1,-1,True,True,False
helpsteer2:05668,train,1,"lower-bound Pareto dominance: coherence, correctness",3,1,1,True,True,False
helpsteer2:05669,train,0,equivalent within epsilon,0,-1,-2,False,False,False
helpsteer2:05670,train,1,lower-bound Pareto dominance: correctness,1,1,1,True,True,False
helpsteer2:05671,train,0,equivalent within epsilon,0,0,0,False,False,False
helpsteer2:05672,train,1,lower-bound Pareto dominance: correctness,1,1,1,True,True,False
helpsteer2:05673,train,-1,lower-bound Pareto dominance: correctness,-4,-1,-3,True,True,False
helpsteer2:05674,train,1,lower-bound Pareto dominance: correctness,3,1,3,True,True,False
helpsteer2:05675,train,1,lower-bound Pareto dominance: correctness,4,1,3,True,True,False
helpsteer2:05676,train,-1,lower-bound Pareto dominance: correctness,-1,-1,-1,True,True,False
helpsteer2:05677,train,1,lower-bound Pareto dominance: correctness,3,1,2,True,True,False
helpsteer2:05678,train,1,lower-bound Pareto dominance: correctness,3,1,3,True,True,False
helpsteer2:05679,train,-1,lower-bound Pareto dominance: correctness,-1,-1,-1,True,True,False
helpsteer2:05680,train,1,"lower-bound Pareto dominance: coherence, correctness",2,1,2,True,True,False
helpsteer2:05681,train,-1,"lower-bound Pareto dominance: coherence, correctness",-1,-1,-2,True,True,False
helpsteer2:05682,train,0,equivalent within epsilon,0,0,0,False,False,False
helpsteer2:05683,train,-1,"lower-bound Pareto dominance: coherence, correctness",-4,-1,-3,True,True,False
helpsteer2:05684,train,0,equivalent within epsilon,0,-1,-1,False,False,False
helpsteer2:05685,train,-1,lower-bound Pareto dominance: coherence,2,1,1,True,True,False
helpsteer2:05686,train,-1,lower-bound Pareto dominance: correctness,-4,-1,-2,True,True,False
helpsteer2:05687,train,0,equivalent within epsilon,0,1,1,False,False,False
helpsteer2:05688,train,0,equivalent within epsilon,0,0,0,False,False,False
helpsteer2:05689,train,1,lower-bound Pareto dominance: correctness,1,1,1,True,True,False
helpsteer2:05690,train,0,cross-objective tradeoff,-3,-1,-2,False,True,False
helpsteer2:05691,train,1,"lower-bound Pareto dominance: coherence, correctness",3,1,3,True,True,False
helpsteer2:05692,train,1,"lower-bound Pareto dominance: coherence, correctness",3,1,3,True,True,False
helpsteer2:05693,train,-1,lower-bound Pareto dominance: correctness,-2,-1,-1,True,True,False
helpsteer2:05694,train,-1,lower-bound Pareto dominance: correctness,-1,-1,-2,True,True,False
helpsteer2:05695,train,0,equivalent within epsilon,0,-1,-1,False,False,False
helpsteer2:05696,train,1,lower-bound Pareto dominance: correctness,0,0,0,False,False,False
helpsteer2:05697,train,0,equivalent within epsilon,-1,-1,-1,False,True,False
helpsteer2:05698,train,1,"lower-bound Pareto dominance: coherence, correctness",2,1,2,True,True,False
helpsteer2:05699,train,1,lower-bound Pareto dominance: correctness,1,1,1,True,False,False
helpsteer2:05700,train,-1,lower-bound Pareto dominance: correctness,-2,-1,-1,True,True,False
helpsteer2:05701,train,0,equivalent within epsilon,0,0,0,False,False,False
helpsteer2:05702,train,0,equivalent within epsilon,0,0,0,False,False,False
helpsteer2:05703,train,1,"lower-bound Pareto dominance: coherence, correctness",2,1,2,True,True,False
helpsteer2:05704,train,1,"lower-bound Pareto dominance: coherence, correctness",1,1,1,True,True,False
helpsteer2:05705,train,0,equivalent within epsilon,0,0,0,False,False,False
helpsteer2:05706,train,0,equivalent within epsilon,0,0,0,False,False,False
helpsteer2:05707,train,-1,lower-bound Pareto dominance: coherence,-1,0,0,True,True,False
helpsteer2:05708,train,1,"lower-bound Pareto dominance: coherence, correctness",2,1,1,True,True,False
helpsteer2:05709,train,0,equivalent within epsilon,0,1,2,False,False,False
helpsteer2:05710,train,1,lower-bound Pareto dominance: correctness,1,0,0,True,True,False
helpsteer2:05711,train,1,lower-bound Pareto dominance: correctness,4,1,3,True,True,False
helpsteer2:05712,train,-1,"lower-bound Pareto dominance: coherence, correctness",-1,-1,-1,True,False,False
helpsteer2:05713,train,0,equivalent within epsilon,0,-1,-1,False,False,False
helpsteer2:05714,train,-1,"lower-bound Pareto dominance: coherence, correctness",-3,-1,-2,True,True,False
helpsteer2:05715,train,-1,lower-bound Pareto dominance: correctness,-1,-1,-1,True,True,False
helpsteer2:05716,train,-1,"lower-bound Pareto dominance: coherence, correctness",-3,-1,-3,True,True,False
helpsteer2:05717,train,0,equivalent within epsilon,0,-1,-1,False,False,False
helpsteer2:05718,train,-1,lower-bound Pareto dominance: correctness,-3,-1,-3,True,True,False
helpsteer2:05719,train,-1,"lower-bound Pareto dominance: coherence, correctness",-4,-1,-3,True,True,False
helpsteer2:05720,train,0,equivalent within epsilon,0,-1,-1,False,False,False
helpsteer2:05721,train,-1,lower-bound Pareto dominance: correctness,-2,-1,-2,True,True,False
helpsteer2:05722,train,0,equivalent within epsilon,0,0,0,False,False,False
helpsteer2:05723,train,1,lower-bound Pareto dominance: correctness,2,1,2,True,True,False
helpsteer2:05724,train,1,lower-bound Pareto dominance: correctness,2,1,1,True,True,False
helpsteer2:05725,train,0,equivalent within epsilon,0,-1,-1,False,False,False
helpsteer2:05726,train,1,lower-bound Pareto dominance: correctness,1,1,1,True,True,False
helpsteer2:05727,train,1,"lower-bound Pareto dominance: coherence, correctness",2,1,2,True,True,False
helpsteer2:05728,train,1,lower-bound Pareto dominance: correctness,3,1,3,True,True,False
helpsteer2:05729,train,1,"lower-bound Pareto dominance: coherence, correctness",3,1,3,True,True,False
helpsteer2:05730,train,-1,lower-bound Pareto dominance: correctness,-2,-1,-2,True,True,False
helpsteer2:05731,train,0,equivalent within epsilon,0,0,0,False,False,False
helpsteer2:05732,train,0,equivalent within epsilon,0,1,2,False,False,False
helpsteer2:05733,train,-1,lower-bound Pareto dominance: coherence,0,-1,-1,False,False,False
helpsteer2:05734,train,1,"lower-bound Pareto dominance: coherence, correctness",2,1,1,True,True,False
helpsteer2:05735,train,-1,"lower-bound Pareto dominance: coherence, correctness",-2,-1,-2,True,True,False
helpsteer2:05736,train,-1,"lower-bound Pareto dominance: coherence, correctness",-2,-1,-3,True,True,False
helpsteer2:05737,train,0,equivalent within epsilon,0,0,0,False,False,False
helpsteer2:05738,train,0,equivalent within epsilon,0,1,1,False,False,False
helpsteer2:05739,train,1,lower-bound Pareto dominance: correctness,2,1,2,True,True,False
helpsteer2:05740,train,-1,lower-bound Pareto dominance: correctness,-2,-1,-1,True,True,False
helpsteer2:05741,train,-1,"lower-bound Pareto dominance: coherence, correctness",-2,-1,-2,True,True,False
helpsteer2:05742,train,-1,lower-bound Pareto dominance: correctness,-1,-1,-1,True,True,False
helpsteer2:05743,train,1,"lower-bound Pareto dominance: coherence, correctness",2,1,2,True,True,False
helpsteer2:05744,train,-1,"lower-bound Pareto dominance: coherence, correctness",-4,-1,-3,True,True,False
helpsteer2:05745,train,1,"lower-bound Pareto dominance: coherence, correctness",1,1,2,True,True,False
helpsteer2:05746,train,-1,"lower-bound Pareto dominance: coherence, correctness",-1,-1,-1,True,False,False
helpsteer2:05747,train,1,"lower-bound Pareto dominance: coherence, correctness",2,1,1,True,True,False
helpsteer2:05748,train,0,cross-objective tradeoff,2,1,2,False,True,False
helpsteer2:05749,train,-1,lower-bound Pareto dominance: correctness,-3,-1,-3,True,True,False
helpsteer2:05750,train,1,lower-bound Pareto dominance: correctness,1,1,1,True,True,False
helpsteer2:05751,train,-1,lower-bound Pareto dominance: coherence,0,-1,-1,False,False,False
helpsteer2:05752,train,-1,"lower-bound Pareto dominance: coherence, correctness",-2,-1,-2,True,True,False
helpsteer2:05753,train,-1,lower-bound Pareto dominance: correctness,-1,-1,-1,True,True,False
helpsteer2:05754,train,-1,"lower-bound Pareto dominance: coherence, correctness",-4,-1,-3,True,True,False
helpsteer2:05755,train,-1,"lower-bound Pareto dominance: coherence, correctness",-1,-1,-2,True,False,False
helpsteer2:05756,train,0,equivalent within epsilon,0,1,1,False,False,False
helpsteer2:05757,train,0,equivalent within epsilon,0,0,0,False,False,False
helpsteer2:05758,train,0,equivalent within epsilon,0,1,1,False,False,False
helpsteer2:05759,train,1,lower-bound Pareto dominance: coherence,1,1,1,True,True,False
helpsteer2:05760,train,0,equivalent within epsilon,0,0,0,False,False,False
helpsteer2:05761,train,0,equivalent within epsilon,0,1,1,False,False,False
helpsteer2:05762,train,-1,lower-bound Pareto dominance: correctness,-1,-1,-2,True,True,False
helpsteer2:05763,train,0,cross-objective tradeoff,2,1,2,False,True,False
helpsteer2:05764,train,-1,lower-bound Pareto dominance: correctness,-4,-1,-3,True,True,False
helpsteer2:05765,train,0,equivalent within epsilon,0,0,0,False,False,False
helpsteer2:05766,train,-1,"lower-bound Pareto dominance: coherence, correctness",-2,-1,-2,True,True,False
helpsteer2:05767,train,1,lower-bound Pareto dominance: correctness,4,1,2,True,True,False
helpsteer2:05768,train,0,equivalent within epsilon,-1,0,0,False,True,False
helpsteer2:05769,train,-1,"lower-bound Pareto dominance: coherence, correctness",-4,-1,-3,True,True,False
helpsteer2:05770,train,0,equivalent within epsilon,0,1,1,False,False,False
helpsteer2:05771,train,0,equivalent within epsilon,0,1,1,False,False,False
helpsteer2:05772,train,-1,lower-bound Pareto dominance: correctness,-2,-1,-2,True,True,False
helpsteer2:05773,train,0,cross-objective tradeoff,0,1,2,False,False,False
helpsteer2:05774,train,0,equivalent within epsilon,0,-1,-1,False,False,False
helpsteer2:05775,train,0,equivalent within epsilon,0,0,0,False,False,False
helpsteer2:05776,train,-1,"lower-bound Pareto dominance: coherence, correctness",-1,-1,-2,True,True,False
helpsteer2:05777,train,1,"lower-bound Pareto dominance: coherence, correctness",3,1,2,True,True,False
helpsteer2:05778,train,1,lower-bound Pareto dominance: correctness,4,1,3,True,True,False
helpsteer2:05779,train,1,lower-bound Pareto dominance: correctness,2,-1,-2,True,True,False
helpsteer2:05780,train,-1,"lower-bound Pareto dominance: coherence, correctness",-1,-1,-2,True,True,False
helpsteer2:05781,train,1,lower-bound Pareto dominance: correctness,1,1,1,True,True,False
helpsteer2:05782,train,-1,lower-bound Pareto dominance: correctness,-3,-1,-3,True,True,False
helpsteer2:05783,train,-1,lower-bound Pareto dominance: correctness,-3,-1,-3,True,True,False
helpsteer2:05784,train,-1,lower-bound Pareto dominance: correctness,-1,-1,-1,True,True,False
helpsteer2:05785,train,1,lower-bound Pareto dominance: correctness,1,1,1,True,True,False
helpsteer2:05786,train,0,equivalent within epsilon,0,0,0,False,False,False
helpsteer2:05787,train,1,lower-bound Pareto dominance: coherence,2,1,2,True,True,False
helpsteer2:05788,train,1,"lower-bound Pareto dominance: coherence, correctness",1,1,3,True,True,False
helpsteer2:05789,train,-1,lower-bound Pareto dominance: correctness,-1,-1,-1,True,False,False
helpsteer2:05790,train,0,equivalent within epsilon,0,0,0,False,False,False
helpsteer2:05791,train,-1,lower-bound Pareto dominance: correctness,0,0,0,False,False,False
helpsteer2:05792,train,-1,"lower-bound Pareto dominance: coherence, correctness",-1,1,2,True,True,False
helpsteer2:05793,train,1,"lower-bound Pareto dominance: coherence, correctness",2,1,1,True,True,False
helpsteer2:05794,train,0,equivalent within epsilon,0,0,0,False,False,False
helpsteer2:05795,train,0,cross-objective tradeoff,1,-1,-2,False,True,False
helpsteer2:05796,train,1,"lower-bound Pareto dominance: coherence, correctness",4,1,3,True,True,False
helpsteer2:05797,train,1,lower-bound Pareto dominance: correctness,2,1,2,True,True,False
helpsteer2:05798,train,-1,lower-bound Pareto dominance: correctness,-3,-1,-3,True,True,False
helpsteer2:05799,train,1,lower-bound Pareto dominance: correctness,2,1,1,True,True,False
helpsteer2:05800,train,0,equivalent within epsilon,-1,-1,-1,False,False,False
helpsteer2:05801,train,-1,"lower-bound Pareto dominance: coherence, correctness",0,-1,-1,False,False,False
helpsteer2:05802,train,0,equivalent within epsilon,0,0,0,False,False,False
helpsteer2:05803,train,-1,lower-bound Pareto dominance: correctness,-2,-1,-2,True,True,False
helpsteer2:05804,train,-1,lower-bound Pareto dominance: correctness,-4,-1,-3,True,True,False
helpsteer2:05805,train,0,equivalent within epsilon,0,-1,-1,False,False,False
helpsteer2:05806,train,-1,lower-bound Pareto dominance: correctness,1,1,2,True,True,False
helpsteer2:05807,train,-1,lower-bound Pareto dominance: correctness,-1,-1,-1,True,True,False
helpsteer2:05808,train,-1,lower-bound Pareto dominance: correctness,-3,-1,-3,True,True,False
helpsteer2:05809,train,-1,lower-bound Pareto dominance: correctness,0,-1,-1,False,False,False
helpsteer2:05810,train,-1,lower-bound Pareto dominance: correctness,0,0,0,False,False,False
helpsteer2:05811,train,1,"lower-bound Pareto dominance: coherence, correctness",4,1,3,True,True,False
helpsteer2:05812,train,-1,lower-bound Pareto dominance: correctness,-1,-1,-2,True,True,False
helpsteer2:05813,train,0,equivalent within epsilon,0,0,0,False,False,False
helpsteer2:05814,train,1,"lower-bound Pareto dominance: coherence, correctness",1,1,1,True,True,False
helpsteer2:05815,train,-1,lower-bound Pareto dominance: correctness,-1,-1,-1,True,False,False
helpsteer2:05816,train,1,lower-bound Pareto dominance: coherence,0,-1,-2,False,False,False
helpsteer2:05817,train,1,"lower-bound Pareto dominance: coherence, correctness",3,1,3,True,True,False
helpsteer2:05818,train,-1,lower-bound Pareto dominance: correctness,-1,-1,-1,True,True,False
helpsteer2:05819,train,-1,"lower-bound Pareto dominance: coherence, correctness",-3,-1,-3,True,True,False
helpsteer2:05820,train,1,lower-bound Pareto dominance: correctness,2,1,2,True,True,False
helpsteer2:05821,train,1,lower-bound Pareto dominance: correctness,1,1,1,True,False,False
helpsteer2:05822,train,-1,"lower-bound Pareto dominance: coherence, correctness",-3,-1,-2,True,True,False
helpsteer2:05823,train,0,equivalent within epsilon,1,1,1,False,True,False
helpsteer2:05824,train,1,lower-bound Pareto dominance: correctness,3,1,2,True,True,False
helpsteer2:05825,train,1,lower-bound Pareto dominance: correctness,3,1,3,True,True,False
helpsteer2:05826,train,1,lower-bound Pareto dominance: coherence,1,1,1,True,True,False
helpsteer2:05827,train,0,equivalent within epsilon,-1,-1,-2,False,True,False
helpsteer2:05828,train,1,lower-bound Pareto dominance: coherence,0,1,1,False,False,False
helpsteer2:05829,train,1,"lower-bound Pareto dominance: coherence, correctness",1,1,1,True,True,False
helpsteer2:05830,train,1,lower-bound Pareto dominance: correctness,2,1,2,True,True,False
helpsteer2:05831,train,1,lower-bound Pareto dominance: correctness,3,1,2,True,True,False
helpsteer2:05832,train,-1,"lower-bound Pareto dominance: coherence, correctness",-2,-1,-2,True,True,False
helpsteer2:05833,train,1,lower-bound Pareto dominance: correctness,0,0,0,False,False,False
helpsteer2:05834,train,-1,"lower-bound Pareto dominance: coherence, correctness",-1,-1,-2,True,True,False
helpsteer2:05835,train,-1,lower-bound Pareto dominance: correctness,-2,-1,-3,True,True,False
helpsteer2:05836,train,1,"lower-bound Pareto dominance: coherence, correctness",1,0,0,True,True,False
helpsteer2:05837,train,1,"lower-bound Pareto dominance: coherence, correctness",3,1,3,True,True,False
helpsteer2:05838,train,-1,lower-bound Pareto dominance: correctness,-4,-1,-3,True,True,False
helpsteer2:05839,train,1,lower-bound Pareto dominance: correctness,1,1,1,True,True,False
helpsteer2:05840,train,1,"lower-bound Pareto dominance: coherence, correctness",1,1,1,True,True,False
helpsteer2:05841,train,1,lower-bound Pareto dominance: correctness,2,1,2,True,True,False
helpsteer2:05842,train,1,lower-bound Pareto dominance: correctness,3,1,3,True,True,False
helpsteer2:05843,train,1,"lower-bound Pareto dominance: coherence, correctness",3,1,2,True,True,False
helpsteer2:05844,train,-1,lower-bound Pareto dominance: coherence,0,0,0,False,False,False
helpsteer2:05845,train,-1,lower-bound Pareto dominance: coherence,-1,0,0,True,True,False
helpsteer2:05846,train,0,equivalent within epsilon,0,0,0,False,False,False
helpsteer2:05847,train,1,lower-bound Pareto dominance: correctness,4,1,3,True,True,False
helpsteer2:05848,train,1,"lower-bound Pareto dominance: coherence, correctness",3,1,3,True,True,False
helpsteer2:05849,train,-1,"lower-bound Pareto dominance: coherence, correctness",-2,-1,-2,True,True,False
helpsteer2:05850,train,0,equivalent within epsilon,0,1,1,False,False,False
helpsteer2:05851,train,1,"lower-bound Pareto dominance: coherence, correctness",3,1,3,True,True,False
helpsteer2:05852,train,1,lower-bound Pareto dominance: correctness,1,1,1,True,True,False
helpsteer2:05853,train,1,"lower-bound Pareto dominance: coherence, correctness",1,1,1,True,True,False
helpsteer2:05854,train,-1,lower-bound Pareto dominance: correctness,-1,-1,-1,True,True,False
helpsteer2:05855,train,1,lower-bound Pareto dominance: correctness,1,0,0,True,True,False
helpsteer2:05856,train,-1,lower-bound Pareto dominance: correctness,0,0,0,False,False,False
helpsteer2:05857,train,-1,"lower-bound Pareto dominance: coherence, correctness",-3,-1,-3,True,True,False
helpsteer2:05858,train,0,equivalent within epsilon,0,0,0,False,False,False
helpsteer2:05859,train,1,lower-bound Pareto dominance: correctness,1,1,2,True,False,False
helpsteer2:05860,train,-1,lower-bound Pareto dominance: correctness,-1,-1,-1,True,True,False
helpsteer2:05861,train,-1,lower-bound Pareto dominance: correctness,-1,-1,-1,True,True,False
helpsteer2:05862,train,1,lower-bound Pareto dominance: correctness,0,0,0,False,False,False
helpsteer2:05863,train,0,equivalent within epsilon,0,0,0,False,False,False
helpsteer2:05864,train,1,"lower-bound Pareto dominance: coherence, correctness",1,1,1,True,True,False
helpsteer2:05865,train,-1,lower-bound Pareto dominance: coherence,-1,0,0,True,True,False
helpsteer2:05866,train,-1,"lower-bound Pareto dominance: coherence, correctness",-1,-1,-1,True,True,False
helpsteer2:05867,train,1,lower-bound Pareto dominance: coherence,0,0,0,False,False,False
helpsteer2:05868,train,-1,"lower-bound Pareto dominance: coherence, correctness",-1,0,0,True,True,False
helpsteer2:05869,train,0,equivalent within epsilon,0,0,0,False,False,False
helpsteer2:05870,train,-1,lower-bound Pareto dominance: correctness,-1,-1,-1,True,True,False
helpsteer2:05871,train,1,lower-bound Pareto dominance: correctness,4,1,3,True,True,False
helpsteer2:05872,train,1,"lower-bound Pareto dominance: coherence, correctness",1,1,1,True,True,False
helpsteer2:05873,train,0,cross-objective tradeoff,-1,-1,-1,False,True,False
helpsteer2:05874,train,-1,lower-bound Pareto dominance: correctness,-1,-1,-1,True,True,False
helpsteer2:05875,train,0,equivalent within epsilon,0,-1,-1,False,False,False
helpsteer2:05876,train,1,lower-bound Pareto dominance: correctness,1,1,1,True,True,False
helpsteer2:05877,train,-1,"lower-bound Pareto dominance: coherence, correctness",-3,-1,-3,True,True,False
helpsteer2:05878,train,0,cross-objective tradeoff,2,1,2,False,True,False
helpsteer2:05879,train,0,equivalent within epsilon,0,0,0,False,False,False
helpsteer2:05880,train,-1,"lower-bound Pareto dominance: coherence, correctness",-3,-1,-2,True,True,False
helpsteer2:05881,train,0,equivalent within epsilon,-2,-1,-1,False,True,False
helpsteer2:05882,train,-1,lower-bound Pareto dominance: correctness,-2,-1,-1,True,True,False
helpsteer2:05883,train,-1,lower-bound Pareto dominance: correctness,-1,0,0,True,True,False
helpsteer2:05884,train,-1,lower-bound Pareto dominance: correctness,-4,-1,-3,True,True,False
helpsteer2:05885,train,0,cross-objective tradeoff,1,1,1,False,True,False
helpsteer2:05886,train,0,equivalent within epsilon,0,0,0,False,False,False
helpsteer2:05887,train,1,lower-bound Pareto dominance: correctness,2,1,2,True,True,False
helpsteer2:05888,train,-1,"lower-bound Pareto dominance: coherence, correctness",-3,-1,-3,True,True,False
helpsteer2:05889,train,-1,lower-bound Pareto dominance: correctness,-2,-1,-2,True,True,False
helpsteer2:05890,train,1,lower-bound Pareto dominance: correctness,1,1,2,True,True,False
helpsteer2:05891,train,0,equivalent within epsilon,0,0,0,False,False,False
helpsteer2:05892,train,1,lower-bound Pareto dominance: correctness,3,1,3,True,True,False
helpsteer2:05893,train,1,lower-bound Pareto dominance: correctness,1,1,1,True,False,False
helpsteer2:05894,train,-1,lower-bound Pareto dominance: correctness,-2,-1,-1,True,True,False
helpsteer2:05895,train,-1,lower-bound Pareto dominance: coherence,-1,0,0,True,False,False
helpsteer2:05896,train,1,lower-bound Pareto dominance: correctness,1,1,1,True,True,False
helpsteer2:05897,train,-1,lower-bound Pareto dominance: correctness,-1,-1,-1,True,True,False
helpsteer2:05898,train,1,"lower-bound Pareto dominance: coherence, correctness",2,1,2,True,True,False
helpsteer2:05899,train,0,equivalent within epsilon,0,1,1,False,False,False
helpsteer2:05900,train,-1,"lower-bound Pareto dominance: coherence, correctness",-3,-1,-3,True,True,False
helpsteer2:05901,train,1,lower-bound Pareto dominance: correctness,-1,-1,-1,True,True,False
helpsteer2:05902,train,0,equivalent within epsilon,0,0,0,False,False,False
helpsteer2:05903,train,1,lower-bound Pareto dominance: coherence,1,0,0,True,True,False
helpsteer2:05904,train,0,equivalent within epsilon,0,0,0,False,False,False
helpsteer2:05905,train,-1,lower-bound Pareto dominance: coherence,-1,-1,-2,True,False,False
helpsteer2:05906,train,-1,"lower-bound Pareto dominance: coherence, correctness",-2,-1,-2,True,True,False
helpsteer2:05907,train,1,lower-bound Pareto dominance: correctness,1,1,1,True,True,False
helpsteer2:05908,train,1,lower-bound Pareto dominance: correctness,3,1,3,True,True,False
helpsteer2:05909,train,1,lower-bound Pareto dominance: correctness,1,0,0,True,False,False
helpsteer2:05910,train,-1,"lower-bound Pareto dominance: coherence, correctness",-4,-1,-3,True,True,False
helpsteer2:05911,train,-1,lower-bound Pareto dominance: correctness,-1,-1,-2,True,True,False
helpsteer2:05912,train,1,lower-bound Pareto dominance: correctness,1,1,1,True,False,False
helpsteer2:05913,train,-1,lower-bound Pareto dominance: correctness,-3,-1,-3,True,True,False
helpsteer2:05914,train,1,lower-bound Pareto dominance: correctness,1,0,0,True,True,False
helpsteer2:05915,train,-1,"lower-bound Pareto dominance: coherence, correctness",-1,0,0,True,True,False
helpsteer2:05916,train,1,lower-bound Pareto dominance: correctness,1,1,1,True,True,False
helpsteer2:05917,train,1,lower-bound Pareto dominance: correctness,1,1,1,True,True,False
helpsteer2:05918,train,1,lower-bound Pareto dominance: correctness,1,1,2,True,True,False
helpsteer2:05919,train,-1,lower-bound Pareto dominance: correctness,-1,0,0,True,True,False
helpsteer2:05920,train,1,lower-bound Pareto dominance: coherence,1,0,0,True,True,False
helpsteer2:05921,train,-1,"lower-bound Pareto dominance: coherence, correctness",-2,-1,-2,True,True,False
helpsteer2:05922,train,-1,lower-bound Pareto dominance: correctness,0,0,0,False,False,False
helpsteer2:05923,train,-1,lower-bound Pareto dominance: coherence,0,0,0,False,False,False
helpsteer2:05924,train,1,"lower-bound Pareto dominance: coherence, correctness",3,1,3,True,True,False
helpsteer2:05925,train,-1,"lower-bound Pareto dominance: coherence, correctness",-2,-1,-1,True,True,False
helpsteer2:05926,train,0,equivalent within epsilon,0,-1,-1,False,False,False
helpsteer2:05927,train,0,equivalent within epsilon,0,1,1,False,False,False
helpsteer2:05928,train,1,lower-bound Pareto dominance: correctness,1,0,0,True,True,False
helpsteer2:05929,train,1,lower-bound Pareto dominance: correctness,1,1,1,True,False,False
helpsteer2:05930,train,-1,"lower-bound Pareto dominance: coherence, correctness",-4,-1,-3,True,True,False
helpsteer2:05931,train,1,lower-bound Pareto dominance: correctness,1,0,0,True,True,False
helpsteer2:05932,train,0,equivalent within epsilon,-1,-1,-2,False,False,False
helpsteer2:05933,train,-1,lower-bound Pareto dominance: correctness,-1,-1,-1,True,True,False
helpsteer2:05934,train,1,"lower-bound Pareto dominance: coherence, correctness",4,1,3,True,True,False
helpsteer2:05935,train,1,"lower-bound Pareto dominance: coherence, correctness",1,1,1,True,True,False
helpsteer2:05936,train,-1,lower-bound Pareto dominance: correctness,-2,-1,-1,True,True,False
helpsteer2:05937,train,0,equivalent within epsilon,0,0,0,False,False,False
helpsteer2:05938,train,1,lower-bound Pareto dominance: correctness,2,1,1,True,True,False
helpsteer2:05939,train,1,"lower-bound Pareto dominance: coherence, correctness",3,1,3,True,True,False
helpsteer2:05940,train,1,"lower-bound Pareto dominance: coherence, correctness",1,1,1,True,False,False
helpsteer2:05941,train,-1,lower-bound Pareto dominance: correctness,-3,-1,-2,True,True,False
helpsteer2:05942,train,1,"lower-bound Pareto dominance: coherence, correctness",3,1,3,True,True,False
helpsteer2:05943,train,1,"lower-bound Pareto dominance: coherence, correctness",4,1,3,True,True,False
helpsteer2:05944,train,1,"lower-bound Pareto dominance: coherence, correctness",2,1,2,True,True,False
helpsteer2:05945,train,-1,lower-bound Pareto dominance: correctness,-1,-1,-1,True,True,False
helpsteer2:05946,train,0,equivalent within epsilon,0,-1,-1,False,False,False
helpsteer2:05947,train,1,lower-bound Pareto dominance: correctness,1,1,1,True,False,False
helpsteer2:05948,train,-1,lower-bound Pareto dominance: correctness,-3,-1,-2,True,True,False
helpsteer2:05949,train,0,equivalent within epsilon,0,0,0,False,False,False
helpsteer2:05950,train,0,equivalent within epsilon,0,1,1,False,False,False
helpsteer2:05951,train,0,equivalent within epsilon,0,0,0,False,False,False
helpsteer2:05952,train,0,equivalent within epsilon,0,0,0,False,False,False
helpsteer2:05953,train,0,equivalent within epsilon,0,-1,-2,False,False,False
helpsteer2:05954,train,-1,lower-bound Pareto dominance: correctness,-1,0,0,True,True,False
helpsteer2:05955,train,1,lower-bound Pareto dominance: correctness,1,1,2,True,True,False
helpsteer2:05956,train,1,"lower-bound Pareto dominance: coherence, correctness",1,1,2,True,True,False
helpsteer2:05957,train,1,lower-bound Pareto dominance: coherence,1,1,1,True,False,False
helpsteer2:05958,train,-1,lower-bound Pareto dominance: correctness,-1,-1,-1,True,False,False
helpsteer2:05959,train,-1,lower-bound Pareto dominance: correctness,-3,-1,-3,True,True,False
helpsteer2:05960,train,0,equivalent within epsilon,0,0,0,False,False,False
helpsteer2:05961,train,-1,"lower-bound Pareto dominance: coherence, correctness",-3,-1,-3,True,True,False
helpsteer2:05962,train,1,"lower-bound Pareto dominance: coherence, correctness",3,1,2,True,True,False
helpsteer2:05963,train,0,cross-objective tradeoff,1,1,1,False,True,False
helpsteer2:05964,train,-1,"lower-bound Pareto dominance: coherence, correctness",-3,-1,-3,True,True,False
helpsteer2:05965,train,-1,lower-bound Pareto dominance: correctness,-1,-1,-1,True,True,False
helpsteer2:05966,train,1,"lower-bound Pareto dominance: coherence, correctness",1,-1,-1,True,True,False
helpsteer2:05967,train,-1,lower-bound Pareto dominance: coherence,-1,-1,-1,True,True,False
helpsteer2:05968,train,0,equivalent within epsilon,0,1,1,False,False,False
helpsteer2:05969,train,1,lower-bound Pareto dominance: correctness,1,1,2,True,True,False
helpsteer2:05970,train,-1,"lower-bound Pareto dominance: coherence, correctness",-2,-1,-2,True,True,False
helpsteer2:05971,train,-1,lower-bound Pareto dominance: correctness,-1,-1,-1,True,True,False
helpsteer2:05972,train,1,lower-bound Pareto dominance: correctness,1,1,1,True,True,False
helpsteer2:05973,train,0,equivalent within epsilon,0,-1,-2,False,False,False
helpsteer2:05974,train,1,lower-bound Pareto dominance: correctness,1,1,1,True,False,False
helpsteer2:05975,train,0,equivalent within epsilon,0,1,1,False,False,False
helpsteer2:05976,train,1,lower-bound Pareto dominance: correctness,1,1,1,True,True,False
helpsteer2:05977,train,0,cross-objective tradeoff,0,1,1,False,False,False
helpsteer2:05978,train,0,equivalent within epsilon,0,1,1,False,False,False
helpsteer2:05979,train,-1,lower-bound Pareto dominance: correctness,-3,1,2,True,True,False
helpsteer2:05980,train,-1,"lower-bound Pareto dominance: coherence, correctness",-4,-1,-3,True,True,False
helpsteer2:05981,train,0,equivalent within epsilon,0,-1,-1,False,False,False
helpsteer2:05982,train,1,"lower-bound Pareto dominance: coherence, correctness",2,1,2,True,True,False
helpsteer2:05983,train,-1,"lower-bound Pareto dominance: coherence, correctness",-4,-1,-3,True,True,False
helpsteer2:05984,train,0,equivalent within epsilon,0,-1,-1,False,False,False
helpsteer2:05985,train,-1,lower-bound Pareto dominance: correctness,-2,-1,-2,True,True,False
helpsteer2:05986,train,1,lower-bound Pareto dominance: correctness,1,1,1,True,True,False
helpsteer2:05987,train,-1,lower-bound Pareto dominance: correctness,-4,-1,-3,True,True,False
helpsteer2:05988,train,1,"lower-bound Pareto dominance: coherence, correctness",2,1,2,True,True,False
helpsteer2:05989,train,-1,"lower-bound Pareto dominance: coherence, correctness",-3,-1,-3,True,True,False
helpsteer2:05990,train,0,equivalent within epsilon,0,1,1,False,False,False
helpsteer2:05991,train,-1,lower-bound Pareto dominance: coherence,-2,-1,-2,True,True,False
helpsteer2:05992,train,-1,"lower-bound Pareto dominance: coherence, correctness",-2,-1,-1,True,True,False
helpsteer2:05993,train,-1,lower-bound Pareto dominance: correctness,-3,-1,-3,True,True,False
helpsteer2:05994,train,-1,"lower-bound Pareto dominance: coherence, correctness",-3,-1,-3,True,True,False
helpsteer2:05995,train,1,"lower-bound Pareto dominance: coherence, correctness",1,1,1,True,True,False
helpsteer2:05996,train,-1,lower-bound Pareto dominance: correctness,-1,-1,-1,True,False,False
helpsteer2:05997,train,-1,"lower-bound Pareto dominance: coherence, correctness",-4,-1,-2,True,True,False
helpsteer2:05998,train,0,equivalent within epsilon,0,1,2,False,False,False
helpsteer2:05999,train,1,"lower-bound Pareto dominance: coherence, correctness",1,0,0,True,True,False
helpsteer2:06000,train,-1,"lower-bound Pareto dominance: coherence, correctness",-2,-1,-2,True,True,False
helpsteer2:06001,train,1,lower-bound Pareto dominance: correctness,3,1,1,True,True,False
helpsteer2:06002,train,0,equivalent within epsilon,-1,-1,-1,False,True,False
helpsteer2:06003,train,1,"lower-bound Pareto dominance: coherence, correctness",1,1,1,True,True,False
helpsteer2:06004,train,0,equivalent within epsilon,0,0,0,False,False,False
helpsteer2:06005,train,-1,"lower-bound Pareto dominance: coherence, correctness",-4,-1,-3,True,True,False
helpsteer2:06006,train,0,cross-objective tradeoff,1,0,0,False,True,False
helpsteer2:06007,train,1,lower-bound Pareto dominance: coherence,0,1,1,False,False,False
helpsteer2:06008,train,-1,"lower-bound Pareto dominance: coherence, correctness",-2,-1,-2,True,True,False
helpsteer2:06009,train,0,equivalent within epsilon,0,0,0,False,False,False
helpsteer2:06010,train,-1,lower-bound Pareto dominance: correctness,-3,-1,-3,True,True,False
helpsteer2:06011,train,1,"lower-bound Pareto dominance: coherence, correctness",1,0,0,True,True,False
helpsteer2:06012,train,1,"lower-bound Pareto dominance: coherence, correctness",2,1,2,True,True,False
helpsteer2:06013,train,1,"lower-bound Pareto dominance: coherence, correctness",2,1,2,True,True,False
helpsteer2:06014,train,1,lower-bound Pareto dominance: correctness,0,1,1,False,False,False
helpsteer2:06015,train,0,equivalent within epsilon,1,0,0,False,True,False
helpsteer2:06016,train,1,"lower-bound Pareto dominance: coherence, correctness",2,1,2,True,True,False
helpsteer2:06017,train,-1,lower-bound Pareto dominance: correctness,-2,-1,-2,True,True,False
helpsteer2:06018,train,-1,"lower-bound Pareto dominance: coherence, correctness",-2,-1,-1,True,True,False
helpsteer2:06019,train,0,equivalent within epsilon,1,-1,-1,False,False,False
helpsteer2:06020,train,1,"lower-bound Pareto dominance: coherence, correctness",4,1,3,True,True,False
helpsteer2:06021,train,-1,"lower-bound Pareto dominance: coherence, correctness",-2,-1,-2,True,True,False
helpsteer2:06022,train,1,"lower-bound Pareto dominance: coherence, correctness",4,1,3,True,True,False
helpsteer2:06023,train,-1,"lower-bound Pareto dominance: coherence, correctness",-2,-1,-2,True,True,False
helpsteer2:06024,train,0,equivalent within epsilon,0,0,0,False,False,False
helpsteer2:06025,train,0,equivalent within epsilon,0,1,2,False,False,False
helpsteer2:06026,train,0,equivalent within epsilon,0,0,0,False,False,False
helpsteer2:06027,train,-1,lower-bound Pareto dominance: correctness,-2,-1,-1,True,True,False
helpsteer2:06028,train,1,lower-bound Pareto dominance: correctness,4,1,2,True,True,False
helpsteer2:06029,train,0,equivalent within epsilon,0,-1,-1,False,False,False
helpsteer2:06030,train,1,"lower-bound Pareto dominance: coherence, correctness",3,1,2,True,True,False
helpsteer2:06031,train,0,equivalent within epsilon,0,-1,-2,False,False,False
helpsteer2:06032,train,1,"lower-bound Pareto dominance: coherence, correctness",3,1,3,True,True,False
helpsteer2:06033,train,1,"lower-bound Pareto dominance: coherence, correctness",1,1,1,True,True,False
helpsteer2:06034,train,0,equivalent within epsilon,0,1,1,False,False,False
helpsteer2:06035,train,-1,lower-bound Pareto dominance: correctness,-2,-1,-2,True,True,False
helpsteer2:06036,train,1,"lower-bound Pareto dominance: coherence, correctness",1,1,1,True,True,False
helpsteer2:06037,train,-1,lower-bound Pareto dominance: coherence,-1,0,0,True,True,False
helpsteer2:06038,train,1,"lower-bound Pareto dominance: coherence, correctness",1,0,0,True,True,False
helpsteer2:06039,train,0,equivalent within epsilon,0,-1,-2,False,False,False
helpsteer2:06040,train,-1,lower-bound Pareto dominance: coherence,0,0,0,False,False,False
helpsteer2:06041,train,0,equivalent within epsilon,0,-1,-1,False,False,False
helpsteer2:06042,train,-1,"lower-bound Pareto dominance: coherence, correctness",-2,-1,-2,True,True,False
helpsteer2:06043,train,-1,lower-bound Pareto dominance: correctness,0,1,2,False,False,False
helpsteer2:06044,train,-1,lower-bound Pareto dominance: coherence,-1,-1,-1,True,True,False
helpsteer2:06045,train,-1,lower-bound Pareto dominance: correctness,-1,0,0,True,True,False
helpsteer2:06046,train,-1,lower-bound Pareto dominance: correctness,-2,-1,-1,True,True,False
helpsteer2:06047,train,-1,lower-bound Pareto dominance: correctness,-1,-1,-1,True,True,False
helpsteer2:06048,train,-1,lower-bound Pareto dominance: correctness,-1,-1,-2,True,True,False
helpsteer2:06049,train,-1,"lower-bound Pareto dominance: coherence, correctness",-2,-1,-2,True,True,False
helpsteer2:06050,train,1,"lower-bound Pareto dominance: coherence, correctness",1,1,1,True,True,False
helpsteer2:06051,train,1,"lower-bound Pareto dominance: coherence, correctness",1,1,1,True,True,False
helpsteer2:06052,train,1,"lower-bound Pareto dominance: coherence, correctness",3,1,2,True,True,False
helpsteer2:06053,train,-1,"lower-bound Pareto dominance: coherence, correctness",-2,-1,-1,True,True,False
helpsteer2:06054,train,0,equivalent within epsilon,0,1,1,False,False,False
helpsteer2:06055,train,-1,lower-bound Pareto dominance: correctness,-4,-1,-3,True,True,False
helpsteer2:06056,train,1,lower-bound Pareto dominance: correctness,1,1,1,True,True,False
helpsteer2:06057,train,-1,"lower-bound Pareto dominance: coherence, correctness",-1,-1,-1,True,True,False
helpsteer2:06058,train,0,equivalent within epsilon,0,1,1,False,False,False
helpsteer2:06059,train,1,lower-bound Pareto dominance: correctness,4,1,3,True,True,False
helpsteer2:06060,train,1,lower-bound Pareto dominance: correctness,2,1,3,True,True,False
helpsteer2:06061,train,1,"lower-bound Pareto dominance: coherence, correctness",2,1,2,True,True,False
helpsteer2:06062,train,-1,"lower-bound Pareto dominance: coherence, correctness",-3,-1,-3,True,True,False
helpsteer2:06063,train,0,cross-objective tradeoff,0,0,0,False,False,False
helpsteer2:06064,train,-1,"lower-bound Pareto dominance: coherence, correctness",-2,-1,-2,True,True,False
helpsteer2:06065,train,1,"lower-bound Pareto dominance: coherence, correctness",1,1,1,True,True,False
helpsteer2:06066,train,0,equivalent within epsilon,0,0,0,False,False,False
helpsteer2:06067,train,1,lower-bound Pareto dominance: correctness,1,1,2,True,False,False
helpsteer2:06068,train,0,equivalent within epsilon,1,1,1,False,True,False
helpsteer2:06069,train,-1,lower-bound Pareto dominance: correctness,-2,-1,-1,True,True,False
helpsteer2:06070,train,-1,lower-bound Pareto dominance: correctness,-3,-1,-2,True,True,False
helpsteer2:06071,train,1,lower-bound Pareto dominance: correctness,3,1,2,True,True,False
helpsteer2:06072,train,-1,lower-bound Pareto dominance: correctness,-1,-1,-1,True,True,False
helpsteer2:06073,train,0,equivalent within epsilon,0,0,0,False,False,False
helpsteer2:06074,train,1,"lower-bound Pareto dominance: coherence, correctness",2,1,2,True,True,False
helpsteer2:06075,train,-1,lower-bound Pareto dominance: correctness,-4,-1,-3,True,True,False
helpsteer2:06076,train,-1,lower-bound Pareto dominance: coherence,0,0,0,False,False,False
helpsteer2:06077,train,0,equivalent within epsilon,0,0,0,False,False,False
helpsteer2:06078,train,0,equivalent within epsilon,0,0,0,False,False,False
helpsteer2:06079,train,1,"lower-bound Pareto dominance: coherence, correctness",4,1,3,True,True,False
helpsteer2:06080,train,-1,lower-bound Pareto dominance: correctness,-1,-1,-2,True,True,False
helpsteer2:06081,train,0,equivalent within epsilon,0,-1,-1,False,False,False
helpsteer2:06082,train,-1,"lower-bound Pareto dominance: coherence, correctness",-3,-1,-2,True,True,False
helpsteer2:06083,train,-1,lower-bound Pareto dominance: correctness,-1,-1,-1,True,True,False
helpsteer2:06084,train,-1,"lower-bound Pareto dominance: coherence, correctness",-2,-1,-2,True,True,False
helpsteer2:06085,train,1,lower-bound Pareto dominance: correctness,1,1,1,True,True,False
helpsteer2:06086,train,1,lower-bound Pareto dominance: correctness,1,1,1,True,False,False
helpsteer2:06087,train,0,equivalent within epsilon,-2,-1,-1,False,True,False
helpsteer2:06088,train,-1,"lower-bound Pareto dominance: coherence, correctness",-4,-1,-3,True,True,False
helpsteer2:06089,train,0,equivalent within epsilon,-1,0,0,False,False,False
helpsteer2:06090,train,1,lower-bound Pareto dominance: correctness,1,1,2,True,True,False
helpsteer2:06091,train,0,equivalent within epsilon,0,-1,-1,False,False,False
helpsteer2:06092,train,-1,"lower-bound Pareto dominance: coherence, correctness",-2,-1,-2,True,True,False
helpsteer2:06093,train,1,"lower-bound Pareto dominance: coherence, correctness",4,1,3,True,True,False
helpsteer2:06094,train,0,equivalent within epsilon,0,1,1,False,False,False
helpsteer2:06095,train,-1,lower-bound Pareto dominance: correctness,-1,-1,-1,True,True,False
helpsteer2:06096,train,1,lower-bound Pareto dominance: correctness,3,1,3,True,True,False
helpsteer2:06097,train,-1,lower-bound Pareto dominance: correctness,-1,1,1,True,True,False
helpsteer2:06098,train,1,lower-bound Pareto dominance: correctness,2,1,3,True,True,False
helpsteer2:06099,train,-1,"lower-bound Pareto dominance: coherence, correctness",-3,-1,-3,True,True,False
helpsteer2:06100,train,0,equivalent within epsilon,0,0,0,False,False,False
helpsteer2:06101,train,1,lower-bound Pareto dominance: correctness,2,1,3,True,True,False
helpsteer2:06102,train,1,lower-bound Pareto dominance: correctness,2,1,2,True,True,False
helpsteer2:06103,train,1,"lower-bound Pareto dominance: coherence, correctness",4,1,3,True,True,False
helpsteer2:06104,train,1,"lower-bound Pareto dominance: coherence, correctness",1,1,1,True,True,False
helpsteer2:06105,train,-1,lower-bound Pareto dominance: correctness,-3,-1,-3,True,True,False
helpsteer2:06106,train,1,"lower-bound Pareto dominance: coherence, correctness",3,1,3,True,True,False
helpsteer2:06107,train,-1,lower-bound Pareto dominance: correctness,-4,-1,-3,True,True,False
helpsteer2:06108,train,1,lower-bound Pareto dominance: correctness,1,1,1,True,True,False
helpsteer2:06109,train,1,"lower-bound Pareto dominance: coherence, correctness",3,1,3,True,True,False
helpsteer2:06110,train,-1,"lower-bound Pareto dominance: coherence, correctness",-4,-1,-3,True,True,False
helpsteer2:06111,train,0,equivalent within epsilon,1,1,1,False,True,False
helpsteer2:06112,train,0,equivalent within epsilon,0,0,0,False,False,False
helpsteer2:06113,train,0,equivalent within epsilon,0,1,1,False,False,False
helpsteer2:06114,train,-1,lower-bound Pareto dominance: correctness,-1,0,0,True,True,False
helpsteer2:06115,train,0,equivalent within epsilon,0,0,0,False,False,False
helpsteer2:06116,train,1,lower-bound Pareto dominance: correctness,2,1,2,True,True,False
helpsteer2:06117,train,1,lower-bound Pareto dominance: correctness,1,1,2,True,True,False
helpsteer2:06118,train,-1,lower-bound Pareto dominance: correctness,-1,0,0,True,True,False
helpsteer2:06119,train,-1,lower-bound Pareto dominance: correctness,-1,-1,-1,True,False,False
helpsteer2:06120,train,-1,"lower-bound Pareto dominance: coherence, correctness",-2,-1,-2,True,True,False
helpsteer2:06121,train,0,equivalent within epsilon,0,0,0,False,False,False
helpsteer2:06122,train,0,equivalent within epsilon,0,-1,-1,False,False,False
helpsteer2:06123,train,-1,lower-bound Pareto dominance: correctness,-1,-1,-1,True,True,False
helpsteer2:06124,train,1,"lower-bound Pareto dominance: coherence, correctness",3,1,3,True,True,False
helpsteer2:06125,train,-1,lower-bound Pareto dominance: correctness,-1,-1,-2,True,True,False
helpsteer2:06126,train,1,lower-bound Pareto dominance: correctness,3,1,2,True,True,False
helpsteer2:06127,train,-1,"lower-bound Pareto dominance: coherence, correctness",-4,-1,-3,True,True,False
helpsteer2:06128,train,1,lower-bound Pareto dominance: coherence,2,1,1,True,True,False
helpsteer2:06129,train,1,lower-bound Pareto dominance: coherence,-1,0,0,True,True,False
helpsteer2:06130,train,-1,lower-bound Pareto dominance: correctness,-1,-1,-1,True,False,False
helpsteer2:06131,train,-1,lower-bound Pareto dominance: correctness,-2,-1,-2,True,True,False
helpsteer2:06132,train,1,lower-bound Pareto dominance: correctness,2,1,2,True,True,False
helpsteer2:06133,train,-1,lower-bound Pareto dominance: correctness,-1,-1,-1,True,True,False
helpsteer2:06134,train,0,equivalent within epsilon,0,0,0,False,False,False
helpsteer2:06135,train,-1,lower-bound Pareto dominance: correctness,-1,-1,-1,True,True,False
helpsteer2:06136,train,1,lower-bound Pareto dominance: correctness,1,1,1,True,True,False
helpsteer2:06137,train,-1,lower-bound Pareto dominance: coherence,0,0,0,False,False,False
helpsteer2:06138,train,0,equivalent within epsilon,0,0,0,False,False,False
helpsteer2:06139,train,-1,lower-bound Pareto dominance: correctness,-1,-1,-1,True,True,False
helpsteer2:06140,train,1,lower-bound Pareto dominance: coherence,1,0,0,True,True,False
helpsteer2:06141,train,-1,lower-bound Pareto dominance: coherence,-1,-1,-1,True,True,False
helpsteer2:06142,train,1,"lower-bound Pareto dominance: coherence, correctness",3,1,3,True,True,False
helpsteer2:06143,train,1,"lower-bound Pareto dominance: coherence, correctness",0,0,0,False,False,False
helpsteer2:06144,train,-1,lower-bound Pareto dominance: correctness,-1,0,0,True,True,False
helpsteer2:06145,train,1,"lower-bound Pareto dominance: coherence, correctness",2,1,2,True,True,False
helpsteer2:06146,train,0,equivalent within epsilon,1,0,0,False,True,False
helpsteer2:06147,train,-1,lower-bound Pareto dominance: correctness,-2,-1,-2,True,True,False
helpsteer2:06148,train,1,lower-bound Pareto dominance: correctness,1,1,2,True,True,False
helpsteer2:06149,train,-1,"lower-bound Pareto dominance: coherence, correctness",-3,-1,-2,True,True,False
helpsteer2:06150,train,-1,lower-bound Pareto dominance: correctness,-1,-1,-1,True,True,False
helpsteer2:06151,train,-1,lower-bound Pareto dominance: correctness,-1,1,1,True,True,False
helpsteer2:06152,train,1,"lower-bound Pareto dominance: coherence, correctness",2,1,1,True,True,False
helpsteer2:06153,train,1,lower-bound Pareto dominance: coherence,1,0,0,True,True,False
helpsteer2:06154,train,-1,lower-bound Pareto dominance: correctness,-4,-1,-3,True,True,False
helpsteer2:06155,train,-1,lower-bound Pareto dominance: correctness,-2,-1,-2,True,True,False
helpsteer2:06156,train,0,equivalent within epsilon,0,0,0,False,False,False
helpsteer2:06157,train,0,equivalent within epsilon,0,1,1,False,False,False
helpsteer2:06158,train,0,equivalent within epsilon,0,1,1,False,False,False
helpsteer2:06159,train,0,cross-objective tradeoff,0,0,0,False,False,False
helpsteer2:06160,train,1,lower-bound Pareto dominance: correctness,1,1,1,True,True,False
helpsteer2:06161,train,0,equivalent within epsilon,0,0,0,False,False,False
helpsteer2:06162,train,0,equivalent within epsilon,0,-1,-1,False,False,False
helpsteer2:06163,train,1,lower-bound Pareto dominance: coherence,0,0,0,False,False,False
helpsteer2:06164,train,1,"lower-bound Pareto dominance: coherence, correctness",2,1,2,True,True,False
helpsteer2:06165,train,1,lower-bound Pareto dominance: coherence,0,0,0,False,False,False
helpsteer2:06166,train,-1,lower-bound Pareto dominance: coherence,0,1,2,False,False,False
helpsteer2:06167,train,-1,"lower-bound Pareto dominance: coherence, correctness",-1,-1,-1,True,False,False
helpsteer2:06168,train,0,equivalent within epsilon,0,1,1,False,False,False
helpsteer2:06169,train,1,lower-bound Pareto dominance: correctness,3,1,3,True,True,False
helpsteer2:06170,train,0,equivalent within epsilon,0,1,1,False,False,False
helpsteer2:06171,train,0,equivalent within epsilon,0,0,0,False,False,False
helpsteer2:06172,train,1,lower-bound Pareto dominance: correctness,3,1,3,True,True,False
helpsteer2:06173,train,-1,"lower-bound Pareto dominance: coherence, correctness",-2,-1,-2,True,True,False
helpsteer2:06174,train,-1,"lower-bound Pareto dominance: coherence, correctness",-3,-1,-3,True,True,False
helpsteer2:06175,train,1,lower-bound Pareto dominance: coherence,1,0,0,True,True,False
helpsteer2:06176,train,-1,"lower-bound Pareto dominance: coherence, correctness",-2,-1,-2,True,True,False
helpsteer2:06177,train,0,equivalent within epsilon,0,1,1,False,False,False
helpsteer2:06178,train,1,"lower-bound Pareto dominance: coherence, correctness",3,1,3,True,True,False
helpsteer2:06179,train,0,equivalent within epsilon,0,0,0,False,False,False
helpsteer2:06180,train,0,equivalent within epsilon,0,0,0,False,False,False
helpsteer2:06181,train,0,equivalent within epsilon,-1,-1,-1,False,False,False
helpsteer2:06182,train,0,equivalent within epsilon,0,0,0,False,False,False
helpsteer2:06183,train,-1,"lower-bound Pareto dominance: coherence, correctness",-4,-1,-3,True,True,False
helpsteer2:06184,train,1,lower-bound Pareto dominance: correctness,1,1,1,True,True,False
helpsteer2:06185,train,0,equivalent within epsilon,0,0,0,False,False,False
helpsteer2:06186,train,0,equivalent within epsilon,0,0,0,False,False,False
helpsteer2:06187,train,-1,"lower-bound Pareto dominance: coherence, correctness",-4,-1,-3,True,True,False
helpsteer2:06188,train,1,"lower-bound Pareto dominance: coherence, correctness",1,1,1,True,True,False
helpsteer2:06189,train,-1,lower-bound Pareto dominance: correctness,-1,-1,-1,True,True,False
helpsteer2:06190,train,1,"lower-bound Pareto dominance: coherence, correctness",2,1,2,True,True,False
helpsteer2:06191,train,0,equivalent within epsilon,0,0,0,False,False,False
helpsteer2:06192,train,1,lower-bound Pareto dominance: correctness,1,0,0,True,True,False
helpsteer2:06193,train,-1,lower-bound Pareto dominance: correctness,-2,-1,-2,True,True,False
helpsteer2:06194,train,-1,lower-bound Pareto dominance: correctness,-3,-1,-3,True,True,False
helpsteer2:06195,train,1,lower-bound Pareto dominance: correctness,1,1,1,True,True,False
helpsteer2:06196,train,0,equivalent within epsilon,0,0,0,False,False,False
helpsteer2:06197,train,0,equivalent within epsilon,0,0,0,False,False,False
helpsteer2:06198,train,1,lower-bound Pareto dominance: correctness,4,1,2,True,True,False
helpsteer2:06199,train,1,"lower-bound Pareto dominance: coherence, correctness",3,1,3,True,True,False
helpsteer2:06200,train,1,"lower-bound Pareto dominance: coherence, correctness",1,1,1,True,True,False
helpsteer2:06201,train,-1,lower-bound Pareto dominance: correctness,-1,-1,-1,True,True,False
helpsteer2:06202,train,-1,"lower-bound Pareto dominance: coherence, correctness",-1,-1,-1,True,True,False
helpsteer2:06203,train,1,lower-bound Pareto dominance: correctness,1,1,1,True,True,False
helpsteer2:06204,train,0,equivalent within epsilon,0,1,1,False,False,False
helpsteer2:06205,train,1,lower-bound Pareto dominance: correctness,4,1,3,True,True,False
helpsteer2:06206,train,0,equivalent within epsilon,0,0,0,False,False,False
helpsteer2:06207,train,0,equivalent within epsilon,0,0,0,False,False,False
helpsteer2:06208,train,-1,"lower-bound Pareto dominance: coherence, correctness",-3,-1,-3,True,True,False
helpsteer2:06209,train,-1,lower-bound Pareto dominance: correctness,-2,-1,-2,True,True,False
helpsteer2:06210,train,0,equivalent within epsilon,0,-1,-1,False,False,False
helpsteer2:06211,train,0,equivalent within epsilon,0,0,0,False,False,False
helpsteer2:06212,train,0,equivalent within epsilon,-1,0,0,False,True,False
helpsteer2:06213,train,1,lower-bound Pareto dominance: coherence,1,1,1,True,True,False
helpsteer2:06214,train,1,lower-bound Pareto dominance: coherence,0,1,2,False,False,False
helpsteer2:06215,train,-1,"lower-bound Pareto dominance: coherence, correctness",-3,-1,-3,True,True,False
helpsteer2:06216,train,0,equivalent within epsilon,0,1,1,False,False,False
helpsteer2:06217,train,1,lower-bound Pareto dominance: correctness,3,1,3,True,True,False
helpsteer2:06218,train,1,lower-bound Pareto dominance: coherence,0,0,0,False,False,False
helpsteer2:06219,train,1,lower-bound Pareto dominance: correctness,2,1,2,True,True,False
helpsteer2:06220,train,0,cross-objective tradeoff,0,1,1,False,False,False
helpsteer2:06221,train,-1,"lower-bound Pareto dominance: coherence, correctness",-2,-1,-2,True,True,False
helpsteer2:06222,train,0,equivalent within epsilon,0,0,0,False,False,False
helpsteer2:06223,train,0,equivalent within epsilon,0,1,1,False,False,False
helpsteer2:06224,train,0,equivalent within epsilon,0,0,0,False,False,False
helpsteer2:06225,train,1,"lower-bound Pareto dominance: coherence, correctness",3,1,2,True,True,False
helpsteer2:06226,train,1,"lower-bound Pareto dominance: coherence, correctness",1,0,0,True,True,False
helpsteer2:06227,train,1,"lower-bound Pareto dominance: coherence, correctness",1,1,2,True,True,False
helpsteer2:06228,train,1,lower-bound Pareto dominance: correctness,1,0,0,True,True,False
helpsteer2:06229,train,1,lower-bound Pareto dominance: coherence,1,1,2,True,True,False
helpsteer2:06230,train,-1,"lower-bound Pareto dominance: coherence, correctness",-2,-1,-2,True,True,False
helpsteer2:06231,train,0,equivalent within epsilon,0,-1,-1,False,False,False
helpsteer2:06232,train,-1,"lower-bound Pareto dominance: coherence, correctness",-1,-1,-1,True,True,False
helpsteer2:06233,train,0,equivalent within epsilon,0,0,0,False,False,False
helpsteer2:06234,train,1,lower-bound Pareto dominance: correctness,0,-1,-1,False,False,False
helpsteer2:06235,train,-1,lower-bound Pareto dominance: coherence,0,0,0,False,False,False
helpsteer2:06236,train,1,lower-bound Pareto dominance: correctness,2,1,1,True,True,False
helpsteer2:06237,train,-1,lower-bound Pareto dominance: coherence,0,-1,-1,False,False,False
helpsteer2:06238,train,-1,"lower-bound Pareto dominance: coherence, correctness",-2,-1,-2,True,True,False
helpsteer2:06239,train,-1,"lower-bound Pareto dominance: coherence, correctness",-3,-1,-3,True,True,False
helpsteer2:06240,train,-1,"lower-bound Pareto dominance: coherence, correctness",-3,-1,-2,True,True,False
helpsteer2:06241,train,0,equivalent within epsilon,0,1,1,False,False,False
helpsteer2:06242,train,0,equivalent within epsilon,0,1,1,False,False,False
helpsteer2:06243,train,-1,"lower-bound Pareto dominance: coherence, correctness",-2,-1,-2,True,True,False
helpsteer2:06244,train,-1,lower-bound Pareto dominance: coherence,-1,0,0,True,True,False
helpsteer2:06245,train,1,lower-bound Pareto dominance: correctness,1,0,0,True,True,False
helpsteer2:06246,train,0,equivalent within epsilon,1,1,1,False,True,False
helpsteer2:06247,train,1,lower-bound Pareto dominance: correctness,1,0,0,True,True,False
helpsteer2:06248,train,1,"lower-bound Pareto dominance: coherence, correctness",3,1,3,True,True,False
helpsteer2:06249,train,-1,"lower-bound Pareto dominance: coherence, correctness",-4,-1,-3,True,True,False
helpsteer2:06250,train,-1,lower-bound Pareto dominance: coherence,-1,-1,-1,True,False,False
helpsteer2:06251,train,1,lower-bound Pareto dominance: correctness,1,0,0,True,True,False
helpsteer2:06252,train,1,lower-bound Pareto dominance: correctness,0,1,2,False,False,False
helpsteer2:06253,train,0,equivalent within epsilon,0,0,0,False,False,False
helpsteer2:06254,train,0,equivalent within epsilon,0,0,0,False,False,False
helpsteer2:06255,train,0,equivalent within epsilon,1,0,0,False,True,False
helpsteer2:06256,train,-1,lower-bound Pareto dominance: correctness,-3,-1,-3,True,True,False
helpsteer2:06257,train,1,"lower-bound Pareto dominance: coherence, correctness",2,1,2,True,True,False
helpsteer2:06258,train,-1,"lower-bound Pareto dominance: coherence, correctness",-3,-1,-3,True,True,False
helpsteer2:06259,train,-1,"lower-bound Pareto dominance: coherence, correctness",0,-1,-1,False,False,False
helpsteer2:06260,train,-1,"lower-bound Pareto dominance: coherence, correctness",-4,-1,-3,True,True,False
helpsteer2:06261,train,1,lower-bound Pareto dominance: correctness,4,1,3,True,True,False
helpsteer2:06262,train,-1,"lower-bound Pareto dominance: coherence, correctness",-1,-1,-1,True,True,False
helpsteer2:06263,train,-1,"lower-bound Pareto dominance: coherence, correctness",-2,-1,-2,True,True,False
helpsteer2:06264,train,1,"lower-bound Pareto dominance: coherence, correctness",2,1,2,True,True,False
helpsteer2:06265,train,0,equivalent within epsilon,0,0,0,False,False,False
helpsteer2:06266,train,-1,"lower-bound Pareto dominance: coherence, correctness",-4,-1,-3,True,True,False
helpsteer2:06267,train,1,lower-bound Pareto dominance: coherence,1,0,0,True,True,False
helpsteer2:06268,train,0,equivalent within epsilon,1,0,0,False,True,False
helpsteer2:06269,train,1,lower-bound Pareto dominance: coherence,1,0,0,True,True,False
helpsteer2:06270,train,1,lower-bound Pareto dominance: correctness,1,0,0,True,True,False
helpsteer2:06271,train,0,equivalent within epsilon,0,0,0,False,False,False
helpsteer2:06272,train,0,equivalent within epsilon,0,0,0,False,False,False
helpsteer2:06273,train,-1,lower-bound Pareto dominance: correctness,-2,-1,-2,True,True,False
helpsteer2:06274,train,-1,lower-bound Pareto dominance: coherence,0,1,1,False,False,False
helpsteer2:06275,train,-1,lower-bound Pareto dominance: correctness,-1,-1,-1,True,True,False
helpsteer2:06276,train,-1,"lower-bound Pareto dominance: coherence, correctness",-2,-1,-2,True,True,False
helpsteer2:06277,train,0,equivalent within epsilon,0,0,0,False,False,False
helpsteer2:06278,train,-1,lower-bound Pareto dominance: correctness,0,-1,-1,False,False,False
helpsteer2:06279,train,-1,lower-bound Pareto dominance: correctness,-1,-1,-1,True,True,False
helpsteer2:06280,train,1,"lower-bound Pareto dominance: coherence, correctness",1,1,1,True,False,False
helpsteer2:06281,train,0,equivalent within epsilon,0,0,0,False,False,False
helpsteer2:06282,train,-1,"lower-bound Pareto dominance: coherence, correctness",-2,-1,-2,True,True,False
helpsteer2:06283,train,1,lower-bound Pareto dominance: correctness,1,1,2,True,True,False
helpsteer2:06284,train,-1,"lower-bound Pareto dominance: coherence, correctness",-2,-1,-2,True,True,False
helpsteer2:06285,train,-1,lower-bound Pareto dominance: correctness,-4,-1,-3,True,True,False
helpsteer2:06286,train,1,lower-bound Pareto dominance: correctness,3,1,2,True,True,False
helpsteer2:06287,train,-1,lower-bound Pareto dominance: correctness,-4,-1,-3,True,True,False
helpsteer2:06288,train,-1,"lower-bound Pareto dominance: coherence, correctness",-4,-1,-3,True,True,False
helpsteer2:06289,train,1,lower-bound Pareto dominance: correctness,2,1,2,True,True,False
helpsteer2:06290,train,0,equivalent within epsilon,0,-1,-2,False,False,False
helpsteer2:06291,train,0,cross-objective tradeoff,-3,-1,-3,False,True,False
helpsteer2:06292,train,1,"lower-bound Pareto dominance: coherence, correctness",2,1,3,True,True,False
helpsteer2:06293,train,-1,lower-bound Pareto dominance: correctness,-2,-1,-2,True,True,False
helpsteer2:06294,train,1,lower-bound Pareto dominance: correctness,1,1,2,True,False,False
helpsteer2:06295,train,1,"lower-bound Pareto dominance: coherence, correctness",4,1,3,True,True,False
helpsteer2:06296,train,-1,lower-bound Pareto dominance: correctness,-4,-1,-3,True,True,False
helpsteer2:06297,train,-1,lower-bound Pareto dominance: correctness,-1,-1,-1,True,False,False
helpsteer2:06298,train,0,equivalent within epsilon,0,0,0,False,False,False
helpsteer2:06299,train,0,equivalent within epsilon,0,0,0,False,False,False
helpsteer2:06300,train,1,lower-bound Pareto dominance: correctness,2,1,1,True,True,False
helpsteer2:06301,train,-1,"lower-bound Pareto dominance: coherence, correctness",-4,-1,-3,True,True,False
helpsteer2:06302,train,1,"lower-bound Pareto dominance: coherence, correctness",1,1,1,True,True,False
helpsteer2:06303,train,1,"lower-bound Pareto dominance: coherence, correctness",1,1,1,True,True,False
helpsteer2:06304,train,-1,lower-bound Pareto dominance: correctness,-4,-1,-3,True,True,False
helpsteer2:06305,train,-1,lower-bound Pareto dominance: coherence,-1,-1,-2,True,True,False
helpsteer2:06306,train,1,lower-bound Pareto dominance: correctness,3,1,2,True,True,False
helpsteer2:06307,train,1,lower-bound Pareto dominance: correctness,1,1,1,True,False,False
helpsteer2:06308,train,1,"lower-bound Pareto dominance: coherence, correctness",2,1,2,True,True,False
helpsteer2:06309,train,-1,"lower-bound Pareto dominance: coherence, correctness",-4,-1,-3,True,True,False
helpsteer2:06310,train,1,lower-bound Pareto dominance: correctness,1,1,1,True,True,False
helpsteer2:06311,train,1,lower-bound Pareto dominance: correctness,1,0,0,True,True,False
helpsteer2:06312,train,1,lower-bound Pareto dominance: correctness,3,1,3,True,True,False
helpsteer2:06313,train,1,lower-bound Pareto dominance: correctness,2,1,2,True,True,False
helpsteer2:06314,train,-1,lower-bound Pareto dominance: correctness,-1,-1,-1,True,True,False
helpsteer2:06315,train,1,lower-bound Pareto dominance: correctness,4,1,3,True,True,False
helpsteer2:06316,train,1,"lower-bound Pareto dominance: coherence, correctness",2,1,2,True,True,False
helpsteer2:06317,train,0,cross-objective tradeoff,0,0,0,False,False,False
helpsteer2:06318,train,1,"lower-bound Pareto dominance: coherence, correctness",2,1,2,True,True,False
helpsteer2:06319,train,1,lower-bound Pareto dominance: correctness,2,1,1,True,True,False
helpsteer2:06320,train,-1,lower-bound Pareto dominance: correctness,-1,0,0,True,True,False
helpsteer2:06321,train,-1,"lower-bound Pareto dominance: coherence, correctness",-3,-1,-3,True,True,False
helpsteer2:06322,train,1,"lower-bound Pareto dominance: coherence, correctness",3,1,3,True,True,False
helpsteer2:06323,train,-1,lower-bound Pareto dominance: correctness,-3,-1,-3,True,True,False
helpsteer2:06324,train,0,equivalent within epsilon,0,0,0,False,False,False
helpsteer2:06325,train,-1,"lower-bound Pareto dominance: coherence, correctness",-1,-1,-1,True,True,False
helpsteer2:06326,train,-1,"lower-bound Pareto dominance: coherence, correctness",-3,-1,-3,True,True,False
helpsteer2:06327,train,-1,lower-bound Pareto dominance: coherence,0,0,0,False,False,False
helpsteer2:06328,train,0,equivalent within epsilon,0,-1,-1,False,False,False
helpsteer2:06329,train,-1,"lower-bound Pareto dominance: coherence, correctness",-4,-1,-3,True,True,False
helpsteer2:06330,train,1,"lower-bound Pareto dominance: coherence, correctness",1,1,1,True,True,False
helpsteer2:06331,train,1,"lower-bound Pareto dominance: coherence, correctness",4,1,3,True,True,False
helpsteer2:06332,train,-1,"lower-bound Pareto dominance: coherence, correctness",-4,-1,-3,True,True,False
helpsteer2:06333,train,1,"lower-bound Pareto dominance: coherence, correctness",3,1,3,True,True,False
helpsteer2:06334,train,-1,lower-bound Pareto dominance: correctness,-4,-1,-1,True,True,False
helpsteer2:06335,train,-1,"lower-bound Pareto dominance: coherence, correctness",-2,-1,-2,True,True,False
helpsteer2:06336,train,1,lower-bound Pareto dominance: correctness,3,1,3,True,True,False
helpsteer2:06337,train,-1,"lower-bound Pareto dominance: coherence, correctness",-2,-1,-2,True,True,False
helpsteer2:06338,train,1,lower-bound Pareto dominance: correctness,4,1,3,True,True,False
helpsteer2:06339,train,-1,"lower-bound Pareto dominance: coherence, correctness",-4,-1,-3,True,True,False
helpsteer2:06340,train,1,lower-bound Pareto dominance: correctness,4,1,3,True,True,False
helpsteer2:06341,train,-1,"lower-bound Pareto dominance: coherence, correctness",-1,-1,-1,True,True,False
helpsteer2:06342,train,-1,"lower-bound Pareto dominance: coherence, correctness",-4,-1,-3,True,True,False
helpsteer2:06343,train,1,"lower-bound Pareto dominance: coherence, correctness",2,1,2,True,True,False
helpsteer2:06344,train,-1,lower-bound Pareto dominance: correctness,-3,-1,-3,True,True,False
helpsteer2:06345,train,1,"lower-bound Pareto dominance: coherence, correctness",3,1,3,True,True,False
helpsteer2:06346,train,1,lower-bound Pareto dominance: correctness,3,1,3,True,True,False
helpsteer2:06347,train,1,lower-bound Pareto dominance: correctness,1,1,2,True,False,False
helpsteer2:06348,train,-1,lower-bound Pareto dominance: correctness,-2,-1,-3,True,True,False
helpsteer2:06349,train,-1,"lower-bound Pareto dominance: coherence, correctness",-2,-1,-2,True,True,False
helpsteer2:06350,train,1,lower-bound Pareto dominance: correctness,3,1,1,True,True,False
helpsteer2:06351,train,1,"lower-bound Pareto dominance: coherence, correctness",4,1,3,True,True,False
helpsteer2:06352,train,-1,"lower-bound Pareto dominance: coherence, correctness",-4,-1,-3,True,True,False
helpsteer2:06353,train,1,lower-bound Pareto dominance: correctness,4,1,3,True,True,False
helpsteer2:06354,train,-1,"lower-bound Pareto dominance: coherence, correctness",-3,-1,-3,True,True,False
helpsteer2:06355,train,0,equivalent within epsilon,0,-1,-2,False,False,False
helpsteer2:06356,train,1,lower-bound Pareto dominance: correctness,2,1,2,True,True,False
helpsteer2:06357,train,1,lower-bound Pareto dominance: correctness,4,1,3,True,True,False
helpsteer2:06358,train,1,lower-bound Pareto dominance: coherence,0,1,1,False,False,False
helpsteer2:06359,train,-1,"lower-bound Pareto dominance: coherence, correctness",-2,-1,-2,True,True,False
helpsteer2:06360,train,1,"lower-bound Pareto dominance: coherence, correctness",2,1,1,True,True,False
helpsteer2:06361,train,-1,lower-bound Pareto dominance: correctness,-3,-1,-3,True,True,False
helpsteer2:06362,train,1,lower-bound Pareto dominance: correctness,2,1,2,True,True,False
helpsteer2:06363,train,1,"lower-bound Pareto dominance: coherence, correctness",2,1,2,True,True,False
helpsteer2:06364,train,0,equivalent within epsilon,0,-1,-1,False,False,False
helpsteer2:06365,train,1,"lower-bound Pareto dominance: coherence, correctness",3,1,3,True,True,False
helpsteer2:06366,train,1,lower-bound Pareto dominance: correctness,2,1,2,True,True,False
helpsteer2:06367,train,1,lower-bound Pareto dominance: correctness,1,1,2,True,True,False
helpsteer2:06368,train,-1,lower-bound Pareto dominance: correctness,-1,-1,-1,True,True,False
helpsteer2:06369,train,0,cross-objective tradeoff,0,-1,-1,False,False,False
helpsteer2:06370,train,-1,"lower-bound Pareto dominance: coherence, correctness",-4,-1,-2,True,True,False
helpsteer2:06371,train,-1,lower-bound Pareto dominance: correctness,-2,-1,-2,True,True,False
helpsteer2:06372,train,1,lower-bound Pareto dominance: correctness,2,1,3,True,True,False
helpsteer2:06373,train,-1,lower-bound Pareto dominance: correctness,-3,-1,-3,True,True,False
helpsteer2:06374,train,1,"lower-bound Pareto dominance: coherence, correctness",3,1,2,True,True,False
helpsteer2:06375,train,1,lower-bound Pareto dominance: correctness,1,1,1,True,False,False
helpsteer2:06376,train,-1,"lower-bound Pareto dominance: coherence, correctness",-4,-1,-3,True,True,False
helpsteer2:06377,train,1,"lower-bound Pareto dominance: coherence, correctness",3,1,3,True,True,False
helpsteer2:06378,train,-1,"lower-bound Pareto dominance: coherence, correctness",-1,-1,-2,True,True,False
helpsteer2:06379,train,1,lower-bound Pareto dominance: correctness,4,1,3,True,True,False
helpsteer2:06380,train,1,"lower-bound Pareto dominance: coherence, correctness",3,1,3,True,True,False
helpsteer2:06381,train,1,lower-bound Pareto dominance: coherence,1,1,1,True,True,False
helpsteer2:06382,train,-1,lower-bound Pareto dominance: correctness,-2,-1,-2,True,True,False
helpsteer2:06383,train,-1,"lower-bound Pareto dominance: coherence, correctness",-2,-1,-2,True,True,False
helpsteer2:06384,train,1,"lower-bound Pareto dominance: coherence, correctness",2,1,3,True,True,False
helpsteer2:06385,train,1,"lower-bound Pareto dominance: coherence, correctness",2,1,2,True,True,False
helpsteer2:06386,train,-1,"lower-bound Pareto dominance: coherence, correctness",-2,-1,-2,True,True,False
helpsteer2:06387,train,1,"lower-bound Pareto dominance: coherence, correctness",2,1,3,True,True,False
helpsteer2:06388,train,-1,"lower-bound Pareto dominance: coherence, correctness",-2,-1,-2,True,True,False
helpsteer2:06389,train,-1,"lower-bound Pareto dominance: coherence, correctness",-3,-1,-2,True,True,False
helpsteer2:06390,train,1,"lower-bound Pareto dominance: coherence, correctness",3,1,3,True,True,False
helpsteer2:06391,train,1,lower-bound Pareto dominance: correctness,1,0,0,True,True,False
helpsteer2:06392,train,1,lower-bound Pareto dominance: correctness,2,1,2,True,True,False
helpsteer2:06393,train,-1,"lower-bound Pareto dominance: coherence, correctness",-2,-1,-2,True,True,False
helpsteer2:06394,train,-1,"lower-bound Pareto dominance: coherence, correctness",-1,0,0,True,True,False
helpsteer2:06395,train,1,lower-bound Pareto dominance: correctness,2,1,2,True,True,False
helpsteer2:06396,train,1,"lower-bound Pareto dominance: coherence, correctness",3,1,3,True,True,False
helpsteer2:06397,train,-1,lower-bound Pareto dominance: coherence,-1,-1,-1,True,True,False
helpsteer2:06398,train,-1,"lower-bound Pareto dominance: coherence, correctness",-2,-1,-2,True,True,False
helpsteer2:06399,train,1,lower-bound Pareto dominance: correctness,3,1,2,True,True,False
helpsteer2:06400,train,0,cross-objective tradeoff,-2,-1,-3,False,True,False
helpsteer2:06401,train,-1,"lower-bound Pareto dominance: coherence, correctness",-2,-1,-2,True,True,False
helpsteer2:06402,train,1,lower-bound Pareto dominance: correctness,4,1,3,True,True,False
helpsteer2:06403,train,1,"lower-bound Pareto dominance: coherence, correctness",2,1,2,True,True,False
helpsteer2:06404,train,-1,lower-bound Pareto dominance: correctness,-4,-1,-3,True,True,False
helpsteer2:06405,train,1,lower-bound Pareto dominance: correctness,2,1,1,True,True,False
helpsteer2:06406,train,1,"lower-bound Pareto dominance: coherence, correctness",3,1,3,True,True,False
helpsteer2:06407,train,-1,lower-bound Pareto dominance: coherence,0,0,0,False,False,False
helpsteer2:06408,train,-1,"lower-bound Pareto dominance: coherence, correctness",-4,-1,-3,True,True,False
helpsteer2:06409,train,1,"lower-bound Pareto dominance: coherence, correctness",3,1,3,True,True,False
helpsteer2:06410,train,-1,lower-bound Pareto dominance: correctness,-4,-1,-3,True,True,False
helpsteer2:06411,train,1,lower-bound Pareto dominance: correctness,1,1,1,True,True,False
helpsteer2:06412,train,1,lower-bound Pareto dominance: correctness,1,1,1,True,False,False
helpsteer2:06413,train,-1,"lower-bound Pareto dominance: coherence, correctness",-3,-1,-3,True,True,False
helpsteer2:06414,train,1,lower-bound Pareto dominance: correctness,3,1,3,True,True,False
helpsteer2:06415,train,1,"lower-bound Pareto dominance: coherence, correctness",3,1,2,True,True,False
helpsteer2:06416,train,0,equivalent within epsilon,0,-1,-2,False,False,False
helpsteer2:06417,train,-1,"lower-bound Pareto dominance: coherence, correctness",-4,-1,-3,True,True,False
helpsteer2:06418,train,-1,"lower-bound Pareto dominance: coherence, correctness",-4,-1,-3,True,True,False
helpsteer2:06419,train,-1,"lower-bound Pareto dominance: coherence, correctness",-3,-1,-3,True,True,False
helpsteer2:06420,train,0,equivalent within epsilon,-1,-1,-1,False,True,False
helpsteer2:06421,train,1,lower-bound Pareto dominance: correctness,3,1,3,True,True,False
helpsteer2:06422,train,0,equivalent within epsilon,0,1,1,False,False,False
helpsteer2:06423,train,-1,"lower-bound Pareto dominance: coherence, correctness",-4,-1,-3,True,True,False
helpsteer2:06424,train,1,lower-bound Pareto dominance: correctness,2,1,2,True,True,False
helpsteer2:06425,train,-1,lower-bound Pareto dominance: correctness,-2,-1,-1,True,True,False
helpsteer2:06426,train,1,"lower-bound Pareto dominance: coherence, correctness",2,1,2,True,True,False
helpsteer2:06427,train,1,lower-bound Pareto dominance: correctness,2,1,2,True,True,False
helpsteer2:06428,train,-1,lower-bound Pareto dominance: correctness,-1,-1,-1,True,True,False
helpsteer2:06429,train,0,cross-objective tradeoff,3,1,3,False,True,False
helpsteer2:06430,train,-1,"lower-bound Pareto dominance: coherence, correctness",-2,-1,-3,True,True,False
helpsteer2:06431,train,1,lower-bound Pareto dominance: correctness,4,1,3,True,True,False
helpsteer2:06432,train,-1,lower-bound Pareto dominance: correctness,-3,-1,-3,True,True,False
helpsteer2:06433,train,-1,lower-bound Pareto dominance: correctness,-1,-1,-1,True,True,False
helpsteer2:06434,train,-1,lower-bound Pareto dominance: correctness,-4,-1,-3,True,True,False
helpsteer2:06435,train,-1,"lower-bound Pareto dominance: coherence, correctness",-4,-1,-3,True,True,False
helpsteer2:06436,train,-1,lower-bound Pareto dominance: correctness,-3,-1,-2,True,True,False
helpsteer2:06437,train,1,"lower-bound Pareto dominance: coherence, correctness",4,1,3,True,True,False
helpsteer2:06438,train,1,"lower-bound Pareto dominance: coherence, correctness",4,1,3,True,True,False
helpsteer2:06439,train,1,"lower-bound Pareto dominance: coherence, correctness",4,1,3,True,True,False
helpsteer2:06440,train,1,"lower-bound Pareto dominance: coherence, correctness",3,1,3,True,True,False
helpsteer2:06441,train,0,equivalent within epsilon,0,0,0,False,False,False
helpsteer2:06442,train,1,"lower-bound Pareto dominance: coherence, correctness",3,1,3,True,True,False
helpsteer2:06443,train,-1,"lower-bound Pareto dominance: coherence, correctness",-3,-1,-3,True,True,False
helpsteer2:06444,train,-1,lower-bound Pareto dominance: correctness,-2,-1,-2,True,True,False
helpsteer2:06445,train,-1,lower-bound Pareto dominance: correctness,-1,-1,-1,True,True,False
helpsteer2:06446,train,-1,"lower-bound Pareto dominance: coherence, correctness",-3,-1,-3,True,True,False
helpsteer2:06447,train,-1,lower-bound Pareto dominance: correctness,-3,-1,-3,True,True,False
helpsteer2:06448,train,-1,"lower-bound Pareto dominance: coherence, correctness",-2,-1,-2,True,True,False
helpsteer2:06449,train,-1,"lower-bound Pareto dominance: coherence, correctness",-3,-1,-3,True,True,False
helpsteer2:06450,train,1,"lower-bound Pareto dominance: coherence, correctness",2,1,2,True,True,False
helpsteer2:06451,train,1,lower-bound Pareto dominance: correctness,0,1,2,False,False,False
helpsteer2:06452,train,1,lower-bound Pareto dominance: correctness,2,1,2,True,True,False
helpsteer2:06453,train,-1,"lower-bound Pareto dominance: coherence, correctness",-4,-1,-3,True,True,False
helpsteer2:06454,train,-1,lower-bound Pareto dominance: correctness,-2,-1,-2,True,True,False
helpsteer2:06455,train,-1,lower-bound Pareto dominance: correctness,-2,-1,-2,True,True,False
helpsteer2:06456,train,1,lower-bound Pareto dominance: coherence,1,-1,-2,True,False,False
helpsteer2:06457,train,-1,"lower-bound Pareto dominance: coherence, correctness",-2,-1,-2,True,True,False
helpsteer2:06458,train,1,lower-bound Pareto dominance: correctness,2,1,2,True,True,False
helpsteer2:06459,train,1,lower-bound Pareto dominance: correctness,4,1,3,True,True,False
helpsteer2:06460,train,-1,lower-bound Pareto dominance: correctness,-2,-1,-1,True,True,False
helpsteer2:06461,train,-1,"lower-bound Pareto dominance: coherence, correctness",-4,-1,-3,True,True,False
helpsteer2:06462,train,-1,lower-bound Pareto dominance: correctness,-2,-1,-2,True,True,False
helpsteer2:06463,train,1,"lower-bound Pareto dominance: coherence, correctness",3,1,2,True,True,False
helpsteer2:06464,train,-1,lower-bound Pareto dominance: correctness,-2,-1,-2,True,True,False
helpsteer2:06465,train,1,"lower-bound Pareto dominance: coherence, correctness",3,1,3,True,True,False
helpsteer2:06466,train,1,"lower-bound Pareto dominance: coherence, correctness",3,1,3,True,True,False
helpsteer2:06467,train,1,lower-bound Pareto dominance: coherence,1,1,1,True,False,False
helpsteer2:06468,train,1,"lower-bound Pareto dominance: coherence, correctness",3,1,3,True,True,False
helpsteer2:06469,train,-1,"lower-bound Pareto dominance: coherence, correctness",-3,-1,-3,True,True,False
helpsteer2:06470,train,-1,"lower-bound Pareto dominance: coherence, correctness",-4,-1,-3,True,True,False
helpsteer2:06471,train,1,"lower-bound Pareto dominance: coherence, correctness",4,1,3,True,True,False
helpsteer2:06472,train,-1,lower-bound Pareto dominance: correctness,-4,-1,-3,True,True,False
helpsteer2:06473,train,-1,"lower-bound Pareto dominance: coherence, correctness",-2,-1,-2,True,True,False
helpsteer2:06474,train,1,"lower-bound Pareto dominance: coherence, correctness",3,1,2,True,True,False
helpsteer2:06475,train,-1,lower-bound Pareto dominance: correctness,-1,-1,-1,True,True,False
helpsteer2:06476,train,1,lower-bound Pareto dominance: correctness,1,1,1,True,True,False
helpsteer2:06477,train,1,lower-bound Pareto dominance: correctness,1,1,3,True,True,False
helpsteer2:06478,train,-1,"lower-bound Pareto dominance: coherence, correctness",-2,-1,-2,True,True,False
helpsteer2:06479,train,-1,lower-bound Pareto dominance: correctness,-2,-1,-2,True,True,False
helpsteer2:06480,train,1,lower-bound Pareto dominance: correctness,4,1,3,True,True,False
helpsteer2:06481,train,-1,"lower-bound Pareto dominance: coherence, correctness",-4,-1,-3,True,True,False
helpsteer2:06482,train,0,equivalent within epsilon,0,-1,-2,False,False,False
helpsteer2:06483,train,1,lower-bound Pareto dominance: correctness,4,1,3,True,True,False
helpsteer2:06484,train,-1,"lower-bound Pareto dominance: coherence, correctness",-2,-1,-2,True,True,False
helpsteer2:06485,train,1,lower-bound Pareto dominance: correctness,1,1,1,True,True,False
helpsteer2:06486,train,1,lower-bound Pareto dominance: correctness,3,1,3,True,True,False
helpsteer2:06487,train,-1,"lower-bound Pareto dominance: coherence, correctness",-4,-1,-3,True,True,False
helpsteer2:06488,train,1,lower-bound Pareto dominance: correctness,4,1,3,True,True,False
helpsteer2:06489,train,-1,"lower-bound Pareto dominance: coherence, correctness",-4,-1,-3,True,True,False
helpsteer2:06490,train,0,equivalent within epsilon,0,1,2,False,False,False
helpsteer2:06491,train,1,"lower-bound Pareto dominance: coherence, correctness",3,1,2,True,True,False
helpsteer2:06492,train,-1,"lower-bound Pareto dominance: coherence, correctness",-3,-1,-3,True,True,False
helpsteer2:06493,train,-1,"lower-bound Pareto dominance: coherence, correctness",-3,-1,-3,True,True,False
helpsteer2:06494,train,1,"lower-bound Pareto dominance: coherence, correctness",2,1,2,True,True,False
helpsteer2:06495,train,1,"lower-bound Pareto dominance: coherence, correctness",2,1,2,True,True,False
helpsteer2:06496,train,-1,"lower-bound Pareto dominance: coherence, correctness",-1,-1,-1,True,True,False
helpsteer2:06497,train,-1,lower-bound Pareto dominance: correctness,-3,-1,-3,True,True,False
helpsteer2:06498,train,1,lower-bound Pareto dominance: correctness,4,1,3,True,True,False
helpsteer2:06499,train,1,"lower-bound Pareto dominance: coherence, correctness",1,1,1,True,True,False
helpsteer2:06500,train,0,equivalent within epsilon,0,0,0,False,False,False
helpsteer2:06501,train,-1,lower-bound Pareto dominance: correctness,-2,-1,-2,True,True,False
helpsteer2:06502,train,-1,"lower-bound Pareto dominance: coherence, correctness",-4,-1,-3,True,True,False
helpsteer2:06503,train,1,"lower-bound Pareto dominance: coherence, correctness",4,1,3,True,True,False
helpsteer2:06504,train,1,"lower-bound Pareto dominance: coherence, correctness",4,1,3,True,True,False
helpsteer2:06505,train,1,lower-bound Pareto dominance: correctness,3,1,2,True,True,False
helpsteer2:06506,train,-1,"lower-bound Pareto dominance: coherence, correctness",-3,-1,-2,True,True,False
helpsteer2:06507,train,-1,"lower-bound Pareto dominance: coherence, correctness",-3,-1,-2,True,True,False
helpsteer2:06508,train,-1,"lower-bound Pareto dominance: coherence, correctness",-2,-1,-2,True,True,False
helpsteer2:06509,train,1,lower-bound Pareto dominance: correctness,4,1,3,True,True,False
helpsteer2:06510,train,1,"lower-bound Pareto dominance: coherence, correctness",4,1,3,True,True,False
helpsteer2:06511,train,-1,"lower-bound Pareto dominance: coherence, correctness",-2,-1,-2,True,True,False
helpsteer2:06512,train,-1,"lower-bound Pareto dominance: coherence, correctness",-4,-1,-3,True,True,False
helpsteer2:06513,train,-1,lower-bound Pareto dominance: correctness,-3,-1,-3,True,True,False
helpsteer2:06514,train,1,lower-bound Pareto dominance: correctness,2,1,3,True,True,False
helpsteer2:06515,train,-1,"lower-bound Pareto dominance: coherence, correctness",-2,-1,-3,True,True,False
helpsteer2:06516,train,1,"lower-bound Pareto dominance: coherence, correctness",4,1,2,True,True,False
helpsteer2:06517,train,1,"lower-bound Pareto dominance: coherence, correctness",2,1,2,True,True,False
helpsteer2:06518,train,1,"lower-bound Pareto dominance: coherence, correctness",4,1,3,True,True,False
helpsteer2:06519,train,0,equivalent within epsilon,1,1,1,False,True,False
helpsteer2:06520,train,0,equivalent within epsilon,0,0,0,False,False,False
helpsteer2:06521,train,-1,lower-bound Pareto dominance: correctness,-3,-1,-3,True,True,False
helpsteer2:06522,train,-1,"lower-bound Pareto dominance: coherence, correctness",-1,0,0,True,True,False
helpsteer2:06523,train,-1,"lower-bound Pareto dominance: coherence, correctness",-3,-1,-3,True,True,False
helpsteer2:06524,train,-1,"lower-bound Pareto dominance: coherence, correctness",-4,-1,-3,True,True,False
helpsteer2:06525,train,1,"lower-bound Pareto dominance: coherence, correctness",4,1,3,True,True,False
helpsteer2:06526,train,-1,lower-bound Pareto dominance: correctness,-4,-1,-3,True,True,False
helpsteer2:06527,train,-1,"lower-bound Pareto dominance: coherence, correctness",-1,-1,-1,True,True,False
helpsteer2:06528,train,1,"lower-bound Pareto dominance: coherence, correctness",2,1,2,True,True,False
helpsteer2:06529,train,-1,lower-bound Pareto dominance: correctness,-4,-1,-3,True,True,False
helpsteer2:06530,train,-1,lower-bound Pareto dominance: correctness,-2,-1,-2,True,True,False
helpsteer2:06531,train,0,equivalent within epsilon,1,1,1,False,True,False
helpsteer2:06532,train,1,"lower-bound Pareto dominance: coherence, correctness",4,1,3,True,True,False
helpsteer2:06533,train,1,lower-bound Pareto dominance: correctness,2,1,2,True,True,False
helpsteer2:06534,train,-1,lower-bound Pareto dominance: correctness,-4,-1,-3,True,True,False
helpsteer2:06535,train,0,equivalent within epsilon,0,0,0,False,False,False
helpsteer2:06536,train,-1,lower-bound Pareto dominance: correctness,-4,-1,-3,True,True,False
helpsteer2:06537,train,-1,"lower-bound Pareto dominance: coherence, correctness",-2,-1,-2,True,True,False
helpsteer2:06538,train,1,lower-bound Pareto dominance: correctness,2,1,2,True,True,False
helpsteer2:06539,train,1,"lower-bound Pareto dominance: coherence, correctness",3,1,3,True,True,False
helpsteer2:06540,train,1,lower-bound Pareto dominance: correctness,3,1,3,True,True,False
helpsteer2:06541,train,0,equivalent within epsilon,-1,0,0,False,True,False
helpsteer2:06542,train,-1,lower-bound Pareto dominance: correctness,-3,-1,-3,True,True,False
helpsteer2:06543,train,1,lower-bound Pareto dominance: correctness,3,1,3,True,True,False
helpsteer2:06544,train,1,"lower-bound Pareto dominance: coherence, correctness",4,1,3,True,True,False
helpsteer2:06545,train,-1,lower-bound Pareto dominance: correctness,0,0,0,False,False,False
helpsteer2:06546,train,1,lower-bound Pareto dominance: coherence,1,1,1,True,True,False
helpsteer2:06547,train,-1,"lower-bound Pareto dominance: coherence, correctness",-4,-1,-3,True,True,False
helpsteer2:06548,train,-1,lower-bound Pareto dominance: correctness,-3,-1,-3,True,True,False
helpsteer2:06549,train,1,lower-bound Pareto dominance: correctness,2,1,2,True,True,False
helpsteer2:06550,train,0,equivalent within epsilon,0,0,0,False,False,False
helpsteer2:06551,train,0,equivalent within epsilon,0,-1,-2,False,False,False
helpsteer2:06552,train,-1,"lower-bound Pareto dominance: coherence, correctness",-4,-1,-3,True,True,False
helpsteer2:06553,train,0,equivalent within epsilon,0,1,1,False,False,False
helpsteer2:06554,train,-1,lower-bound Pareto dominance: correctness,0,-1,-1,False,False,False
helpsteer2:06555,train,1,lower-bound Pareto dominance: coherence,1,1,1,True,True,False
helpsteer2:06556,train,1,"lower-bound Pareto dominance: coherence, correctness",1,1,1,True,False,False
helpsteer2:06557,train,-1,lower-bound Pareto dominance: coherence,-1,-1,-2,True,False,False
helpsteer2:06558,train,1,"lower-bound Pareto dominance: coherence, correctness",4,1,3,True,True,False
helpsteer2:06559,train,1,lower-bound Pareto dominance: correctness,4,1,3,True,True,False
helpsteer2:06560,train,0,equivalent within epsilon,1,1,1,False,False,False
helpsteer2:06561,train,1,lower-bound Pareto dominance: correctness,4,1,3,True,True,False
helpsteer2:06562,train,-1,lower-bound Pareto dominance: coherence,-1,-1,-1,True,True,False
helpsteer2:06563,train,-1,"lower-bound Pareto dominance: coherence, correctness",-4,-1,-3,True,True,False
helpsteer2:06564,train,1,"lower-bound Pareto dominance: coherence, correctness",2,1,2,True,True,False
helpsteer2:06565,train,0,equivalent within epsilon,0,1,1,False,False,False
helpsteer2:06566,train,-1,lower-bound Pareto dominance: correctness,-3,-1,-3,True,True,False
helpsteer2:06567,train,-1,lower-bound Pareto dominance: correctness,-2,-1,-2,True,True,False
helpsteer2:06568,train,-1,"lower-bound Pareto dominance: coherence, correctness",-4,-1,-3,True,True,False
helpsteer2:06569,train,-1,lower-bound Pareto dominance: correctness,-1,-1,-1,True,True,False
helpsteer2:06570,train,0,cross-objective tradeoff,0,0,0,False,False,False
helpsteer2:06571,train,-1,"lower-bound Pareto dominance: coherence, correctness",-2,-1,-2,True,True,False
helpsteer2:06572,train,1,"lower-bound Pareto dominance: coherence, correctness",3,1,3,True,True,False
helpsteer2:06573,train,1,"lower-bound Pareto dominance: coherence, correctness",1,0,0,True,True,False
helpsteer2:06574,train,-1,"lower-bound Pareto dominance: coherence, correctness",-3,-1,-3,True,True,False
helpsteer2:06575,train,-1,"lower-bound Pareto dominance: coherence, correctness",-4,-1,-3,True,True,False
helpsteer2:06576,train,1,"lower-bound Pareto dominance: coherence, correctness",3,1,3,True,True,False
helpsteer2:06577,train,-1,lower-bound Pareto dominance: correctness,-3,-1,-2,True,True,False
helpsteer2:06578,train,0,equivalent within epsilon,0,0,0,False,False,False
helpsteer2:06579,train,-1,"lower-bound Pareto dominance: coherence, correctness",-4,-1,-3,True,True,False
helpsteer2:06580,train,1,"lower-bound Pareto dominance: coherence, correctness",4,1,3,True,True,False
helpsteer2:06581,train,-1,lower-bound Pareto dominance: correctness,-3,-1,-3,True,True,False
helpsteer2:06582,train,1,"lower-bound Pareto dominance: coherence, correctness",4,1,3,True,True,False
helpsteer2:06583,train,1,"lower-bound Pareto dominance: coherence, correctness",4,1,3,True,True,False
helpsteer2:06584,train,-1,lower-bound Pareto dominance: correctness,-1,-1,-2,True,True,False
helpsteer2:06585,train,1,"lower-bound Pareto dominance: coherence, correctness",3,1,3,True,True,False
helpsteer2:06586,train,1,"lower-bound Pareto dominance: coherence, correctness",0,-1,-1,False,False,False
helpsteer2:06587,train,-1,"lower-bound Pareto dominance: coherence, correctness",-2,-1,-2,True,True,False
helpsteer2:06588,train,1,"lower-bound Pareto dominance: coherence, correctness",1,1,1,True,True,False
helpsteer2:06589,train,1,lower-bound Pareto dominance: correctness,2,1,2,True,True,False
helpsteer2:06590,train,1,"lower-bound Pareto dominance: coherence, correctness",2,1,1,True,True,False
helpsteer2:06591,train,-1,lower-bound Pareto dominance: correctness,-2,-1,-2,True,True,False
helpsteer2:06592,train,0,equivalent within epsilon,-1,-1,-1,False,True,False
helpsteer2:06593,train,1,"lower-bound Pareto dominance: coherence, correctness",1,1,1,True,False,False
helpsteer2:06594,train,-1,lower-bound Pareto dominance: coherence,-1,-1,-2,True,True,False
helpsteer2:06595,train,1,"lower-bound Pareto dominance: coherence, correctness",3,1,3,True,True,False
helpsteer2:06596,train,0,equivalent within epsilon,0,0,0,False,False,False
helpsteer2:06597,train,-1,lower-bound Pareto dominance: correctness,-2,-1,-2,True,True,False
helpsteer2:06598,train,-1,"lower-bound Pareto dominance: coherence, correctness",-1,-1,-1,True,False,False
helpsteer2:06599,train,-1,lower-bound Pareto dominance: correctness,-2,-1,-2,True,True,False
helpsteer2:06600,train,1,lower-bound Pareto dominance: correctness,2,1,2,True,True,False
helpsteer2:06601,train,0,equivalent within epsilon,1,0,0,False,True,False
helpsteer2:06602,train,-1,"lower-bound Pareto dominance: coherence, correctness",-4,-1,-3,True,True,False
helpsteer2:06603,train,1,"lower-bound Pareto dominance: coherence, correctness",3,1,3,True,True,False
helpsteer2:06604,train,1,"lower-bound Pareto dominance: coherence, correctness",3,1,3,True,True,False
helpsteer2:06605,train,-1,"lower-bound Pareto dominance: coherence, correctness",-2,-1,-2,True,True,False
helpsteer2:06606,train,1,lower-bound Pareto dominance: coherence,0,1,2,False,False,False
helpsteer2:06607,train,1,"lower-bound Pareto dominance: coherence, correctness",4,1,2,True,True,False
helpsteer2:06608,train,1,"lower-bound Pareto dominance: coherence, correctness",2,1,2,True,True,False
helpsteer2:06609,train,-1,lower-bound Pareto dominance: correctness,-3,-1,-3,True,True,False
helpsteer2:06610,train,1,lower-bound Pareto dominance: correctness,1,1,1,True,True,False
helpsteer2:06611,train,-1,"lower-bound Pareto dominance: coherence, correctness",-1,-1,-1,True,True,False
helpsteer2:06612,train,1,lower-bound Pareto dominance: correctness,3,1,2,True,True,False
helpsteer2:06613,train,-1,"lower-bound Pareto dominance: coherence, correctness",-1,0,0,True,True,False
helpsteer2:06614,train,-1,lower-bound Pareto dominance: correctness,-2,-1,-2,True,True,False
helpsteer2:06615,train,-1,lower-bound Pareto dominance: correctness,-3,-1,-3,True,True,False
helpsteer2:06616,train,1,lower-bound Pareto dominance: correctness,3,1,2,True,True,False
helpsteer2:06617,train,-1,lower-bound Pareto dominance: coherence,-1,-1,-1,True,True,False
helpsteer2:06618,train,-1,lower-bound Pareto dominance: correctness,-3,-1,-3,True,True,False
helpsteer2:06619,train,-1,"lower-bound Pareto dominance: coherence, correctness",-3,-1,-3,True,True,False
helpsteer2:06620,train,-1,lower-bound Pareto dominance: correctness,-1,-1,-1,True,True,False
helpsteer2:06621,train,-1,"lower-bound Pareto dominance: coherence, correctness",-1,-1,-1,True,True,False
helpsteer2:06622,train,-1,"lower-bound Pareto dominance: coherence, correctness",-2,-1,-2,True,True,False
helpsteer2:06623,train,-1,lower-bound Pareto dominance: correctness,-3,-1,-2,True,True,False
helpsteer2:06624,train,1,lower-bound Pareto dominance: correctness,3,1,1,True,True,False
helpsteer2:06625,train,1,lower-bound Pareto dominance: correctness,1,1,2,True,True,False
helpsteer2:06626,train,-1,"lower-bound Pareto dominance: coherence, correctness",-3,-1,-3,True,True,False
helpsteer2:06627,train,-1,"lower-bound Pareto dominance: coherence, correctness",-2,-1,-3,True,True,False
helpsteer2:06628,train,0,equivalent within epsilon,0,0,0,False,False,False
helpsteer2:06629,train,1,lower-bound Pareto dominance: correctness,1,1,1,True,True,False
helpsteer2:06630,train,1,"lower-bound Pareto dominance: coherence, correctness",4,1,3,True,True,False
helpsteer2:06631,train,-1,"lower-bound Pareto dominance: coherence, correctness",-3,-1,-3,True,True,False
helpsteer2:06632,train,-1,"lower-bound Pareto dominance: coherence, correctness",-1,-1,-1,True,False,False
helpsteer2:06633,train,-1,lower-bound Pareto dominance: correctness,-3,-1,-3,True,True,False
helpsteer2:06634,train,-1,lower-bound Pareto dominance: correctness,-2,-1,-2,True,True,False
helpsteer2:06635,train,1,lower-bound Pareto dominance: correctness,2,1,3,True,True,False
helpsteer2:06636,train,-1,lower-bound Pareto dominance: correctness,-4,-1,-3,True,True,False
helpsteer2:06637,train,1,lower-bound Pareto dominance: correctness,3,1,3,True,True,False
helpsteer2:06638,train,0,equivalent within epsilon,0,1,1,False,False,False
helpsteer2:06639,train,1,lower-bound Pareto dominance: correctness,1,0,0,True,True,False
helpsteer2:06640,train,1,"lower-bound Pareto dominance: coherence, correctness",1,1,1,True,True,False
helpsteer2:06641,train,1,lower-bound Pareto dominance: correctness,3,1,3,True,True,False
helpsteer2:06642,train,-1,lower-bound Pareto dominance: correctness,-1,-1,-1,True,False,False
helpsteer2:06643,train,0,equivalent within epsilon,-1,-1,-2,False,True,False
helpsteer2:06644,train,-1,"lower-bound Pareto dominance: coherence, correctness",-3,-1,-2,True,True,False
helpsteer2:06645,train,-1,"lower-bound Pareto dominance: coherence, correctness",-3,-1,-3,True,True,False
helpsteer2:06646,train,1,"lower-bound Pareto dominance: coherence, correctness",4,1,3,True,True,False
helpsteer2:06647,train,-1,lower-bound Pareto dominance: correctness,-3,-1,-3,True,True,False
helpsteer2:06648,train,0,equivalent within epsilon,0,-1,-2,False,False,False
helpsteer2:06649,train,-1,lower-bound Pareto dominance: correctness,0,0,0,False,False,False
helpsteer2:06650,train,1,lower-bound Pareto dominance: correctness,1,1,1,True,False,False
helpsteer2:06651,train,0,equivalent within epsilon,0,0,0,False,False,False
helpsteer2:06652,train,1,"lower-bound Pareto dominance: coherence, correctness",2,1,2,True,True,False
helpsteer2:06653,train,-1,lower-bound Pareto dominance: correctness,-1,-1,-1,True,True,False
helpsteer2:06654,train,0,equivalent within epsilon,0,0,0,False,False,False
helpsteer2:06655,train,1,lower-bound Pareto dominance: correctness,1,0,0,True,True,False
helpsteer2:06656,train,1,"lower-bound Pareto dominance: coherence, correctness",4,1,3,True,True,False
helpsteer2:06657,train,0,equivalent within epsilon,1,-1,-2,False,False,False
helpsteer2:06658,train,-1,"lower-bound Pareto dominance: coherence, correctness",-1,-1,-1,True,True,False
helpsteer2:06659,train,-1,lower-bound Pareto dominance: correctness,-2,-1,-2,True,True,False
helpsteer2:06660,train,1,"lower-bound Pareto dominance: coherence, correctness",3,1,3,True,True,False
helpsteer2:06661,train,0,equivalent within epsilon,0,1,1,False,False,False
helpsteer2:06662,train,-1,"lower-bound Pareto dominance: coherence, correctness",-4,-1,-3,True,True,False
helpsteer2:06663,train,1,"lower-bound Pareto dominance: coherence, correctness",2,1,2,True,True,False
helpsteer2:06664,train,-1,"lower-bound Pareto dominance: coherence, correctness",-1,-1,-1,True,True,False
helpsteer2:06665,train,0,equivalent within epsilon,0,0,0,False,False,False
helpsteer2:06666,train,-1,lower-bound Pareto dominance: correctness,-2,-1,-2,True,True,False
helpsteer2:06667,train,0,equivalent within epsilon,0,0,0,False,False,False
helpsteer2:06668,train,-1,lower-bound Pareto dominance: correctness,-1,-1,-1,True,True,False
helpsteer2:06669,train,-1,lower-bound Pareto dominance: coherence,-1,-1,-1,True,True,False
helpsteer2:06670,train,1,lower-bound Pareto dominance: coherence,1,1,1,True,False,False
helpsteer2:06671,train,-1,"lower-bound Pareto dominance: coherence, correctness",-1,-1,-1,True,True,False
helpsteer2:06672,train,-1,"lower-bound Pareto dominance: coherence, correctness",-2,-1,-2,True,True,False
helpsteer2:06673,train,-1,lower-bound Pareto dominance: correctness,0,0,0,False,False,False
helpsteer2:06674,train,0,equivalent within epsilon,-1,0,0,False,True,False
helpsteer2:06675,train,-1,"lower-bound Pareto dominance: coherence, correctness",-2,-1,-2,True,True,False
helpsteer2:06676,train,1,"lower-bound Pareto dominance: coherence, correctness",2,1,2,True,True,False
helpsteer2:06677,train,1,lower-bound Pareto dominance: correctness,1,0,0,True,True,False
helpsteer2:06678,train,1,lower-bound Pareto dominance: correctness,3,1,2,True,True,False
helpsteer2:06679,train,-1,lower-bound Pareto dominance: correctness,0,0,0,False,False,False
helpsteer2:06680,train,1,lower-bound Pareto dominance: correctness,2,1,2,True,True,False
helpsteer2:06681,train,-1,"lower-bound Pareto dominance: coherence, correctness",-4,-1,-3,True,True,False
helpsteer2:06682,train,1,lower-bound Pareto dominance: correctness,1,0,0,True,True,False
helpsteer2:06683,train,1,"lower-bound Pareto dominance: coherence, correctness",2,1,2,True,True,False
helpsteer2:06684,train,-1,"lower-bound Pareto dominance: coherence, correctness",-1,1,1,True,True,False
helpsteer2:06685,train,0,equivalent within epsilon,0,-1,-2,False,False,False
helpsteer2:06686,train,-1,lower-bound Pareto dominance: correctness,-2,-1,-2,True,True,False
helpsteer2:06687,train,-1,"lower-bound Pareto dominance: coherence, correctness",-4,-1,-1,True,True,False
helpsteer2:06688,train,1,"lower-bound Pareto dominance: coherence, correctness",1,1,1,True,False,False
helpsteer2:06689,train,1,"lower-bound Pareto dominance: coherence, correctness",2,1,2,True,True,False
helpsteer2:06690,train,-1,lower-bound Pareto dominance: correctness,1,-1,-1,True,True,False
helpsteer2:06691,train,0,equivalent within epsilon,0,1,2,False,False,False
helpsteer2:06692,train,-1,lower-bound Pareto dominance: coherence,-1,-1,-1,True,True,False
helpsteer2:06693,train,-1,lower-bound Pareto dominance: correctness,-2,-1,-3,True,True,False
helpsteer2:06694,train,-1,"lower-bound Pareto dominance: coherence, correctness",-2,-1,-2,True,True,False
helpsteer2:06695,train,0,equivalent within epsilon,0,0,0,False,False,False
helpsteer2:06696,train,1,lower-bound Pareto dominance: correctness,2,1,2,True,True,False
helpsteer2:06697,train,-1,lower-bound Pareto dominance: correctness,-2,-1,-2,True,True,False
helpsteer2:06698,train,0,equivalent within epsilon,0,0,0,False,False,False
helpsteer2:06699,train,1,lower-bound Pareto dominance: coherence,1,0,0,True,True,False
helpsteer2:06700,train,-1,lower-bound Pareto dominance: correctness,0,0,0,False,False,False
helpsteer2:06701,train,1,"lower-bound Pareto dominance: coherence, correctness",0,1,1,False,False,False
helpsteer2:06702,train,-1,lower-bound Pareto dominance: correctness,-1,-1,-2,True,False,False
helpsteer2:06703,train,0,equivalent within epsilon,0,-1,-1,False,False,False
helpsteer2:06704,train,-1,lower-bound Pareto dominance: correctness,-2,-1,-1,True,True,False
helpsteer2:06705,train,0,cross-objective tradeoff,0,0,0,False,False,False
helpsteer2:06706,train,0,equivalent within epsilon,0,0,0,False,False,False
helpsteer2:06707,train,1,lower-bound Pareto dominance: correctness,4,1,3,True,True,False
helpsteer2:06708,train,-1,"lower-bound Pareto dominance: coherence, correctness",-4,-1,-3,True,True,False
helpsteer2:06709,train,-1,"lower-bound Pareto dominance: coherence, correctness",-3,-1,-2,True,True,False
helpsteer2:06710,train,0,equivalent within epsilon,0,-1,-1,False,False,False
helpsteer2:06711,train,1,lower-bound Pareto dominance: correctness,3,1,3,True,True,False
helpsteer2:06712,train,0,equivalent within epsilon,0,1,1,False,False,False
helpsteer2:06713,train,0,equivalent within epsilon,0,0,0,False,False,False
helpsteer2:06714,train,1,"lower-bound Pareto dominance: coherence, correctness",2,1,2,True,True,False
helpsteer2:06715,train,-1,lower-bound Pareto dominance: correctness,-1,-1,-2,True,True,False
helpsteer2:06716,train,-1,"lower-bound Pareto dominance: coherence, correctness",-3,-1,-3,True,True,False
helpsteer2:06717,train,-1,lower-bound Pareto dominance: correctness,-1,-1,-1,True,True,False
helpsteer2:06718,train,-1,lower-bound Pareto dominance: coherence,0,0,0,False,False,False
helpsteer2:06719,train,1,lower-bound Pareto dominance: correctness,4,1,3,True,True,False
helpsteer2:06720,train,1,"lower-bound Pareto dominance: coherence, correctness",1,1,1,True,True,False
helpsteer2:06721,train,-1,lower-bound Pareto dominance: correctness,0,-1,-2,False,False,False
helpsteer2:06722,train,-1,lower-bound Pareto dominance: correctness,-1,-1,-1,True,False,False
helpsteer2:06723,train,-1,"lower-bound Pareto dominance: coherence, correctness",-1,-1,-1,True,True,False
helpsteer2:06724,train,-1,lower-bound Pareto dominance: coherence,0,1,1,False,False,False
helpsteer2:06725,train,-1,lower-bound Pareto dominance: correctness,-2,-1,-2,True,True,False
helpsteer2:06726,train,-1,lower-bound Pareto dominance: correctness,-1,-1,-2,True,False,False
helpsteer2:06727,train,1,"lower-bound Pareto dominance: coherence, correctness",3,1,2,True,True,False
helpsteer2:06728,train,1,lower-bound Pareto dominance: correctness,2,1,2,True,True,False
helpsteer2:06729,train,0,equivalent within epsilon,0,-1,-1,False,False,False
helpsteer2:06730,train,1,"lower-bound Pareto dominance: coherence, correctness",1,1,1,True,False,False
helpsteer2:06731,train,1,lower-bound Pareto dominance: correctness,2,1,2,True,True,False
helpsteer2:06732,train,-1,"lower-bound Pareto dominance: coherence, correctness",-2,-1,-2,True,True,False
helpsteer2:06733,train,-1,"lower-bound Pareto dominance: coherence, correctness",-2,-1,-2,True,True,False
helpsteer2:06734,train,-1,lower-bound Pareto dominance: correctness,-3,-1,-3,True,True,False
helpsteer2:06735,train,1,"lower-bound Pareto dominance: coherence, correctness",2,1,2,True,True,False
helpsteer2:06736,train,1,lower-bound Pareto dominance: correctness,1,1,1,True,False,False
helpsteer2:06737,train,0,equivalent within epsilon,0,1,1,False,False,False
helpsteer2:06738,train,-1,"lower-bound Pareto dominance: coherence, correctness",-3,-1,-3,True,True,False
helpsteer2:06739,train,-1,lower-bound Pareto dominance: correctness,-3,-1,-3,True,True,False
helpsteer2:06740,train,1,"lower-bound Pareto dominance: coherence, correctness",2,1,1,True,True,False
helpsteer2:06741,train,-1,"lower-bound Pareto dominance: coherence, correctness",-3,-1,-3,True,True,False
helpsteer2:06742,train,0,equivalent within epsilon,0,0,0,False,False,False
helpsteer2:06743,train,1,lower-bound Pareto dominance: coherence,1,0,0,True,True,False
helpsteer2:06744,train,1,"lower-bound Pareto dominance: coherence, correctness",1,1,1,True,True,False
helpsteer2:06745,train,1,"lower-bound Pareto dominance: coherence, correctness",2,1,2,True,True,False
helpsteer2:06746,train,1,lower-bound Pareto dominance: coherence,2,1,2,True,True,False
helpsteer2:06747,train,-1,lower-bound Pareto dominance: correctness,-1,0,0,True,False,False
helpsteer2:06748,train,1,lower-bound Pareto dominance: coherence,0,0,0,False,False,False
helpsteer2:06749,train,1,lower-bound Pareto dominance: correctness,1,1,1,True,True,False
helpsteer2:06750,train,1,lower-bound Pareto dominance: coherence,0,1,1,False,False,False
helpsteer2:06751,train,-1,"lower-bound Pareto dominance: coherence, correctness",-1,-1,-1,True,True,False
helpsteer2:06752,train,-1,lower-bound Pareto dominance: correctness,-1,-1,-1,True,True,False
helpsteer2:06753,train,0,equivalent within epsilon,0,0,0,False,False,False
helpsteer2:06754,train,0,equivalent within epsilon,0,0,0,False,False,False
helpsteer2:06755,train,0,equivalent within epsilon,0,-1,-1,False,False,False
helpsteer2:06756,train,0,equivalent within epsilon,0,1,1,False,False,False
helpsteer2:06757,train,0,equivalent within epsilon,3,1,1,False,True,False
helpsteer2:06758,train,-1,"lower-bound Pareto dominance: coherence, correctness",-2,-1,-1,True,True,False
helpsteer2:06759,train,-1,"lower-bound Pareto dominance: coherence, correctness",-1,-1,-2,True,True,False
helpsteer2:06760,train,1,lower-bound Pareto dominance: correctness,3,1,3,True,True,False
helpsteer2:06761,train,1,"lower-bound Pareto dominance: coherence, correctness",2,1,2,True,True,False
helpsteer2:06762,train,1,lower-bound Pareto dominance: correctness,2,1,1,True,True,False
helpsteer2:06763,train,0,equivalent within epsilon,0,1,1,False,False,False
helpsteer2:06764,train,0,equivalent within epsilon,-1,-1,-1,False,True,False
helpsteer2:06765,train,1,"lower-bound Pareto dominance: coherence, correctness",2,1,1,True,True,False
helpsteer2:06766,train,-1,"lower-bound Pareto dominance: coherence, correctness",-4,-1,-3,True,True,False
helpsteer2:06767,train,0,equivalent within epsilon,0,0,0,False,False,False
helpsteer2:06768,train,-1,"lower-bound Pareto dominance: coherence, correctness",-3,-1,-3,True,True,False
helpsteer2:06769,train,1,lower-bound Pareto dominance: correctness,2,1,2,True,True,False
helpsteer2:06770,train,-1,lower-bound Pareto dominance: coherence,-1,0,0,True,True,False
helpsteer2:06771,train,1,lower-bound Pareto dominance: correctness,1,1,1,True,True,False
helpsteer2:06772,train,1,lower-bound Pareto dominance: correctness,1,0,0,True,False,False
helpsteer2:06773,train,1,lower-bound Pareto dominance: correctness,2,-1,-2,True,True,False
helpsteer2:06774,train,-1,"lower-bound Pareto dominance: coherence, correctness",-2,-1,-2,True,True,False
helpsteer2:06775,train,1,lower-bound Pareto dominance: correctness,3,1,2,True,True,False
helpsteer2:06776,train,-1,lower-bound Pareto dominance: correctness,-1,-1,-1,True,True,False
helpsteer2:06777,train,-1,lower-bound Pareto dominance: correctness,-3,-1,-2,True,True,False
helpsteer2:06778,train,1,lower-bound Pareto dominance: correctness,1,1,1,True,True,False
helpsteer2:06779,train,1,"lower-bound Pareto dominance: coherence, correctness",4,1,3,True,True,False
helpsteer2:06780,train,1,"lower-bound Pareto dominance: coherence, correctness",1,1,1,True,True,False
helpsteer2:06781,train,0,equivalent within epsilon,0,0,0,False,False,False
helpsteer2:06782,train,-1,lower-bound Pareto dominance: correctness,-2,1,2,True,True,False
helpsteer2:06783,train,-1,lower-bound Pareto dominance: correctness,-1,-1,-2,True,True,False
helpsteer2:06784,train,1,"lower-bound Pareto dominance: coherence, correctness",2,1,2,True,True,False
helpsteer2:06785,train,-1,"lower-bound Pareto dominance: coherence, correctness",-1,-1,-2,True,True,False
helpsteer2:06786,train,0,equivalent within epsilon,1,0,0,False,True,False
helpsteer2:06787,train,1,lower-bound Pareto dominance: correctness,2,1,2,True,True,False
helpsteer2:06788,train,1,"lower-bound Pareto dominance: coherence, correctness",1,0,0,True,True,False
helpsteer2:06789,train,0,equivalent within epsilon,0,1,1,False,False,False
helpsteer2:06790,train,0,equivalent within epsilon,0,-1,-1,False,False,False
helpsteer2:06791,train,-1,lower-bound Pareto dominance: correctness,-1,-1,-1,True,True,False
helpsteer2:06792,train,-1,"lower-bound Pareto dominance: coherence, correctness",-4,-1,-3,True,True,False
helpsteer2:06793,train,0,equivalent within epsilon,0,0,0,False,False,False
helpsteer2:06794,train,1,"lower-bound Pareto dominance: coherence, correctness",2,1,1,True,True,False
helpsteer2:06795,train,1,lower-bound Pareto dominance: correctness,1,1,1,True,True,False
helpsteer2:06796,train,1,lower-bound Pareto dominance: correctness,1,0,0,True,True,False
helpsteer2:06797,train,0,equivalent within epsilon,0,-1,-2,False,False,False
helpsteer2:06798,train,1,lower-bound Pareto dominance: correctness,1,1,1,True,True,False
helpsteer2:06799,train,-1,"lower-bound Pareto dominance: coherence, correctness",-2,-1,-2,True,True,False
helpsteer2:06800,train,1,lower-bound Pareto dominance: correctness,2,1,1,True,True,False
helpsteer2:06801,train,1,"lower-bound Pareto dominance: coherence, correctness",4,1,3,True,True,False
helpsteer2:06802,train,-1,lower-bound Pareto dominance: coherence,0,-1,-1,False,False,False
helpsteer2:06803,train,0,equivalent within epsilon,0,0,0,False,False,False
helpsteer2:06804,train,-1,"lower-bound Pareto dominance: coherence, correctness",-2,-1,-1,True,True,False
helpsteer2:06805,train,1,lower-bound Pareto dominance: coherence,0,0,0,False,False,False
helpsteer2:06806,train,-1,"lower-bound Pareto dominance: coherence, correctness",-2,-1,-1,True,True,False
helpsteer2:06807,train,-1,"lower-bound Pareto dominance: coherence, correctness",-1,-1,-1,True,True,False
helpsteer2:06808,train,1,lower-bound Pareto dominance: correctness,1,1,1,True,True,False
helpsteer2:06809,train,1,lower-bound Pareto dominance: correctness,0,-1,-1,False,False,False
helpsteer2:06810,train,1,lower-bound Pareto dominance: coherence,0,0,0,False,False,False
helpsteer2:06811,train,-1,lower-bound Pareto dominance: correctness,-3,-1,-3,True,True,False
helpsteer2:06812,train,1,"lower-bound Pareto dominance: coherence, correctness",2,1,2,True,True,False
helpsteer2:06813,train,1,lower-bound Pareto dominance: correctness,1,0,0,True,True,False
helpsteer2:06814,train,-1,lower-bound Pareto dominance: correctness,-4,-1,-3,True,True,False
helpsteer2:06815,train,-1,lower-bound Pareto dominance: coherence,0,0,0,False,False,False
helpsteer2:06816,train,-1,"lower-bound Pareto dominance: coherence, correctness",-3,-1,-2,True,True,False
helpsteer2:06817,train,-1,"lower-bound Pareto dominance: coherence, correctness",-3,-1,-3,True,True,False
helpsteer2:06818,train,1,"lower-bound Pareto dominance: coherence, correctness",1,1,1,True,True,False
helpsteer2:06819,train,0,equivalent within epsilon,0,-1,-2,False,False,False
helpsteer2:06820,train,1,lower-bound Pareto dominance: coherence,1,0,0,True,False,False
helpsteer2:06821,train,1,lower-bound Pareto dominance: correctness,1,1,1,True,True,False
helpsteer2:06822,train,1,lower-bound Pareto dominance: correctness,3,0,0,True,True,False
helpsteer2:06823,train,0,equivalent within epsilon,0,-1,-1,False,False,False
helpsteer2:06824,train,0,equivalent within epsilon,0,0,0,False,False,False
helpsteer2:06825,train,0,equivalent within epsilon,-3,-1,-3,False,True,False
helpsteer2:06826,train,-1,lower-bound Pareto dominance: correctness,-1,-1,-1,True,True,False
helpsteer2:06827,train,0,equivalent within epsilon,0,1,1,False,False,False
helpsteer2:06828,train,0,equivalent within epsilon,0,0,0,False,False,False
helpsteer2:06829,train,-1,lower-bound Pareto dominance: correctness,-2,-1,-2,True,True,False
helpsteer2:06830,train,1,"lower-bound Pareto dominance: coherence, correctness",2,1,2,True,True,False
helpsteer2:06831,train,1,lower-bound Pareto dominance: correctness,1,1,1,True,False,False
helpsteer2:06832,train,-1,"lower-bound Pareto dominance: coherence, correctness",-1,-1,-1,True,True,False
helpsteer2:06833,train,1,lower-bound Pareto dominance: correctness,2,1,2,True,True,False
helpsteer2:06834,train,0,equivalent within epsilon,0,-1,-1,False,False,False
helpsteer2:06835,train,0,cross-objective tradeoff,0,0,0,False,False,False
helpsteer2:06836,train,1,lower-bound Pareto dominance: correctness,1,1,1,True,True,False
helpsteer2:06837,train,1,lower-bound Pareto dominance: coherence,0,0,0,False,False,False
helpsteer2:06838,train,1,lower-bound Pareto dominance: correctness,1,1,1,True,True,False
helpsteer2:06839,train,1,lower-bound Pareto dominance: correctness,1,1,1,True,True,False
helpsteer2:06840,train,1,"lower-bound Pareto dominance: coherence, correctness",3,1,3,True,True,False
helpsteer2:06841,train,-1,"lower-bound Pareto dominance: coherence, correctness",-1,-1,-2,True,True,False
helpsteer2:06842,train,1,lower-bound Pareto dominance: correctness,1,1,1,True,True,False
helpsteer2:06843,train,-1,lower-bound Pareto dominance: coherence,-3,-1,-2,True,True,False
helpsteer2:06844,train,-1,"lower-bound Pareto dominance: coherence, correctness",-2,-1,-1,True,True,False
helpsteer2:06845,train,1,lower-bound Pareto dominance: correctness,1,1,1,True,False,False
helpsteer2:06846,train,-1,"lower-bound Pareto dominance: coherence, correctness",-1,-1,-1,True,True,False
helpsteer2:06847,train,1,lower-bound Pareto dominance: correctness,3,1,2,True,True,False
helpsteer2:06848,train,-1,"lower-bound Pareto dominance: coherence, correctness",-2,-1,-2,True,True,False
helpsteer2:06849,train,0,equivalent within epsilon,-2,-1,-2,False,True,False
helpsteer2:06850,train,0,equivalent within epsilon,0,0,0,False,False,False
helpsteer2:06851,train,-1,lower-bound Pareto dominance: correctness,0,-1,-1,False,False,False
helpsteer2:06852,train,0,equivalent within epsilon,0,-1,-1,False,False,False
helpsteer2:06853,train,0,equivalent within epsilon,0,-1,-1,False,False,False
helpsteer2:06854,train,-1,"lower-bound Pareto dominance: coherence, correctness",-1,0,0,True,True,False
helpsteer2:06855,train,0,equivalent within epsilon,0,1,1,False,False,False
helpsteer2:06856,train,-1,lower-bound Pareto dominance: correctness,-2,-1,-2,True,True,False
helpsteer2:06857,train,0,equivalent within epsilon,0,-1,-1,False,False,False
helpsteer2:06858,train,1,"lower-bound Pareto dominance: coherence, correctness",3,1,3,True,True,False
helpsteer2:06859,train,-1,"lower-bound Pareto dominance: coherence, correctness",-1,-1,-1,True,True,False
helpsteer2:06860,train,1,lower-bound Pareto dominance: correctness,2,-1,-1,True,True,False
helpsteer2:06861,train,0,equivalent within epsilon,0,1,1,False,False,False
helpsteer2:06862,train,1,"lower-bound Pareto dominance: coherence, correctness",4,1,3,True,True,False
helpsteer2:06863,train,1,lower-bound Pareto dominance: coherence,1,1,1,True,True,False
helpsteer2:06864,train,-1,"lower-bound Pareto dominance: coherence, correctness",-4,-1,-3,True,True,False
helpsteer2:06865,train,-1,"lower-bound Pareto dominance: coherence, correctness",-3,-1,-3,True,True,False
helpsteer2:06866,train,1,"lower-bound Pareto dominance: coherence, correctness",2,1,2,True,True,False
helpsteer2:06867,train,0,equivalent within epsilon,0,-1,-1,False,False,False
helpsteer2:06868,train,1,"lower-bound Pareto dominance: coherence, correctness",2,1,2,True,True,False
helpsteer2:06869,train,0,equivalent within epsilon,0,1,2,False,False,False
helpsteer2:06870,train,-1,"lower-bound Pareto dominance: coherence, correctness",-3,-1,-3,True,True,False
helpsteer2:06871,train,1,"lower-bound Pareto dominance: coherence, correctness",4,1,3,True,True,False
helpsteer2:06872,train,1,"lower-bound Pareto dominance: coherence, correctness",4,1,3,True,True,False
helpsteer2:06873,train,0,equivalent within epsilon,0,-1,-1,False,False,False
helpsteer2:06874,train,1,lower-bound Pareto dominance: correctness,2,0,0,True,True,False
helpsteer2:06875,train,1,lower-bound Pareto dominance: coherence,0,0,0,False,False,False
helpsteer2:06876,train,0,equivalent within epsilon,0,0,0,False,False,False
helpsteer2:06877,train,1,lower-bound Pareto dominance: correctness,1,1,1,True,False,False
helpsteer2:06878,train,0,equivalent within epsilon,-1,0,0,False,True,False
helpsteer2:06879,train,-1,lower-bound Pareto dominance: correctness,-3,-1,-2,True,True,False
helpsteer2:06880,train,0,equivalent within epsilon,0,0,0,False,False,False
helpsteer2:06881,train,-1,"lower-bound Pareto dominance: coherence, correctness",-2,-1,-3,True,True,False
helpsteer2:06882,train,1,lower-bound Pareto dominance: correctness,2,1,1,True,True,False
helpsteer2:06883,train,0,cross-objective tradeoff,-1,-1,-1,False,True,False
helpsteer2:06884,train,-1,"lower-bound Pareto dominance: coherence, correctness",0,-1,-1,False,False,False
helpsteer2:06885,train,-1,"lower-bound Pareto dominance: coherence, correctness",-2,-1,-2,True,True,False
helpsteer2:06886,train,1,"lower-bound Pareto dominance: coherence, correctness",1,1,1,True,True,False
helpsteer2:06887,train,0,cross-objective tradeoff,1,1,1,False,True,False
helpsteer2:06888,train,-1,lower-bound Pareto dominance: correctness,-2,-1,-1,True,True,False
helpsteer2:06889,train,1,"lower-bound Pareto dominance: coherence, correctness",4,1,3,True,True,False
helpsteer2:06890,train,-1,"lower-bound Pareto dominance: coherence, correctness",-2,-1,-2,True,True,False
helpsteer2:06891,train,1,"lower-bound Pareto dominance: coherence, correctness",1,1,2,True,True,False
helpsteer2:06892,train,1,"lower-bound Pareto dominance: coherence, correctness",2,1,2,True,True,False
helpsteer2:06893,train,-1,"lower-bound Pareto dominance: coherence, correctness",-2,-1,-2,True,True,False
helpsteer2:06894,train,-1,"lower-bound Pareto dominance: coherence, correctness",-2,-1,-2,True,True,False
helpsteer2:06895,train,-1,lower-bound Pareto dominance: correctness,-2,-1,-2,True,True,False
helpsteer2:06896,train,0,equivalent within epsilon,1,0,0,False,True,False
helpsteer2:06897,train,0,equivalent within epsilon,0,-1,-1,False,False,False
helpsteer2:06898,train,1,lower-bound Pareto dominance: coherence,0,0,0,False,False,False
helpsteer2:06899,train,-1,"lower-bound Pareto dominance: coherence, correctness",-4,-1,-3,True,True,False
helpsteer2:06900,train,-1,"lower-bound Pareto dominance: coherence, correctness",-2,-1,-1,True,True,False
helpsteer2:06901,train,0,equivalent within epsilon,0,1,1,False,False,False
helpsteer2:06902,train,0,equivalent within epsilon,0,1,1,False,False,False
helpsteer2:06903,train,-1,lower-bound Pareto dominance: correctness,-2,-1,-2,True,True,False
helpsteer2:06904,train,0,cross-objective tradeoff,-2,-1,-2,False,True,False
helpsteer2:06905,train,1,"lower-bound Pareto dominance: coherence, correctness",2,1,2,True,True,False
helpsteer2:06906,train,0,equivalent within epsilon,0,1,1,False,False,False
helpsteer2:06907,train,-1,"lower-bound Pareto dominance: coherence, correctness",-2,-1,-2,True,True,False
helpsteer2:06908,train,0,equivalent within epsilon,0,0,0,False,False,False
helpsteer2:06909,train,-1,lower-bound Pareto dominance: coherence,-1,0,0,True,False,False
helpsteer2:06910,train,-1,"lower-bound Pareto dominance: coherence, correctness",0,0,0,False,False,False
helpsteer2:06911,train,0,equivalent within epsilon,0,0,0,False,False,False
helpsteer2:06912,train,0,equivalent within epsilon,-1,-1,-1,False,False,False
helpsteer2:06913,train,-1,lower-bound Pareto dominance: correctness,-1,-1,-1,True,True,False
helpsteer2:06914,train,0,equivalent within epsilon,0,0,0,False,False,False
helpsteer2:06915,train,-1,lower-bound Pareto dominance: correctness,-1,-1,-1,True,True,False
helpsteer2:06916,train,1,lower-bound Pareto dominance: correctness,2,1,2,True,True,False
helpsteer2:06917,train,1,"lower-bound Pareto dominance: coherence, correctness",2,1,2,True,True,False
helpsteer2:06918,train,1,lower-bound Pareto dominance: correctness,1,1,1,True,True,False
helpsteer2:06919,train,-1,"lower-bound Pareto dominance: coherence, correctness",-4,-1,-3,True,True,False
helpsteer2:06920,train,1,lower-bound Pareto dominance: correctness,3,1,3,True,True,False
helpsteer2:06921,train,0,equivalent within epsilon,0,0,0,False,False,False
helpsteer2:06922,train,-1,"lower-bound Pareto dominance: coherence, correctness",-3,-1,-3,True,True,False
helpsteer2:06923,train,-1,lower-bound Pareto dominance: correctness,-3,-1,-2,True,True,False
helpsteer2:06924,train,1,lower-bound Pareto dominance: correctness,1,1,1,True,True,False
helpsteer2:06925,train,0,equivalent within epsilon,0,1,1,False,False,False
helpsteer2:06926,train,1,lower-bound Pareto dominance: correctness,1,1,1,True,True,False
helpsteer2:06927,train,1,lower-bound Pareto dominance: correctness,1,1,1,True,True,False
helpsteer2:06928,train,0,cross-objective tradeoff,2,0,0,False,True,False
helpsteer2:06929,train,-1,"lower-bound Pareto dominance: coherence, correctness",-3,-1,-2,True,True,False
helpsteer2:06930,train,1,"lower-bound Pareto dominance: coherence, correctness",2,1,2,True,True,False
helpsteer2:06931,train,-1,lower-bound Pareto dominance: correctness,-2,-1,-1,True,True,False
helpsteer2:06932,train,1,lower-bound Pareto dominance: correctness,3,1,3,True,True,False
helpsteer2:06933,train,0,equivalent within epsilon,0,0,0,False,False,False
helpsteer2:06934,train,-1,lower-bound Pareto dominance: correctness,-2,-1,-2,True,True,False
helpsteer2:06935,train,-1,lower-bound Pareto dominance: correctness,-1,-1,-1,True,True,False
helpsteer2:06936,train,-1,lower-bound Pareto dominance: correctness,-2,-1,-2,True,True,False
helpsteer2:06937,train,-1,lower-bound Pareto dominance: correctness,-3,-1,-2,True,True,False
helpsteer2:06938,train,-1,lower-bound Pareto dominance: correctness,-3,-1,-3,True,True,False
helpsteer2:06939,train,-1,lower-bound Pareto dominance: correctness,-3,-1,-1,True,True,False
helpsteer2:06940,train,1,lower-bound Pareto dominance: correctness,1,1,1,True,True,False
helpsteer2:06941,train,0,equivalent within epsilon,0,1,1,False,False,False
helpsteer2:06942,train,1,"lower-bound Pareto dominance: coherence, correctness",3,1,3,True,True,False
helpsteer2:06943,train,1,lower-bound Pareto dominance: correctness,3,1,2,True,True,False
helpsteer2:06944,train,1,lower-bound Pareto dominance: correctness,1,1,1,True,True,False
helpsteer2:06945,train,-1,lower-bound Pareto dominance: correctness,-1,-1,-1,True,True,False
helpsteer2:06946,train,-1,"lower-bound Pareto dominance: coherence, correctness",-4,-1,-3,True,True,False
helpsteer2:06947,train,1,lower-bound Pareto dominance: correctness,1,1,2,True,True,False
helpsteer2:06948,train,1,lower-bound Pareto dominance: correctness,4,1,3,True,True,False
helpsteer2:06949,train,0,equivalent within epsilon,1,-1,-2,False,True,False
helpsteer2:06950,train,0,equivalent within epsilon,3,0,0,False,True,False
helpsteer2:06951,train,-1,"lower-bound Pareto dominance: coherence, correctness",-2,-1,-2,True,True,False
helpsteer2:06952,train,0,equivalent within epsilon,0,1,1,False,False,False
helpsteer2:06953,train,-1,lower-bound Pareto dominance: correctness,-3,-1,-2,True,True,False
helpsteer2:06954,train,1,lower-bound Pareto dominance: correctness,4,1,3,True,True,False
helpsteer2:06955,train,-1,lower-bound Pareto dominance: correctness,-3,-1,-3,True,True,False
helpsteer2:06956,train,1,"lower-bound Pareto dominance: coherence, correctness",2,1,2,True,True,False
helpsteer2:06957,train,0,equivalent within epsilon,0,1,2,False,False,False
helpsteer2:06958,train,-1,lower-bound Pareto dominance: correctness,0,0,0,False,False,False
helpsteer2:06959,train,0,equivalent within epsilon,0,0,0,False,False,False
helpsteer2:06960,train,0,equivalent within epsilon,0,-1,-1,False,False,False
helpsteer2:06961,train,1,lower-bound Pareto dominance: correctness,3,1,3,True,True,False
helpsteer2:06962,train,0,equivalent within epsilon,0,0,0,False,False,False
helpsteer2:06963,train,-1,lower-bound Pareto dominance: correctness,-3,-1,-3,True,True,False
helpsteer2:06964,train,1,"lower-bound Pareto dominance: coherence, correctness",1,1,1,True,True,False
helpsteer2:06965,train,1,lower-bound Pareto dominance: correctness,1,1,1,True,False,False
helpsteer2:06966,train,1,lower-bound Pareto dominance: correctness,2,1,1,True,True,False
helpsteer2:06967,train,1,lower-bound Pareto dominance: correctness,4,1,3,True,True,False
helpsteer2:06968,train,-1,"lower-bound Pareto dominance: coherence, correctness",-3,-1,-2,True,True,False
helpsteer2:06969,train,-1,lower-bound Pareto dominance: correctness,-2,-1,-2,True,True,False
helpsteer2:06970,train,0,equivalent within epsilon,0,0,0,False,False,False
helpsteer2:06971,train,1,"lower-bound Pareto dominance: coherence, correctness",4,1,3,True,True,False
helpsteer2:06972,train,-1,lower-bound Pareto dominance: correctness,-3,-1,-3,True,True,False
helpsteer2:06973,train,1,"lower-bound Pareto dominance: coherence, correctness",1,1,2,True,True,False
helpsteer2:06974,train,0,equivalent within epsilon,0,0,0,False,False,False
helpsteer2:06975,train,-1,"lower-bound Pareto dominance: coherence, correctness",-4,-1,-3,True,True,False
helpsteer2:06976,train,1,lower-bound Pareto dominance: correctness,2,1,2,True,True,False
helpsteer2:06977,train,1,lower-bound Pareto dominance: correctness,4,1,3,True,True,False
helpsteer2:06978,train,1,"lower-bound Pareto dominance: coherence, correctness",2,1,2,True,True,False
helpsteer2:06979,train,0,equivalent within epsilon,0,-1,-1,False,False,False
helpsteer2:06980,train,1,lower-bound Pareto dominance: correctness,1,1,2,True,True,False
helpsteer2:06981,train,-1,lower-bound Pareto dominance: correctness,-3,-1,-3,True,True,False
helpsteer2:06982,train,-1,"lower-bound Pareto dominance: coherence, correctness",-2,-1,-2,True,True,False
helpsteer2:06983,train,-1,lower-bound Pareto dominance: correctness,-1,0,0,True,True,False
helpsteer2:06984,train,0,equivalent within epsilon,-1,-1,-1,False,False,False
helpsteer2:06985,train,-1,lower-bound Pareto dominance: coherence,-1,-1,-1,True,True,False
helpsteer2:06986,train,1,lower-bound Pareto dominance: correctness,0,1,2,False,False,False
helpsteer2:06987,train,-1,lower-bound Pareto dominance: correctness,-1,-1,-1,True,True,False
helpsteer2:06988,train,0,equivalent within epsilon,0,-1,-1,False,False,False
helpsteer2:06989,train,-1,"lower-bound Pareto dominance: coherence, correctness",-3,-1,-2,True,True,False
helpsteer2:06990,train,-1,"lower-bound Pareto dominance: coherence, correctness",-2,-1,-2,True,True,False
helpsteer2:06991,train,1,lower-bound Pareto dominance: coherence,0,1,2,False,False,False
helpsteer2:06992,train,-1,"lower-bound Pareto dominance: coherence, correctness",-1,-1,-1,True,True,False
helpsteer2:06993,train,0,equivalent within epsilon,0,-1,-2,False,False,False
helpsteer2:06994,train,-1,"lower-bound Pareto dominance: coherence, correctness",-1,-1,-2,True,True,False
helpsteer2:06995,train,1,"lower-bound Pareto dominance: coherence, correctness",1,1,2,True,True,False
helpsteer2:06996,train,1,lower-bound Pareto dominance: correctness,2,1,2,True,True,False
helpsteer2:06997,train,0,equivalent within epsilon,0,0,0,False,False,False
helpsteer2:06998,train,-1,"lower-bound Pareto dominance: coherence, correctness",-3,-1,-3,True,True,False
helpsteer2:06999,train,-1,"lower-bound Pareto dominance: coherence, correctness",-2,-1,-2,True,True,False
helpsteer2:07000,train,1,lower-bound Pareto dominance: correctness,0,0,0,False,False,False
helpsteer2:07001,train,0,equivalent within epsilon,-1,0,0,False,True,False
helpsteer2:07002,train,-1,"lower-bound Pareto dominance: coherence, correctness",-4,-1,-3,True,True,False
helpsteer2:07003,train,1,lower-bound Pareto dominance: correctness,1,1,1,True,True,False
helpsteer2:07004,train,1,"lower-bound Pareto dominance: coherence, correctness",3,1,2,True,True,False
helpsteer2:07005,train,-1,"lower-bound Pareto dominance: coherence, correctness",-2,-1,-2,True,True,False
helpsteer2:07006,train,1,lower-bound Pareto dominance: correctness,1,1,1,True,True,False
helpsteer2:07007,train,1,lower-bound Pareto dominance: correctness,1,1,1,True,True,False
helpsteer2:07008,train,1,lower-bound Pareto dominance: coherence,0,0,0,False,False,False
helpsteer2:07009,train,-1,lower-bound Pareto dominance: correctness,-2,-1,-2,True,True,False
helpsteer2:07010,train,-1,lower-bound Pareto dominance: correctness,-2,-1,-1,True,True,False
helpsteer2:07011,train,0,equivalent within epsilon,0,-1,-1,False,False,False
helpsteer2:07012,train,-1,"lower-bound Pareto dominance: coherence, correctness",-2,-1,-2,True,True,False
helpsteer2:07013,train,-1,lower-bound Pareto dominance: correctness,-2,-1,-2,True,True,False
helpsteer2:07014,train,-1,"lower-bound Pareto dominance: coherence, correctness",-1,-1,-1,True,True,False
helpsteer2:07015,train,-1,lower-bound Pareto dominance: correctness,-2,-1,-2,True,True,False
helpsteer2:07016,train,-1,"lower-bound Pareto dominance: coherence, correctness",-2,-1,-3,True,True,False
helpsteer2:07017,train,1,"lower-bound Pareto dominance: coherence, correctness",2,1,2,True,True,False
helpsteer2:07018,train,1,lower-bound Pareto dominance: correctness,4,1,3,True,True,False
helpsteer2:07019,train,1,"lower-bound Pareto dominance: coherence, correctness",3,1,3,True,True,False
helpsteer2:07020,train,0,equivalent within epsilon,0,1,1,False,False,False
helpsteer2:07021,train,1,"lower-bound Pareto dominance: coherence, correctness",4,1,3,True,True,False
helpsteer2:07022,train,0,cross-objective tradeoff,1,1,1,False,True,False
helpsteer2:07023,train,0,equivalent within epsilon,0,0,0,False,False,False
helpsteer2:07024,train,-1,"lower-bound Pareto dominance: coherence, correctness",-2,-1,-2,True,True,False
helpsteer2:07025,train,1,lower-bound Pareto dominance: correctness,4,1,3,True,True,False
helpsteer2:07026,train,1,"lower-bound Pareto dominance: coherence, correctness",4,1,3,True,True,False
helpsteer2:07027,train,-1,lower-bound Pareto dominance: correctness,-2,-1,-2,True,True,False
helpsteer2:07028,train,1,"lower-bound Pareto dominance: coherence, correctness",2,1,2,True,True,False
helpsteer2:07029,train,0,equivalent within epsilon,0,0,0,False,False,False
helpsteer2:07030,train,-1,lower-bound Pareto dominance: correctness,0,-1,-1,False,False,False
helpsteer2:07031,train,0,cross-objective tradeoff,-2,-1,-1,False,True,False
helpsteer2:07032,train,1,"lower-bound Pareto dominance: coherence, correctness",3,1,2,True,True,False
helpsteer2:07033,train,1,lower-bound Pareto dominance: correctness,3,1,3,True,True,False
helpsteer2:07034,train,1,lower-bound Pareto dominance: correctness,3,1,3,True,True,False
helpsteer2:07035,train,-1,lower-bound Pareto dominance: correctness,0,0,0,False,False,False
helpsteer2:07036,train,0,equivalent within epsilon,-1,0,0,False,True,False
helpsteer2:07037,train,1,lower-bound Pareto dominance: correctness,3,1,3,True,True,False
helpsteer2:07038,train,-1,lower-bound Pareto dominance: correctness,-1,0,0,True,True,False
helpsteer2:07039,train,-1,"lower-bound Pareto dominance: coherence, correctness",-1,-1,-1,True,True,False
helpsteer2:07040,train,0,equivalent within epsilon,0,0,0,False,False,False
helpsteer2:07041,train,1,"lower-bound Pareto dominance: coherence, correctness",4,1,3,True,True,False
helpsteer2:07042,train,-1,lower-bound Pareto dominance: correctness,-1,-1,-1,True,True,False
helpsteer2:07043,train,-1,lower-bound Pareto dominance: correctness,-2,-1,-1,True,True,False
helpsteer2:07044,train,-1,lower-bound Pareto dominance: correctness,-2,-1,-1,True,True,False
helpsteer2:07045,train,1,lower-bound Pareto dominance: correctness,0,0,0,False,False,False
helpsteer2:07046,train,1,"lower-bound Pareto dominance: coherence, correctness",2,1,2,True,True,False
helpsteer2:07047,train,-1,lower-bound Pareto dominance: correctness,-1,0,0,True,False,False
helpsteer2:07048,train,1,"lower-bound Pareto dominance: coherence, correctness",4,1,3,True,True,False
helpsteer2:07049,train,-1,"lower-bound Pareto dominance: coherence, correctness",-3,-1,-3,True,True,False
helpsteer2:07050,train,1,"lower-bound Pareto dominance: coherence, correctness",2,1,2,True,True,False
helpsteer2:07051,train,1,"lower-bound Pareto dominance: coherence, correctness",2,1,2,True,True,False
helpsteer2:07052,train,0,cross-objective tradeoff,0,-1,-1,False,False,False
helpsteer2:07053,train,-1,"lower-bound Pareto dominance: coherence, correctness",-1,-1,-2,True,True,False
helpsteer2:07054,train,0,cross-objective tradeoff,-3,-1,-2,False,True,False
helpsteer2:07055,train,0,equivalent within epsilon,0,0,0,False,False,False
helpsteer2:07056,train,-1,lower-bound Pareto dominance: correctness,-4,-1,-3,True,True,False
helpsteer2:07057,train,0,cross-objective tradeoff,1,-1,-2,False,True,False
helpsteer2:07058,train,1,lower-bound Pareto dominance: correctness,3,1,3,True,True,False
helpsteer2:07059,train,1,"lower-bound Pareto dominance: coherence, correctness",2,1,2,True,True,False
helpsteer2:07060,train,1,lower-bound Pareto dominance: correctness,1,1,1,True,True,False
helpsteer2:07061,train,0,cross-objective tradeoff,0,0,0,False,False,False
helpsteer2:07062,train,0,equivalent within epsilon,0,0,0,False,False,False
helpsteer2:07063,train,0,cross-objective tradeoff,0,0,0,False,False,False
helpsteer2:07064,train,1,lower-bound Pareto dominance: correctness,2,1,2,True,True,False
helpsteer2:07065,train,1,"lower-bound Pareto dominance: coherence, correctness",2,1,2,True,True,False
helpsteer2:07066,train,1,lower-bound Pareto dominance: correctness,3,1,3,True,True,False
helpsteer2:07067,train,1,"lower-bound Pareto dominance: coherence, correctness",2,1,2,True,True,False
helpsteer2:07068,train,1,lower-bound Pareto dominance: correctness,4,1,3,True,True,False
helpsteer2:07069,train,1,"lower-bound Pareto dominance: coherence, correctness",0,-1,-2,False,False,False
helpsteer2:07070,train,1,lower-bound Pareto dominance: correctness,3,1,3,True,True,False
helpsteer2:07071,train,-1,"lower-bound Pareto dominance: coherence, correctness",-3,-1,-3,True,True,False
helpsteer2:07072,train,1,lower-bound Pareto dominance: correctness,2,1,2,True,True,False
helpsteer2:07073,train,0,equivalent within epsilon,0,1,1,False,False,False
helpsteer2:07074,train,-1,lower-bound Pareto dominance: correctness,0,0,0,False,False,False
helpsteer2:07075,train,1,"lower-bound Pareto dominance: coherence, correctness",1,1,1,True,True,False
helpsteer2:07076,train,-1,lower-bound Pareto dominance: correctness,-3,-1,-3,True,True,False
helpsteer2:07077,train,1,lower-bound Pareto dominance: correctness,3,1,3,True,True,False
helpsteer2:07078,train,-1,"lower-bound Pareto dominance: coherence, correctness",-1,-1,-1,True,False,False
helpsteer2:07079,train,-1,lower-bound Pareto dominance: correctness,-3,-1,-3,True,True,False
helpsteer2:07080,train,1,"lower-bound Pareto dominance: coherence, correctness",3,1,3,True,True,False
helpsteer2:07081,train,-1,lower-bound Pareto dominance: coherence,-1,-1,-1,True,True,False
helpsteer2:07082,train,-1,lower-bound Pareto dominance: coherence,-1,-1,-1,True,True,False
helpsteer2:07083,train,-1,lower-bound Pareto dominance: correctness,-3,-1,-2,True,True,False
helpsteer2:07084,train,-1,"lower-bound Pareto dominance: coherence, correctness",-2,-1,-3,True,True,False
helpsteer2:07085,train,-1,lower-bound Pareto dominance: correctness,-1,-1,-1,True,True,False
helpsteer2:07086,train,0,equivalent within epsilon,0,1,1,False,False,False
helpsteer2:07087,train,-1,lower-bound Pareto dominance: correctness,-3,-1,-2,True,True,False
helpsteer2:07088,train,0,cross-objective tradeoff,-3,-1,-3,False,True,False
helpsteer2:07089,train,-1,"lower-bound Pareto dominance: coherence, correctness",-2,-1,-2,True,True,False
helpsteer2:07090,train,-1,lower-bound Pareto dominance: correctness,-1,0,0,True,True,False
helpsteer2:07091,train,1,"lower-bound Pareto dominance: coherence, correctness",2,1,2,True,True,False
helpsteer2:07092,train,1,lower-bound Pareto dominance: coherence,1,1,1,True,True,False
helpsteer2:07093,train,1,lower-bound Pareto dominance: correctness,2,1,2,True,True,False
helpsteer2:07094,train,1,lower-bound Pareto dominance: correctness,2,1,2,True,True,False
helpsteer2:07095,train,-1,"lower-bound Pareto dominance: coherence, correctness",-2,-1,-2,True,True,False
helpsteer2:07096,train,1,lower-bound Pareto dominance: correctness,2,1,1,True,True,False
helpsteer2:07097,train,0,equivalent within epsilon,-1,-1,-1,False,True,False
helpsteer2:07098,train,-1,lower-bound Pareto dominance: coherence,0,-1,-1,False,False,False
helpsteer2:07099,train,1,lower-bound Pareto dominance: correctness,2,1,2,True,True,False
helpsteer2:07100,train,-1,"lower-bound Pareto dominance: coherence, correctness",0,0,0,False,False,False
helpsteer2:07101,train,1,lower-bound Pareto dominance: correctness,3,1,3,True,True,False
helpsteer2:07102,train,1,"lower-bound Pareto dominance: coherence, correctness",2,1,2,True,True,False
helpsteer2:07103,train,-1,"lower-bound Pareto dominance: coherence, correctness",-2,-1,-2,True,True,False
helpsteer2:07104,train,-1,lower-bound Pareto dominance: correctness,-1,-1,-2,True,True,False
helpsteer2:07105,train,-1,lower-bound Pareto dominance: coherence,0,0,0,False,False,False
helpsteer2:07106,train,1,lower-bound Pareto dominance: correctness,2,1,2,True,True,False
helpsteer2:07107,train,-1,lower-bound Pareto dominance: correctness,-2,-1,-3,True,True,False
helpsteer2:07108,train,1,"lower-bound Pareto dominance: coherence, correctness",2,1,2,True,True,False
helpsteer2:07109,train,-1,"lower-bound Pareto dominance: coherence, correctness",0,-1,-2,False,False,False
helpsteer2:07110,train,-1,lower-bound Pareto dominance: correctness,-2,-1,-1,True,True,False
helpsteer2:07111,train,-1,"lower-bound Pareto dominance: coherence, correctness",-1,-1,-1,True,True,False
helpsteer2:07112,train,1,lower-bound Pareto dominance: correctness,1,1,1,True,True,False
helpsteer2:07113,train,1,lower-bound Pareto dominance: correctness,3,1,3,True,True,False
helpsteer2:07114,train,0,equivalent within epsilon,0,0,0,False,False,False
helpsteer2:07115,train,-1,"lower-bound Pareto dominance: coherence, correctness",-3,-1,-3,True,True,False
helpsteer2:07116,train,-1,"lower-bound Pareto dominance: coherence, correctness",-2,-1,-2,True,True,False
helpsteer2:07117,train,-1,lower-bound Pareto dominance: correctness,-2,-1,-2,True,True,False
helpsteer2:07118,train,1,"lower-bound Pareto dominance: coherence, correctness",2,1,1,True,True,False
helpsteer2:07119,train,1,"lower-bound Pareto dominance: coherence, correctness",3,1,2,True,True,False
helpsteer2:07120,train,-1,"lower-bound Pareto dominance: coherence, correctness",-4,-1,-3,True,True,False
helpsteer2:07121,train,0,equivalent within epsilon,-1,0,0,False,True,False
helpsteer2:07122,train,-1,lower-bound Pareto dominance: coherence,-1,0,0,True,True,False
helpsteer2:07123,train,0,equivalent within epsilon,0,0,0,False,False,False
helpsteer2:07124,train,-1,"lower-bound Pareto dominance: coherence, correctness",-2,-1,-2,True,True,False
helpsteer2:07125,train,1,lower-bound Pareto dominance: correctness,1,1,1,True,True,False
helpsteer2:07126,train,-1,lower-bound Pareto dominance: correctness,-1,-1,-1,True,True,False
helpsteer2:07127,train,-1,"lower-bound Pareto dominance: coherence, correctness",-4,-1,-3,True,True,False
helpsteer2:07128,train,1,"lower-bound Pareto dominance: coherence, correctness",3,1,3,True,True,False
helpsteer2:07129,train,1,lower-bound Pareto dominance: coherence,0,-1,-1,False,False,False
helpsteer2:07130,train,1,lower-bound Pareto dominance: coherence,1,1,1,True,False,False
helpsteer2:07131,train,-1,"lower-bound Pareto dominance: coherence, correctness",-4,-1,-2,True,True,False
helpsteer2:07132,train,1,"lower-bound Pareto dominance: coherence, correctness",2,1,2,True,True,False
helpsteer2:07133,train,1,"lower-bound Pareto dominance: coherence, correctness",2,1,3,True,True,False
helpsteer2:07134,train,-1,lower-bound Pareto dominance: correctness,-2,-1,-2,True,True,False
helpsteer2:07135,train,1,"lower-bound Pareto dominance: coherence, correctness",3,1,3,True,True,False
helpsteer2:07136,train,1,"lower-bound Pareto dominance: coherence, correctness",1,1,1,True,True,False
helpsteer2:07137,train,-1,lower-bound Pareto dominance: correctness,-4,-1,-3,True,True,False
helpsteer2:07138,train,1,"lower-bound Pareto dominance: coherence, correctness",1,1,1,True,True,False
helpsteer2:07139,train,1,"lower-bound Pareto dominance: coherence, correctness",1,0,0,True,True,False
helpsteer2:07140,train,-1,"lower-bound Pareto dominance: coherence, correctness",-1,-1,-1,True,False,False
helpsteer2:07141,train,-1,lower-bound Pareto dominance: correctness,-3,-1,-2,True,True,False
helpsteer2:07142,train,-1,"lower-bound Pareto dominance: coherence, correctness",-2,-1,-2,True,True,False
helpsteer2:07143,train,-1,lower-bound Pareto dominance: correctness,-3,-1,-3,True,True,False
helpsteer2:07144,train,-1,lower-bound Pareto dominance: correctness,-1,-1,-1,True,True,False
helpsteer2:07145,train,-1,"lower-bound Pareto dominance: coherence, correctness",-2,-1,-2,True,True,False
helpsteer2:07146,train,0,equivalent within epsilon,0,-1,-2,False,False,False
helpsteer2:07147,train,1,lower-bound Pareto dominance: correctness,2,1,2,True,True,False
helpsteer2:07148,train,1,"lower-bound Pareto dominance: coherence, correctness",2,1,2,True,True,False
helpsteer2:07149,train,-1,lower-bound Pareto dominance: correctness,-1,-1,-1,True,False,False
helpsteer2:07150,train,1,lower-bound Pareto dominance: correctness,1,0,0,True,True,False
helpsteer2:07151,train,-1,lower-bound Pareto dominance: coherence,-1,-1,-2,True,True,False
helpsteer2:07152,train,0,cross-objective tradeoff,1,1,2,False,True,False
helpsteer2:07153,train,1,"lower-bound Pareto dominance: coherence, correctness",3,1,3,True,True,False
helpsteer2:07154,train,0,equivalent within epsilon,0,0,0,False,False,False
helpsteer2:07155,train,-1,lower-bound Pareto dominance: correctness,-1,-1,-2,True,True,False
helpsteer2:07156,train,1,"lower-bound Pareto dominance: coherence, correctness",2,1,1,True,True,False
helpsteer2:07157,train,-1,"lower-bound Pareto dominance: coherence, correctness",-1,-1,-2,True,True,False
helpsteer2:07158,train,0,cross-objective tradeoff,1,1,2,False,True,False
helpsteer2:07159,train,0,equivalent within epsilon,0,1,1,False,False,False
helpsteer2:07160,train,-1,lower-bound Pareto dominance: correctness,-3,-1,-3,True,True,False
helpsteer2:07161,train,0,equivalent within epsilon,-1,-1,-1,False,True,False
helpsteer2:07162,train,-1,lower-bound Pareto dominance: correctness,-3,-1,-3,True,True,False
helpsteer2:07163,train,1,lower-bound Pareto dominance: correctness,2,1,2,True,True,False
helpsteer2:07164,train,0,equivalent within epsilon,0,0,0,False,False,False
helpsteer2:07165,train,-1,lower-bound Pareto dominance: correctness,-3,-1,-2,True,True,False
helpsteer2:07166,train,1,lower-bound Pareto dominance: correctness,2,1,2,True,True,False
helpsteer2:07167,train,-1,"lower-bound Pareto dominance: coherence, correctness",-2,-1,-2,True,True,False
helpsteer2:07168,train,1,"lower-bound Pareto dominance: coherence, correctness",2,1,2,True,True,False
helpsteer2:07169,train,1,"lower-bound Pareto dominance: coherence, correctness",2,1,1,True,True,False
helpsteer2:07170,train,-1,lower-bound Pareto dominance: correctness,-2,-1,-2,True,True,False
helpsteer2:07171,train,1,"lower-bound Pareto dominance: coherence, correctness",1,1,2,True,True,False
helpsteer2:07172,train,0,cross-objective tradeoff,-3,-1,-2,False,True,False
helpsteer2:07173,train,1,"lower-bound Pareto dominance: coherence, correctness",2,1,2,True,True,False
helpsteer2:07174,train,-1,lower-bound Pareto dominance: correctness,-2,-1,-1,True,True,False
helpsteer2:07175,train,1,lower-bound Pareto dominance: correctness,-1,-1,-1,True,True,False
helpsteer2:07176,train,1,lower-bound Pareto dominance: correctness,3,1,3,True,True,False
helpsteer2:07177,train,0,equivalent within epsilon,0,0,0,False,False,False
helpsteer2:07178,train,0,cross-objective tradeoff,0,0,0,False,False,False
helpsteer2:07179,train,1,lower-bound Pareto dominance: correctness,1,-1,-2,True,True,False
helpsteer2:07180,train,1,lower-bound Pareto dominance: correctness,2,1,2,True,True,False
helpsteer2:07181,train,0,equivalent within epsilon,0,0,0,False,False,False
helpsteer2:07182,train,1,lower-bound Pareto dominance: correctness,1,1,2,True,True,False
helpsteer2:07183,train,0,equivalent within epsilon,0,0,0,False,False,False
helpsteer2:07184,train,-1,"lower-bound Pareto dominance: coherence, correctness",-2,-1,-2,True,True,False
helpsteer2:07185,train,-1,lower-bound Pareto dominance: correctness,-2,-1,-3,True,True,False
helpsteer2:07186,train,1,"lower-bound Pareto dominance: coherence, correctness",2,1,1,True,True,False
helpsteer2:07187,train,1,"lower-bound Pareto dominance: coherence, correctness",2,1,2,True,True,False
helpsteer2:07188,train,0,cross-objective tradeoff,-2,-1,-2,False,True,False
helpsteer2:07189,train,0,cross-objective tradeoff,-2,-1,-3,False,True,False
helpsteer2:07190,train,0,equivalent within epsilon,0,0,0,False,False,False
helpsteer2:07191,train,-1,lower-bound Pareto dominance: coherence,0,0,0,False,False,False
helpsteer2:07192,train,0,equivalent within epsilon,0,0,0,False,False,False
helpsteer2:07193,train,1,"lower-bound Pareto dominance: coherence, correctness",4,1,3,True,True,False
helpsteer2:07194,train,-1,"lower-bound Pareto dominance: coherence, correctness",0,-1,-1,False,False,False
helpsteer2:07195,train,1,lower-bound Pareto dominance: correctness,4,1,3,True,True,False
helpsteer2:07196,train,-1,lower-bound Pareto dominance: correctness,-1,-1,-1,True,True,False
helpsteer2:07197,train,-1,lower-bound Pareto dominance: correctness,-3,-1,-3,True,True,False
helpsteer2:07198,train,1,lower-bound Pareto dominance: correctness,2,1,1,True,True,False
helpsteer2:07199,train,1,lower-bound Pareto dominance: correctness,2,0,0,True,True,False
helpsteer2:07200,train,1,lower-bound Pareto dominance: correctness,3,1,3,True,True,False
helpsteer2:07201,train,-1,"lower-bound Pareto dominance: coherence, correctness",-4,-1,-3,True,True,False
helpsteer2:07202,train,0,equivalent within epsilon,0,-1,-2,False,False,False
helpsteer2:07203,train,-1,lower-bound Pareto dominance: correctness,-1,0,0,True,True,False
helpsteer2:07204,train,1,lower-bound Pareto dominance: correctness,1,1,2,True,True,False
helpsteer2:07205,train,1,lower-bound Pareto dominance: correctness,1,1,1,True,False,False
helpsteer2:07206,train,1,lower-bound Pareto dominance: correctness,1,0,0,True,True,False
helpsteer2:07207,train,-1,"lower-bound Pareto dominance: coherence, correctness",-1,-1,-1,True,True,False
helpsteer2:07208,train,0,equivalent within epsilon,0,1,1,False,False,False
helpsteer2:07209,train,-1,lower-bound Pareto dominance: correctness,0,-1,-1,False,False,False
helpsteer2:07210,train,-1,lower-bound Pareto dominance: coherence,-1,-1,-1,True,True,False
helpsteer2:07211,train,-1,lower-bound Pareto dominance: correctness,-3,-1,-3,True,True,False
helpsteer2:07212,train,1,lower-bound Pareto dominance: correctness,2,1,2,True,True,False
helpsteer2:07213,train,0,equivalent within epsilon,0,0,0,False,False,False
helpsteer2:07214,train,1,lower-bound Pareto dominance: correctness,3,1,3,True,True,False
helpsteer2:07215,train,1,lower-bound Pareto dominance: correctness,0,0,0,False,False,False
helpsteer2:07216,train,1,"lower-bound Pareto dominance: coherence, correctness",1,1,1,True,True,False
helpsteer2:07217,train,1,lower-bound Pareto dominance: correctness,1,1,1,True,True,False
helpsteer2:07218,train,-1,lower-bound Pareto dominance: correctness,-1,0,0,True,True,False
helpsteer2:07219,train,0,cross-objective tradeoff,-1,-1,-1,False,False,False
helpsteer2:07220,train,-1,"lower-bound Pareto dominance: coherence, correctness",-2,-1,-2,True,True,False
helpsteer2:07221,train,1,lower-bound Pareto dominance: correctness,2,1,2,True,True,False
helpsteer2:07222,train,-1,lower-bound Pareto dominance: correctness,0,-1,-2,False,False,False
helpsteer2:07223,train,1,"lower-bound Pareto dominance: coherence, correctness",3,1,2,True,True,False
helpsteer2:07224,train,-1,"lower-bound Pareto dominance: coherence, correctness",-4,-1,-3,True,True,False
helpsteer2:07225,train,1,"lower-bound Pareto dominance: coherence, correctness",3,1,2,True,True,False
helpsteer2:07226,train,1,lower-bound Pareto dominance: correctness,2,1,3,True,True,False
helpsteer2:07227,train,1,lower-bound Pareto dominance: correctness,3,1,3,True,True,False
helpsteer2:07228,train,1,lower-bound Pareto dominance: correctness,4,1,3,True,True,False
helpsteer2:07229,train,0,equivalent within epsilon,0,-1,-1,False,False,False
helpsteer2:07230,train,1,lower-bound Pareto dominance: correctness,0,0,0,False,False,False
helpsteer2:07231,train,1,lower-bound Pareto dominance: correctness,3,1,1,True,True,False
helpsteer2:07232,train,-1,lower-bound Pareto dominance: correctness,-3,-1,-2,True,True,False
helpsteer2:07233,train,1,"lower-bound Pareto dominance: coherence, correctness",4,1,3,True,True,False
helpsteer2:07234,train,-1,lower-bound Pareto dominance: correctness,1,-1,-1,True,False,False
helpsteer2:07235,train,-1,"lower-bound Pareto dominance: coherence, correctness",-2,-1,-3,True,True,False
helpsteer2:07236,train,1,lower-bound Pareto dominance: correctness,2,1,2,True,True,False
helpsteer2:07237,train,1,lower-bound Pareto dominance: correctness,1,1,1,True,True,False
helpsteer2:07238,train,1,lower-bound Pareto dominance: correctness,2,1,2,True,True,False
helpsteer2:07239,train,1,lower-bound Pareto dominance: correctness,3,1,2,True,True,False
helpsteer2:07240,train,-1,"lower-bound Pareto dominance: coherence, correctness",-3,-1,-2,True,True,False
helpsteer2:07241,train,1,"lower-bound Pareto dominance: coherence, correctness",2,1,2,True,True,False
helpsteer2:07242,train,1,"lower-bound Pareto dominance: coherence, correctness",3,1,3,True,True,False
helpsteer2:07243,train,-1,"lower-bound Pareto dominance: coherence, correctness",-3,-1,-3,True,True,False
helpsteer2:07244,train,1,lower-bound Pareto dominance: coherence,0,1,1,False,False,False
helpsteer2:07245,train,1,"lower-bound Pareto dominance: coherence, correctness",4,1,3,True,True,False
helpsteer2:07246,train,1,lower-bound Pareto dominance: correctness,1,1,1,True,True,False
helpsteer2:07247,train,-1,lower-bound Pareto dominance: correctness,-3,-1,-3,True,True,False
helpsteer2:07248,train,1,lower-bound Pareto dominance: correctness,2,1,2,True,True,False
helpsteer2:07249,train,0,equivalent within epsilon,0,0,0,False,False,False
helpsteer2:07250,train,-1,lower-bound Pareto dominance: correctness,-4,-1,-3,True,True,False
helpsteer2:07251,train,-1,lower-bound Pareto dominance: correctness,-1,0,0,True,False,False
helpsteer2:07252,train,1,"lower-bound Pareto dominance: coherence, correctness",3,1,3,True,True,False
helpsteer2:07253,train,0,equivalent within epsilon,0,0,0,False,False,False
helpsteer2:07254,train,0,equivalent within epsilon,0,-1,-1,False,False,False
helpsteer2:07255,train,0,cross-objective tradeoff,1,1,2,False,True,False
helpsteer2:07256,train,1,lower-bound Pareto dominance: correctness,0,1,1,False,False,False
helpsteer2:07257,train,1,lower-bound Pareto dominance: correctness,2,1,2,True,True,False
helpsteer2:07258,train,-1,lower-bound Pareto dominance: coherence,0,0,0,False,False,False
helpsteer2:07259,train,-1,"lower-bound Pareto dominance: coherence, correctness",-2,-1,-2,True,True,False
helpsteer2:07260,train,-1,"lower-bound Pareto dominance: coherence, correctness",-1,-1,-1,True,True,False
helpsteer2:07261,train,0,equivalent within epsilon,0,0,0,False,False,False
helpsteer2:07262,train,1,"lower-bound Pareto dominance: coherence, correctness",4,1,3,True,True,False
helpsteer2:07263,train,1,lower-bound Pareto dominance: correctness,1,1,1,True,False,False
helpsteer2:07264,train,1,lower-bound Pareto dominance: correctness,1,1,1,True,True,False
helpsteer2:07265,train,0,equivalent within epsilon,0,0,0,False,False,False
helpsteer2:07266,train,-1,lower-bound Pareto dominance: correctness,-3,-1,-3,True,True,False
helpsteer2:07267,train,-1,lower-bound Pareto dominance: coherence,0,-1,-1,False,False,False
helpsteer2:07268,train,1,lower-bound Pareto dominance: correctness,2,1,2,True,True,False
helpsteer2:07269,train,1,"lower-bound Pareto dominance: coherence, correctness",4,1,3,True,True,False
helpsteer2:07270,train,-1,lower-bound Pareto dominance: correctness,-3,-1,-2,True,True,False
helpsteer2:07271,train,-1,"lower-bound Pareto dominance: coherence, correctness",-1,-1,-1,True,True,False
helpsteer2:07272,train,-1,"lower-bound Pareto dominance: coherence, correctness",-1,-1,-1,True,True,False
helpsteer2:07273,train,0,equivalent within epsilon,0,1,1,False,False,False
helpsteer2:07274,train,-1,"lower-bound Pareto dominance: coherence, correctness",-2,-1,-2,True,True,False
helpsteer2:07275,train,-1,lower-bound Pareto dominance: correctness,-4,-1,-3,True,True,False
helpsteer2:07276,train,1,"lower-bound Pareto dominance: coherence, correctness",3,1,3,True,True,False
helpsteer2:07277,train,-1,lower-bound Pareto dominance: correctness,-4,-1,-3,True,True,False
helpsteer2:07278,train,1,lower-bound Pareto dominance: correctness,3,1,3,True,True,False
helpsteer2:07279,train,1,"lower-bound Pareto dominance: coherence, correctness",3,1,3,True,True,False
helpsteer2:07280,train,-1,"lower-bound Pareto dominance: coherence, correctness",-2,-1,-2,True,True,False
helpsteer2:07281,train,1,lower-bound Pareto dominance: correctness,1,0,0,True,False,False
helpsteer2:07282,train,0,equivalent within epsilon,1,-1,-1,False,True,False
helpsteer2:07283,train,-1,lower-bound Pareto dominance: correctness,-1,-1,-1,True,True,False
helpsteer2:07284,train,1,lower-bound Pareto dominance: correctness,1,0,0,True,True,False
helpsteer2:07285,train,-1,"lower-bound Pareto dominance: coherence, correctness",-1,-1,-1,True,True,False
helpsteer2:07286,train,-1,"lower-bound Pareto dominance: coherence, correctness",-1,-1,-1,True,False,False
helpsteer2:07287,train,-1,"lower-bound Pareto dominance: coherence, correctness",-1,-1,-1,True,False,False
helpsteer2:07288,train,-1,"lower-bound Pareto dominance: coherence, correctness",-2,-1,-1,True,True,False
helpsteer2:07289,train,1,lower-bound Pareto dominance: correctness,2,1,2,True,True,False
helpsteer2:07290,train,0,equivalent within epsilon,3,1,2,False,True,False
helpsteer2:07291,train,1,lower-bound Pareto dominance: correctness,1,1,1,True,True,False
helpsteer2:07292,train,1,lower-bound Pareto dominance: correctness,2,1,2,True,True,False
helpsteer2:07293,train,1,lower-bound Pareto dominance: correctness,3,1,2,True,True,False
helpsteer2:07294,train,1,lower-bound Pareto dominance: correctness,3,1,3,True,True,False
helpsteer2:07295,train,0,cross-objective tradeoff,-1,0,0,False,True,False
helpsteer2:07296,train,-1,"lower-bound Pareto dominance: coherence, correctness",-2,-1,-2,True,True,False
helpsteer2:07297,train,0,equivalent within epsilon,0,0,0,False,False,False
helpsteer2:07298,train,1,lower-bound Pareto dominance: correctness,2,1,1,True,True,False
helpsteer2:07299,train,-1,"lower-bound Pareto dominance: coherence, correctness",-3,-1,-3,True,True,False
helpsteer2:07300,train,1,"lower-bound Pareto dominance: coherence, correctness",1,1,1,True,True,False
helpsteer2:07301,train,1,lower-bound Pareto dominance: correctness,2,1,2,True,True,False
helpsteer2:07302,train,-1,lower-bound Pareto dominance: correctness,-1,-1,-1,True,True,False
helpsteer2:07303,train,-1,lower-bound Pareto dominance: correctness,-2,-1,-2,True,True,False
helpsteer2:07304,train,1,"lower-bound Pareto dominance: coherence, correctness",3,1,3,True,True,False
helpsteer2:07305,train,0,equivalent within epsilon,0,1,1,False,False,False
helpsteer2:07306,train,1,"lower-bound Pareto dominance: coherence, correctness",1,1,1,True,True,False
helpsteer2:07307,train,-1,"lower-bound Pareto dominance: coherence, correctness",-1,-1,-1,True,True,False
helpsteer2:07308,train,1,"lower-bound Pareto dominance: coherence, correctness",3,1,2,True,True,False
helpsteer2:07309,train,-1,"lower-bound Pareto dominance: coherence, correctness",-2,-1,-2,True,True,False
helpsteer2:07310,train,1,"lower-bound Pareto dominance: coherence, correctness",4,1,3,True,True,False
helpsteer2:07311,train,1,lower-bound Pareto dominance: correctness,1,1,2,True,True,False
helpsteer2:07312,train,1,lower-bound Pareto dominance: correctness,1,1,2,True,True,False
helpsteer2:07313,train,-1,"lower-bound Pareto dominance: coherence, correctness",-2,-1,-1,True,True,False
helpsteer2:07314,train,0,cross-objective tradeoff,-1,-1,-1,False,False,False
helpsteer2:07315,train,-1,lower-bound Pareto dominance: correctness,-3,-1,-2,True,True,False
helpsteer2:07316,train,1,"lower-bound Pareto dominance: coherence, correctness",2,1,2,True,True,False
helpsteer2:07317,train,-1,lower-bound Pareto dominance: correctness,-3,-1,-3,True,True,False
helpsteer2:07318,train,1,lower-bound Pareto dominance: correctness,1,1,2,True,True,False
helpsteer2:07319,train,1,lower-bound Pareto dominance: correctness,3,1,2,True,True,False
helpsteer2:07320,train,-1,lower-bound Pareto dominance: correctness,-1,-1,-2,True,True,False
helpsteer2:07321,train,1,"lower-bound Pareto dominance: coherence, correctness",1,1,1,True,True,False
helpsteer2:07322,train,1,lower-bound Pareto dominance: correctness,3,1,3,True,True,False
helpsteer2:07323,train,0,equivalent within epsilon,-1,-1,-1,False,True,False
helpsteer2:07324,train,0,equivalent within epsilon,0,0,0,False,False,False
helpsteer2:07325,train,1,"lower-bound Pareto dominance: coherence, correctness",1,1,2,True,True,False
helpsteer2:07326,train,0,equivalent within epsilon,0,0,0,False,False,False
helpsteer2:07327,train,-1,lower-bound Pareto dominance: correctness,-3,-1,-3,True,True,False
helpsteer2:07328,train,0,equivalent within epsilon,0,0,0,False,False,False
helpsteer2:07329,train,1,lower-bound Pareto dominance: coherence,0,1,1,False,False,False
helpsteer2:07330,train,1,lower-bound Pareto dominance: correctness,1,1,2,True,False,False
helpsteer2:07331,train,0,equivalent within epsilon,0,0,0,False,False,False
helpsteer2:07332,train,-1,"lower-bound Pareto dominance: coherence, correctness",-1,-1,-1,True,False,False
helpsteer2:07333,train,-1,"lower-bound Pareto dominance: coherence, correctness",-2,-1,-2,True,True,False
helpsteer2:07334,train,0,cross-objective tradeoff,1,1,1,False,True,False
helpsteer2:07335,train,-1,"lower-bound Pareto dominance: coherence, correctness",-2,-1,-2,True,True,False
helpsteer2:07336,train,-1,lower-bound Pareto dominance: correctness,-1,-1,-1,True,True,False
helpsteer2:07337,train,-1,lower-bound Pareto dominance: correctness,-1,0,0,True,True,False
helpsteer2:07338,train,1,lower-bound Pareto dominance: correctness,2,1,2,True,True,False
helpsteer2:07339,train,1,"lower-bound Pareto dominance: coherence, correctness",4,1,3,True,True,False
helpsteer2:07340,train,1,"lower-bound Pareto dominance: coherence, correctness",2,1,3,True,True,False
helpsteer2:07341,train,1,lower-bound Pareto dominance: correctness,3,1,3,True,True,False
helpsteer2:07342,train,0,equivalent within epsilon,0,1,1,False,False,False
helpsteer2:07343,train,1,lower-bound Pareto dominance: correctness,1,1,1,True,False,False
helpsteer2:07344,train,1,lower-bound Pareto dominance: coherence,0,0,0,False,False,False
helpsteer2:07345,train,1,lower-bound Pareto dominance: correctness,2,1,2,True,True,False
helpsteer2:07346,train,0,equivalent within epsilon,-1,0,0,False,False,False
helpsteer2:07347,train,-1,"lower-bound Pareto dominance: coherence, correctness",-3,-1,-3,True,True,False
helpsteer2:07348,train,-1,lower-bound Pareto dominance: correctness,-3,-1,-3,True,True,False
helpsteer2:07349,train,-1,lower-bound Pareto dominance: correctness,0,-1,-2,False,False,False
helpsteer2:07350,train,-1,"lower-bound Pareto dominance: coherence, correctness",-1,-1,-1,True,True,False
helpsteer2:07351,train,-1,lower-bound Pareto dominance: correctness,-1,-1,-1,True,True,False
helpsteer2:07352,train,1,lower-bound Pareto dominance: correctness,3,1,3,True,True,False
helpsteer2:07353,train,0,cross-objective tradeoff,0,0,0,False,False,False
helpsteer2:07354,train,-1,"lower-bound Pareto dominance: coherence, correctness",-1,-1,-1,True,True,False
helpsteer2:07355,train,-1,"lower-bound Pareto dominance: coherence, correctness",-1,-1,-1,True,True,False
helpsteer2:07356,train,-1,lower-bound Pareto dominance: correctness,-1,-1,-1,True,True,False
helpsteer2:07357,train,0,equivalent within epsilon,0,1,1,False,False,False
helpsteer2:07358,train,-1,lower-bound Pareto dominance: correctness,-4,-1,-3,True,True,False
helpsteer2:07359,train,1,lower-bound Pareto dominance: correctness,1,1,1,True,True,False
helpsteer2:07360,train,0,equivalent within epsilon,0,-1,-2,False,False,False
helpsteer2:07361,train,0,equivalent within epsilon,-1,1,2,False,True,False
helpsteer2:07362,train,0,equivalent within epsilon,0,0,0,False,False,False
helpsteer2:07363,train,0,equivalent within epsilon,0,0,0,False,False,False
helpsteer2:07364,train,-1,"lower-bound Pareto dominance: coherence, correctness",1,-1,-3,True,False,False
helpsteer2:07365,train,1,lower-bound Pareto dominance: coherence,2,1,2,True,True,False
helpsteer2:07366,train,1,lower-bound Pareto dominance: correctness,1,1,1,True,False,False
helpsteer2:07367,train,1,"lower-bound Pareto dominance: coherence, correctness",2,1,2,True,True,False
helpsteer2:07368,train,0,equivalent within epsilon,0,0,0,False,False,False
helpsteer2:07369,train,1,lower-bound Pareto dominance: correctness,1,1,1,True,False,False
helpsteer2:07370,train,-1,lower-bound Pareto dominance: correctness,-1,-1,-1,True,True,False
helpsteer2:07371,train,0,equivalent within epsilon,0,0,0,False,False,False
helpsteer2:07372,train,-1,lower-bound Pareto dominance: correctness,-1,-1,-1,True,True,False
helpsteer2:07373,train,-1,lower-bound Pareto dominance: coherence,0,1,1,False,False,False
helpsteer2:07374,train,1,"lower-bound Pareto dominance: coherence, correctness",3,1,3,True,True,False
helpsteer2:07375,train,1,lower-bound Pareto dominance: correctness,2,1,2,True,True,False
helpsteer2:07376,train,-1,"lower-bound Pareto dominance: coherence, correctness",-2,-1,-3,True,True,False
helpsteer2:07377,train,1,lower-bound Pareto dominance: correctness,1,1,1,True,True,False
helpsteer2:07378,train,-1,"lower-bound Pareto dominance: coherence, correctness",-3,-1,-3,True,True,False
helpsteer2:07379,train,1,lower-bound Pareto dominance: correctness,0,1,1,False,False,False
helpsteer2:07380,train,1,lower-bound Pareto dominance: correctness,1,1,1,True,False,False
helpsteer2:07381,train,-1,lower-bound Pareto dominance: correctness,0,-1,-2,False,False,False
helpsteer2:07382,train,0,equivalent within epsilon,0,-1,-1,False,False,False
helpsteer2:07383,train,-1,"lower-bound Pareto dominance: coherence, correctness",-2,-1,-2,True,True,False
helpsteer2:07384,train,1,lower-bound Pareto dominance: correctness,3,1,2,True,True,False
helpsteer2:07385,train,1,"lower-bound Pareto dominance: coherence, correctness",4,1,3,True,True,False
helpsteer2:07386,train,1,"lower-bound Pareto dominance: coherence, correctness",1,1,1,True,True,False
helpsteer2:07387,train,1,lower-bound Pareto dominance: correctness,3,1,2,True,True,False
helpsteer2:07388,train,-1,lower-bound Pareto dominance: correctness,-4,-1,-3,True,True,False
helpsteer2:07389,train,1,lower-bound Pareto dominance: correctness,2,1,2,True,True,False
helpsteer2:07390,train,-1,lower-bound Pareto dominance: correctness,-3,-1,-3,True,True,False
helpsteer2:07391,train,1,lower-bound Pareto dominance: correctness,3,1,3,True,True,False
helpsteer2:07392,train,1,lower-bound Pareto dominance: correctness,2,1,2,True,True,False
helpsteer2:07393,train,0,equivalent within epsilon,0,1,1,False,False,False
helpsteer2:07394,train,1,lower-bound Pareto dominance: correctness,-1,1,2,True,True,False
helpsteer2:07395,train,-1,"lower-bound Pareto dominance: coherence, correctness",-2,-1,-1,True,True,False
helpsteer2:07396,train,-1,lower-bound Pareto dominance: correctness,-1,-1,-1,True,False,False
helpsteer2:07397,train,-1,lower-bound Pareto dominance: correctness,-1,-1,-2,True,True,False
helpsteer2:07398,train,-1,lower-bound Pareto dominance: correctness,-3,-1,-3,True,True,False
helpsteer2:07399,train,-1,"lower-bound Pareto dominance: coherence, correctness",-4,-1,-3,True,True,False
helpsteer2:07400,train,1,lower-bound Pareto dominance: correctness,3,1,3,True,True,False
helpsteer2:07401,train,0,equivalent within epsilon,1,0,0,False,True,False
helpsteer2:07402,train,0,equivalent within epsilon,3,1,3,False,True,False
helpsteer2:07403,train,-1,"lower-bound Pareto dominance: coherence, correctness",-4,-1,-3,True,True,False
helpsteer2:07404,train,0,equivalent within epsilon,0,1,1,False,False,False
helpsteer2:07405,train,1,"lower-bound Pareto dominance: coherence, correctness",3,1,3,True,True,False
helpsteer2:07406,train,1,"lower-bound Pareto dominance: coherence, correctness",2,1,2,True,True,False
helpsteer2:07407,train,-1,lower-bound Pareto dominance: correctness,-2,-1,-2,True,True,False
helpsteer2:07408,train,-1,"lower-bound Pareto dominance: coherence, correctness",-4,-1,-3,True,True,False
helpsteer2:07409,train,-1,lower-bound Pareto dominance: correctness,-3,-1,-3,True,True,False
helpsteer2:07410,train,1,lower-bound Pareto dominance: correctness,1,1,1,True,True,False
helpsteer2:07411,train,-1,"lower-bound Pareto dominance: coherence, correctness",-3,-1,-3,True,True,False
helpsteer2:07412,train,0,equivalent within epsilon,-1,-1,-1,False,True,False
helpsteer2:07413,train,1,lower-bound Pareto dominance: correctness,1,1,1,True,True,False
helpsteer2:07414,train,1,"lower-bound Pareto dominance: coherence, correctness",3,1,2,True,True,False
helpsteer2:07415,train,0,equivalent within epsilon,-1,-1,-1,False,True,False
helpsteer2:07416,train,1,"lower-bound Pareto dominance: coherence, correctness",2,1,2,True,True,False
helpsteer2:07417,train,-1,lower-bound Pareto dominance: correctness,-1,-1,-1,True,True,False
helpsteer2:07418,train,1,lower-bound Pareto dominance: correctness,1,1,1,True,False,False
helpsteer2:07419,train,0,equivalent within epsilon,0,1,1,False,False,False
helpsteer2:07420,train,-1,"lower-bound Pareto dominance: coherence, correctness",-4,-1,-3,True,True,False
helpsteer2:07421,train,-1,"lower-bound Pareto dominance: coherence, correctness",-1,-1,-2,True,False,False
helpsteer2:07422,train,-1,"lower-bound Pareto dominance: coherence, correctness",-2,-1,-2,True,True,False
helpsteer2:07423,train,1,lower-bound Pareto dominance: correctness,3,1,3,True,True,False
helpsteer2:07424,train,1,lower-bound Pareto dominance: correctness,0,1,2,False,False,False
helpsteer2:07425,train,-1,"lower-bound Pareto dominance: coherence, correctness",-3,-1,-3,True,True,False
helpsteer2:07426,train,0,equivalent within epsilon,0,1,1,False,False,False
helpsteer2:07427,train,1,"lower-bound Pareto dominance: coherence, correctness",1,1,1,True,True,False
helpsteer2:07428,train,0,equivalent within epsilon,0,0,0,False,False,False
helpsteer2:07429,train,1,lower-bound Pareto dominance: correctness,1,1,1,True,True,False
helpsteer2:07430,train,1,lower-bound Pareto dominance: correctness,1,1,1,True,True,False
helpsteer2:07431,train,-1,lower-bound Pareto dominance: correctness,-4,-1,-3,True,True,False
helpsteer2:07432,train,1,lower-bound Pareto dominance: correctness,3,1,3,True,True,False
helpsteer2:07433,train,-1,"lower-bound Pareto dominance: coherence, correctness",-1,-1,-2,True,True,False
helpsteer2:07434,train,-1,"lower-bound Pareto dominance: coherence, correctness",-1,-1,-1,True,True,False
helpsteer2:07435,train,-1,lower-bound Pareto dominance: correctness,-2,-1,-1,True,True,False
helpsteer2:07436,train,-1,lower-bound Pareto dominance: correctness,-2,-1,-2,True,True,False
helpsteer2:07437,train,0,equivalent within epsilon,0,0,0,False,False,False
helpsteer2:07438,train,0,equivalent within epsilon,0,1,1,False,False,False
helpsteer2:07439,train,-1,lower-bound Pareto dominance: correctness,-2,-1,-2,True,True,False
helpsteer2:07440,train,-1,lower-bound Pareto dominance: correctness,-1,-1,-1,True,True,False
helpsteer2:07441,train,-1,lower-bound Pareto dominance: correctness,-1,-1,-1,True,True,False
helpsteer2:07442,train,-1,"lower-bound Pareto dominance: coherence, correctness",-2,-1,-2,True,True,False
helpsteer2:07443,train,1,lower-bound Pareto dominance: correctness,3,1,2,True,True,False
helpsteer2:07444,train,1,"lower-bound Pareto dominance: coherence, correctness",1,1,2,True,True,False
helpsteer2:07445,train,1,"lower-bound Pareto dominance: coherence, correctness",4,1,3,True,True,False
helpsteer2:07446,train,1,"lower-bound Pareto dominance: coherence, correctness",3,1,2,True,True,False
helpsteer2:07447,train,1,"lower-bound Pareto dominance: coherence, correctness",2,1,2,True,True,False
helpsteer2:07448,train,1,"lower-bound Pareto dominance: coherence, correctness",3,1,3,True,True,False
helpsteer2:07449,train,-1,"lower-bound Pareto dominance: coherence, correctness",-1,-1,-1,True,True,False
helpsteer2:07450,train,-1,lower-bound Pareto dominance: correctness,-2,-1,-2,True,True,False
helpsteer2:07451,train,-1,lower-bound Pareto dominance: correctness,-1,-1,-1,True,True,False
helpsteer2:07452,train,1,lower-bound Pareto dominance: correctness,4,1,3,True,True,False
helpsteer2:07453,train,1,"lower-bound Pareto dominance: coherence, correctness",0,0,0,False,False,False
helpsteer2:07454,train,1,lower-bound Pareto dominance: correctness,3,1,2,True,True,False
helpsteer2:07455,train,1,lower-bound Pareto dominance: correctness,4,1,3,True,True,False
helpsteer2:07456,train,1,"lower-bound Pareto dominance: coherence, correctness",4,1,3,True,True,False
helpsteer2:07457,train,0,equivalent within epsilon,0,0,0,False,False,False
helpsteer2:07458,train,1,"lower-bound Pareto dominance: coherence, correctness",1,1,1,True,True,False
helpsteer2:07459,train,-1,lower-bound Pareto dominance: correctness,-2,1,1,True,True,False
helpsteer2:07460,train,-1,"lower-bound Pareto dominance: coherence, correctness",-4,-1,-3,True,True,False
helpsteer2:07461,train,0,equivalent within epsilon,-1,-1,-2,False,True,False
helpsteer2:07462,train,-1,lower-bound Pareto dominance: correctness,-1,-1,-2,True,False,False
helpsteer2:07463,train,-1,"lower-bound Pareto dominance: coherence, correctness",-2,-1,-2,True,True,False
helpsteer2:07464,train,-1,lower-bound Pareto dominance: correctness,-1,-1,-1,True,True,False
helpsteer2:07465,train,1,lower-bound Pareto dominance: correctness,1,1,1,True,True,False
helpsteer2:07466,train,-1,"lower-bound Pareto dominance: coherence, correctness",-2,-1,-2,True,True,False
helpsteer2:07467,train,0,equivalent within epsilon,2,1,2,False,True,False
helpsteer2:07468,train,0,cross-objective tradeoff,0,0,0,False,False,False
helpsteer2:07469,train,1,lower-bound Pareto dominance: correctness,1,0,0,True,False,False
helpsteer2:07470,train,0,equivalent within epsilon,0,-1,-2,False,False,False
helpsteer2:07471,train,-1,lower-bound Pareto dominance: correctness,-1,-1,-1,True,True,False
helpsteer2:07472,train,-1,lower-bound Pareto dominance: correctness,0,-1,-1,False,False,False
helpsteer2:07473,train,1,lower-bound Pareto dominance: correctness,1,1,2,True,True,False
helpsteer2:07474,train,1,"lower-bound Pareto dominance: coherence, correctness",0,0,0,False,False,False
helpsteer2:07475,train,-1,"lower-bound Pareto dominance: coherence, correctness",-3,-1,-2,True,True,False
helpsteer2:07476,train,0,equivalent within epsilon,0,1,1,False,False,False
helpsteer2:07477,train,0,equivalent within epsilon,0,1,2,False,False,False
helpsteer2:07478,train,0,cross-objective tradeoff,1,1,1,False,True,False
helpsteer2:07479,train,1,"lower-bound Pareto dominance: coherence, correctness",2,1,3,True,True,False
helpsteer2:07480,train,-1,lower-bound Pareto dominance: correctness,-1,-1,-1,True,True,False
helpsteer2:07481,train,1,"lower-bound Pareto dominance: coherence, correctness",2,1,2,True,True,False
helpsteer2:07482,train,0,equivalent within epsilon,0,1,1,False,False,False
helpsteer2:07483,train,0,equivalent within epsilon,0,1,1,False,False,False
helpsteer2:07484,train,1,lower-bound Pareto dominance: correctness,0,1,1,False,False,False
helpsteer2:07485,train,-1,lower-bound Pareto dominance: correctness,-1,-1,-2,True,True,False
helpsteer2:07486,train,1,lower-bound Pareto dominance: correctness,2,1,2,True,True,False
helpsteer2:07487,train,1,"lower-bound Pareto dominance: coherence, correctness",2,1,2,True,True,False
helpsteer2:07488,train,-1,"lower-bound Pareto dominance: coherence, correctness",-2,-1,-2,True,True,False
helpsteer2:07489,train,1,lower-bound Pareto dominance: correctness,2,0,0,True,True,False
helpsteer2:07490,train,1,lower-bound Pareto dominance: correctness,1,0,0,True,True,False
helpsteer2:07491,train,0,equivalent within epsilon,0,0,0,False,False,False
helpsteer2:07492,train,1,"lower-bound Pareto dominance: coherence, correctness",2,1,2,True,True,False
helpsteer2:07493,train,0,cross-objective tradeoff,-2,-1,-2,False,True,False
helpsteer2:07494,train,0,equivalent within epsilon,-2,-1,-2,False,True,False
helpsteer2:07495,train,-1,lower-bound Pareto dominance: correctness,-4,-1,-3,True,True,False
helpsteer2:07496,train,1,"lower-bound Pareto dominance: coherence, correctness",1,1,1,True,True,False
helpsteer2:07497,train,-1,"lower-bound Pareto dominance: coherence, correctness",-2,-1,-2,True,True,False
helpsteer2:07498,train,1,"lower-bound Pareto dominance: coherence, correctness",3,1,2,True,True,False
helpsteer2:07499,train,1,lower-bound Pareto dominance: correctness,2,1,2,True,True,False
helpsteer2:07500,train,1,lower-bound Pareto dominance: correctness,1,1,1,True,True,False
helpsteer2:07501,train,1,lower-bound Pareto dominance: correctness,1,1,1,True,True,False
helpsteer2:07502,train,0,equivalent within epsilon,0,0,0,False,False,False
helpsteer2:07503,train,1,"lower-bound Pareto dominance: coherence, correctness",3,1,3,True,True,False
helpsteer2:07504,train,-1,lower-bound Pareto dominance: correctness,0,0,0,False,False,False
helpsteer2:07505,train,-1,lower-bound Pareto dominance: correctness,-1,-1,-1,True,False,False
helpsteer2:07506,train,0,equivalent within epsilon,0,0,0,False,False,False
helpsteer2:07507,train,0,equivalent within epsilon,0,0,0,False,False,False
helpsteer2:07508,train,-1,lower-bound Pareto dominance: correctness,-2,1,2,True,True,False
helpsteer2:07509,train,1,lower-bound Pareto dominance: correctness,3,1,2,True,True,False
helpsteer2:07510,train,-1,"lower-bound Pareto dominance: coherence, correctness",-2,-1,-2,True,True,False
helpsteer2:07511,train,0,cross-objective tradeoff,-1,-1,-2,False,True,False
helpsteer2:07512,train,-1,lower-bound Pareto dominance: correctness,-2,-1,-2,True,True,False
helpsteer2:07513,train,-1,lower-bound Pareto dominance: correctness,-1,-1,-2,True,False,False
helpsteer2:07514,train,0,equivalent within epsilon,0,-1,-2,False,False,False
helpsteer2:07515,train,0,equivalent within epsilon,0,0,0,False,False,False
helpsteer2:07516,train,-1,lower-bound Pareto dominance: correctness,-1,-1,-1,True,True,False
helpsteer2:07517,train,-1,lower-bound Pareto dominance: correctness,-1,0,0,True,True,False
helpsteer2:07518,train,-1,lower-bound Pareto dominance: correctness,0,-1,-1,False,False,False
helpsteer2:07519,train,1,lower-bound Pareto dominance: correctness,3,1,1,True,True,False
helpsteer2:07520,train,-1,"lower-bound Pareto dominance: coherence, correctness",-3,-1,-2,True,True,False
helpsteer2:07521,train,0,equivalent within epsilon,0,-1,-1,False,False,False
helpsteer2:07522,train,-1,lower-bound Pareto dominance: correctness,-3,-1,-2,True,True,False
helpsteer2:07523,train,1,lower-bound Pareto dominance: correctness,2,1,2,True,True,False
helpsteer2:07524,train,0,equivalent within epsilon,0,-1,-1,False,False,False
helpsteer2:07525,train,1,lower-bound Pareto dominance: correctness,1,1,1,True,False,False
helpsteer2:07526,train,-1,lower-bound Pareto dominance: correctness,-3,-1,-3,True,True,False
helpsteer2:07527,train,-1,"lower-bound Pareto dominance: coherence, correctness",-1,-1,-1,True,False,False
helpsteer2:07528,train,1,"lower-bound Pareto dominance: coherence, correctness",1,1,1,True,True,False
helpsteer2:07529,train,1,lower-bound Pareto dominance: correctness,3,1,3,True,True,False
helpsteer2:07530,train,-1,lower-bound Pareto dominance: correctness,-1,-1,-1,True,True,False
helpsteer2:07531,train,-1,"lower-bound Pareto dominance: coherence, correctness",-2,-1,-2,True,True,False
helpsteer2:07532,train,0,equivalent within epsilon,0,1,1,False,False,False
helpsteer2:07533,train,0,equivalent within epsilon,0,0,0,False,False,False
helpsteer2:07534,train,-1,lower-bound Pareto dominance: correctness,0,-1,-1,False,False,False
helpsteer2:07535,train,1,lower-bound Pareto dominance: coherence,-1,-1,-1,True,False,False
helpsteer2:07536,train,-1,"lower-bound Pareto dominance: coherence, correctness",-2,-1,-2,True,True,False
helpsteer2:07537,train,-1,"lower-bound Pareto dominance: coherence, correctness",-3,-1,-3,True,True,False
helpsteer2:07538,train,1,lower-bound Pareto dominance: correctness,3,1,3,True,True,False
helpsteer2:07539,train,1,lower-bound Pareto dominance: coherence,1,0,0,True,True,False
helpsteer2:07540,train,0,equivalent within epsilon,0,0,0,False,False,False
helpsteer2:07541,train,-1,"lower-bound Pareto dominance: coherence, correctness",-2,-1,-2,True,True,False
helpsteer2:07542,train,-1,lower-bound Pareto dominance: correctness,0,0,0,False,False,False
helpsteer2:07543,train,0,equivalent within epsilon,0,-1,-2,False,False,False
helpsteer2:07544,train,0,equivalent within epsilon,0,0,0,False,False,False
helpsteer2:07545,train,-1,lower-bound Pareto dominance: correctness,-1,1,2,True,True,False
helpsteer2:07546,train,1,"lower-bound Pareto dominance: coherence, correctness",4,1,3,True,True,False
helpsteer2:07547,train,1,lower-bound Pareto dominance: correctness,3,1,2,True,True,False
helpsteer2:07548,train,0,equivalent within epsilon,0,0,0,False,False,False
helpsteer2:07549,train,-1,lower-bound Pareto dominance: correctness,-2,-1,-2,True,True,False
helpsteer2:07550,train,1,lower-bound Pareto dominance: correctness,1,1,1,True,True,False
helpsteer2:07551,train,0,equivalent within epsilon,0,0,0,False,False,False
helpsteer2:07552,train,-1,lower-bound Pareto dominance: coherence,-1,-1,-1,True,True,False
helpsteer2:07553,train,0,equivalent within epsilon,0,-1,-1,False,False,False
helpsteer2:07554,train,-1,lower-bound Pareto dominance: correctness,-1,0,0,True,True,False
helpsteer2:07555,train,-1,lower-bound Pareto dominance: correctness,-2,-1,-1,True,True,False
helpsteer2:07556,train,0,equivalent within epsilon,0,1,1,False,False,False
helpsteer2:07557,train,-1,"lower-bound Pareto dominance: coherence, correctness",-2,-1,-2,True,True,False
helpsteer2:07558,train,0,equivalent within epsilon,0,-1,-1,False,False,False
helpsteer2:07559,train,1,lower-bound Pareto dominance: correctness,2,1,2,True,True,False
helpsteer2:07560,train,0,equivalent within epsilon,0,0,0,False,False,False
helpsteer2:07561,train,-1,lower-bound Pareto dominance: correctness,1,1,1,True,True,False
helpsteer2:07562,train,1,lower-bound Pareto dominance: coherence,0,1,1,False,False,False
helpsteer2:07563,train,1,lower-bound Pareto dominance: correctness,1,0,0,True,True,False
helpsteer2:07564,train,1,lower-bound Pareto dominance: correctness,0,1,1,False,False,False
helpsteer2:07565,train,1,lower-bound Pareto dominance: coherence,0,1,1,False,False,False
helpsteer2:07566,train,0,equivalent within epsilon,-1,-1,-1,False,False,False
helpsteer2:07567,train,-1,"lower-bound Pareto dominance: coherence, correctness",-1,-1,-1,True,True,False
helpsteer2:07568,train,1,"lower-bound Pareto dominance: coherence, correctness",4,1,3,True,True,False
helpsteer2:07569,train,1,lower-bound Pareto dominance: coherence,0,-1,-1,False,False,False
helpsteer2:07570,train,0,equivalent within epsilon,-1,0,0,False,True,False
helpsteer2:07571,train,0,equivalent within epsilon,0,1,1,False,False,False
helpsteer2:07572,train,0,equivalent within epsilon,0,-1,-2,False,False,False
helpsteer2:07573,train,-1,lower-bound Pareto dominance: correctness,-1,-1,-1,True,True,False
helpsteer2:07574,train,0,equivalent within epsilon,0,-1,-1,False,False,False
helpsteer2:07575,train,1,lower-bound Pareto dominance: correctness,4,1,3,True,True,False
helpsteer2:07576,train,1,lower-bound Pareto dominance: correctness,2,1,2,True,True,False
helpsteer2:07577,train,-1,lower-bound Pareto dominance: correctness,-3,-1,-2,True,True,False
helpsteer2:07578,train,0,equivalent within epsilon,0,1,2,False,False,False
helpsteer2:07579,train,0,equivalent within epsilon,0,0,0,False,False,False
helpsteer2:07580,train,1,lower-bound Pareto dominance: correctness,4,1,3,True,True,False
helpsteer2:07581,train,0,equivalent within epsilon,0,-1,-1,False,False,False
helpsteer2:07582,train,0,equivalent within epsilon,0,-1,-1,False,False,False
helpsteer2:07583,train,0,equivalent within epsilon,0,1,1,False,False,False
helpsteer2:07584,train,1,lower-bound Pareto dominance: correctness,3,1,3,True,True,False
helpsteer2:07585,train,-1,lower-bound Pareto dominance: correctness,-4,-1,-2,True,True,False
helpsteer2:07586,train,-1,"lower-bound Pareto dominance: coherence, correctness",-3,-1,-3,True,True,False
helpsteer2:07587,train,1,lower-bound Pareto dominance: correctness,2,1,2,True,True,False
helpsteer2:07588,train,-1,lower-bound Pareto dominance: correctness,-4,-1,-3,True,True,False
helpsteer2:07589,train,1,lower-bound Pareto dominance: coherence,0,0,0,False,False,False
helpsteer2:07590,train,-1,lower-bound Pareto dominance: correctness,-1,-1,-1,True,True,False
helpsteer2:07591,train,1,lower-bound Pareto dominance: correctness,0,-1,-1,False,False,False
helpsteer2:07592,train,1,lower-bound Pareto dominance: correctness,3,1,3,True,True,False
helpsteer2:07593,train,-1,lower-bound Pareto dominance: correctness,-1,0,0,True,True,False
helpsteer2:07594,train,1,lower-bound Pareto dominance: coherence,0,0,0,False,False,False
helpsteer2:07595,train,-1,lower-bound Pareto dominance: correctness,-2,0,0,True,True,False
helpsteer2:07596,train,0,equivalent within epsilon,0,1,1,False,False,False
helpsteer2:07597,train,-1,"lower-bound Pareto dominance: coherence, correctness",-2,-1,-2,True,True,False
helpsteer2:07598,train,0,equivalent within epsilon,0,0,0,False,False,False
helpsteer2:07599,train,1,lower-bound Pareto dominance: correctness,3,1,2,True,True,False
helpsteer2:07600,train,-1,lower-bound Pareto dominance: correctness,-3,-1,-3,True,True,False
helpsteer2:07601,train,0,equivalent within epsilon,-1,0,0,False,True,False
helpsteer2:07602,train,0,equivalent within epsilon,0,1,1,False,False,False
helpsteer2:07603,train,-1,lower-bound Pareto dominance: coherence,0,0,0,False,False,False
helpsteer2:07604,train,0,equivalent within epsilon,0,0,0,False,False,False
helpsteer2:07605,train,1,"lower-bound Pareto dominance: coherence, correctness",4,1,3,True,True,False
helpsteer2:07606,train,0,equivalent within epsilon,0,-1,-2,False,False,False
helpsteer2:07607,train,1,lower-bound Pareto dominance: coherence,1,1,1,True,False,False
helpsteer2:07608,train,-1,lower-bound Pareto dominance: correctness,-2,-1,-2,True,True,False
helpsteer2:07609,train,1,lower-bound Pareto dominance: correctness,2,1,2,True,True,False
helpsteer2:07610,train,-1,lower-bound Pareto dominance: correctness,-1,1,1,True,True,False
helpsteer2:07611,train,1,lower-bound Pareto dominance: correctness,3,1,3,True,True,False
helpsteer2:07612,train,1,lower-bound Pareto dominance: correctness,1,1,2,True,False,False
helpsteer2:07613,train,-1,lower-bound Pareto dominance: correctness,-1,0,0,True,False,False
helpsteer2:07614,train,-1,lower-bound Pareto dominance: correctness,-1,-1,-1,True,True,False
helpsteer2:07615,train,-1,"lower-bound Pareto dominance: coherence, correctness",-1,-1,-2,True,True,False
helpsteer2:07616,train,-1,"lower-bound Pareto dominance: coherence, correctness",-2,-1,-2,True,True,False
helpsteer2:07617,train,0,equivalent within epsilon,0,1,2,False,False,False
helpsteer2:07618,train,-1,lower-bound Pareto dominance: correctness,-4,-1,-3,True,True,False
helpsteer2:07619,train,-1,lower-bound Pareto dominance: correctness,-2,-1,-2,True,True,False
helpsteer2:07620,train,0,equivalent within epsilon,0,0,0,False,False,False
helpsteer2:07621,train,0,equivalent within epsilon,1,1,2,False,True,False
helpsteer2:07622,train,0,cross-objective tradeoff,-2,-1,-2,False,True,False
helpsteer2:07623,train,1,lower-bound Pareto dominance: correctness,1,1,1,True,True,False
helpsteer2:07624,train,-1,"lower-bound Pareto dominance: coherence, correctness",-1,0,0,True,True,False
helpsteer2:07625,train,1,lower-bound Pareto dominance: correctness,2,1,2,True,True,False
helpsteer2:07626,train,1,lower-bound Pareto dominance: correctness,1,1,1,True,True,False
helpsteer2:07627,train,1,lower-bound Pareto dominance: correctness,4,1,3,True,True,False
helpsteer2:07628,train,0,equivalent within epsilon,0,-1,-1,False,False,False
helpsteer2:07629,train,1,"lower-bound Pareto dominance: coherence, correctness",2,1,2,True,True,False
helpsteer2:07630,train,-1,"lower-bound Pareto dominance: coherence, correctness",-2,-1,-2,True,True,False
helpsteer2:07631,train,-1,lower-bound Pareto dominance: correctness,-1,-1,-1,True,False,False
helpsteer2:07632,train,-1,"lower-bound Pareto dominance: coherence, correctness",-2,-1,-2,True,True,False
helpsteer2:07633,train,0,equivalent within epsilon,-1,-1,-1,False,True,False
helpsteer2:07634,train,-1,"lower-bound Pareto dominance: coherence, correctness",-2,-1,-2,True,True,False
helpsteer2:07635,train,-1,"lower-bound Pareto dominance: coherence, correctness",-2,-1,-3,True,True,False
helpsteer2:07636,train,0,equivalent within epsilon,1,-1,-2,False,True,False
helpsteer2:07637,train,1,"lower-bound Pareto dominance: coherence, correctness",2,1,2,True,True,False
helpsteer2:07638,train,1,lower-bound Pareto dominance: correctness,1,1,1,True,True,False
helpsteer2:07639,train,-1,"lower-bound Pareto dominance: coherence, correctness",-3,-1,-3,True,True,False
helpsteer2:07640,train,0,cross-objective tradeoff,0,1,1,False,False,False
helpsteer2:07641,train,1,"lower-bound Pareto dominance: coherence, correctness",2,1,2,True,True,False
helpsteer2:07642,train,-1,"lower-bound Pareto dominance: coherence, correctness",-3,-1,-2,True,True,False
helpsteer2:07643,train,1,"lower-bound Pareto dominance: coherence, correctness",2,1,1,True,True,False
helpsteer2:07644,train,1,"lower-bound Pareto dominance: coherence, correctness",4,1,3,True,True,False
helpsteer2:07645,train,1,lower-bound Pareto dominance: coherence,1,1,1,True,True,False
helpsteer2:07646,train,1,lower-bound Pareto dominance: correctness,4,1,3,True,True,False
helpsteer2:07647,train,1,lower-bound Pareto dominance: correctness,1,-1,-2,True,True,False
helpsteer2:07648,train,1,"lower-bound Pareto dominance: coherence, correctness",2,1,2,True,True,False
helpsteer2:07649,train,0,equivalent within epsilon,0,-1,-1,False,False,False
helpsteer2:07650,train,-1,"lower-bound Pareto dominance: coherence, correctness",-4,-1,-3,True,True,False
helpsteer2:07651,train,1,"lower-bound Pareto dominance: coherence, correctness",2,1,2,True,True,False
helpsteer2:07652,train,1,lower-bound Pareto dominance: correctness,2,1,2,True,True,False
helpsteer2:07653,train,1,lower-bound Pareto dominance: correctness,4,0,0,True,True,False
helpsteer2:07654,train,1,lower-bound Pareto dominance: correctness,2,1,2,True,True,False
helpsteer2:07655,train,0,equivalent within epsilon,0,0,0,False,False,False
helpsteer2:07656,train,-1,"lower-bound Pareto dominance: coherence, correctness",-2,-1,-2,True,True,False
helpsteer2:07657,train,-1,lower-bound Pareto dominance: correctness,-2,-1,-2,True,True,False
helpsteer2:07658,train,0,equivalent within epsilon,0,-1,-1,False,False,False
helpsteer2:07659,train,-1,"lower-bound Pareto dominance: coherence, correctness",-2,-1,-2,True,True,False
helpsteer2:07660,train,-1,"lower-bound Pareto dominance: coherence, correctness",-3,-1,-3,True,True,False
helpsteer2:07661,train,1,lower-bound Pareto dominance: coherence,0,-1,-1,False,False,False
helpsteer2:07662,train,-1,lower-bound Pareto dominance: coherence,0,0,0,False,False,False
helpsteer2:07663,train,1,"lower-bound Pareto dominance: coherence, correctness",2,1,2,True,True,False
helpsteer2:07664,train,1,"lower-bound Pareto dominance: coherence, correctness",1,1,1,True,True,False
helpsteer2:07665,train,0,equivalent within epsilon,0,1,1,False,False,False
helpsteer2:07666,train,1,lower-bound Pareto dominance: correctness,4,1,2,True,True,False
helpsteer2:07667,train,1,"lower-bound Pareto dominance: coherence, correctness",3,1,2,True,True,False
helpsteer2:07668,train,0,equivalent within epsilon,0,-1,-1,False,False,False
helpsteer2:07669,train,1,"lower-bound Pareto dominance: coherence, correctness",4,1,2,True,True,False
helpsteer2:07670,train,-1,"lower-bound Pareto dominance: coherence, correctness",-1,0,0,True,True,False
helpsteer2:07671,train,1,lower-bound Pareto dominance: correctness,3,1,2,True,True,False
helpsteer2:07672,train,1,"lower-bound Pareto dominance: coherence, correctness",1,1,1,True,True,False
helpsteer2:07673,train,1,"lower-bound Pareto dominance: coherence, correctness",1,1,1,True,True,False
helpsteer2:07674,train,-1,"lower-bound Pareto dominance: coherence, correctness",-4,-1,-3,True,True,False
helpsteer2:07675,train,1,lower-bound Pareto dominance: correctness,2,1,2,True,True,False
helpsteer2:07676,train,1,lower-bound Pareto dominance: correctness,1,1,1,True,True,False
helpsteer2:07677,train,1,"lower-bound Pareto dominance: coherence, correctness",3,1,2,True,True,False
helpsteer2:07678,train,-1,lower-bound Pareto dominance: coherence,-1,-1,-1,True,True,False
helpsteer2:07679,train,-1,lower-bound Pareto dominance: correctness,-1,-1,-1,True,True,False
helpsteer2:07680,train,0,equivalent within epsilon,0,-1,-1,False,False,False
helpsteer2:07681,train,1,lower-bound Pareto dominance: correctness,1,1,2,True,True,False
helpsteer2:07682,train,0,equivalent within epsilon,0,1,2,False,False,False
helpsteer2:07683,train,-1,"lower-bound Pareto dominance: coherence, correctness",0,0,0,False,False,False
helpsteer2:07684,train,1,"lower-bound Pareto dominance: coherence, correctness",1,1,2,True,True,False
helpsteer2:07685,train,-1,"lower-bound Pareto dominance: coherence, correctness",-1,-1,-1,True,True,False
helpsteer2:07686,train,-1,lower-bound Pareto dominance: correctness,-2,-1,-2,True,True,False
helpsteer2:07687,train,-1,lower-bound Pareto dominance: coherence,-1,0,0,True,True,False
helpsteer2:07688,train,0,equivalent within epsilon,0,0,0,False,False,False
helpsteer2:07689,train,0,cross-objective tradeoff,1,1,2,False,True,False
helpsteer2:07690,train,1,lower-bound Pareto dominance: correctness,3,1,2,True,True,False
helpsteer2:07691,train,1,"lower-bound Pareto dominance: coherence, correctness",2,1,2,True,True,False
helpsteer2:07692,train,1,lower-bound Pareto dominance: correctness,3,1,2,True,True,False
helpsteer2:07693,train,-1,"lower-bound Pareto dominance: coherence, correctness",-1,-1,-2,True,True,False
helpsteer2:07694,train,-1,lower-bound Pareto dominance: coherence,0,0,0,False,False,False
helpsteer2:07695,train,-1,"lower-bound Pareto dominance: coherence, correctness",-1,-1,-1,True,True,False
helpsteer2:07696,train,1,lower-bound Pareto dominance: correctness,2,1,2,True,True,False
helpsteer2:07697,train,0,equivalent within epsilon,0,0,0,False,False,False
helpsteer2:07698,train,1,lower-bound Pareto dominance: correctness,3,1,1,True,True,False
helpsteer2:07699,train,1,lower-bound Pareto dominance: coherence,0,1,3,False,False,False
helpsteer2:07700,train,0,equivalent within epsilon,0,0,0,False,False,False
helpsteer2:07701,train,0,equivalent within epsilon,0,0,0,False,False,False
helpsteer2:07702,train,-1,"lower-bound Pareto dominance: coherence, correctness",-4,-1,-3,True,True,False
helpsteer2:07703,train,0,equivalent within epsilon,0,-1,-2,False,False,False
helpsteer2:07704,train,-1,"lower-bound Pareto dominance: coherence, correctness",-3,-1,-3,True,True,False
helpsteer2:07705,train,1,lower-bound Pareto dominance: correctness,0,0,0,False,False,False
helpsteer2:07706,train,1,lower-bound Pareto dominance: correctness,1,1,1,True,True,False
helpsteer2:07707,train,0,equivalent within epsilon,0,-1,-1,False,False,False
helpsteer2:07708,train,1,lower-bound Pareto dominance: correctness,2,1,2,True,True,False
helpsteer2:07709,train,1,"lower-bound Pareto dominance: coherence, correctness",0,1,1,False,False,False
helpsteer2:07710,train,1,"lower-bound Pareto dominance: coherence, correctness",3,1,3,True,True,False
helpsteer2:07711,train,1,lower-bound Pareto dominance: coherence,2,1,2,True,True,False
helpsteer2:07712,train,0,equivalent within epsilon,0,1,1,False,False,False
helpsteer2:07713,train,1,"lower-bound Pareto dominance: coherence, correctness",2,1,2,True,True,False
helpsteer2:07714,train,0,equivalent within epsilon,0,-1,-1,False,False,False
helpsteer2:07715,train,-1,lower-bound Pareto dominance: correctness,0,-1,-1,False,False,False
helpsteer2:07716,train,-1,lower-bound Pareto dominance: correctness,-1,-1,-1,True,True,False
helpsteer2:07717,train,1,"lower-bound Pareto dominance: coherence, correctness",1,1,1,True,True,False
helpsteer2:07718,train,0,equivalent within epsilon,1,1,1,False,True,False
helpsteer2:07719,train,0,equivalent within epsilon,-3,-1,-3,False,True,False
helpsteer2:07720,train,-1,"lower-bound Pareto dominance: coherence, correctness",-1,0,0,True,False,False
helpsteer2:07721,train,0,equivalent within epsilon,0,1,2,False,False,False
helpsteer2:07722,train,-1,"lower-bound Pareto dominance: coherence, correctness",-3,-1,-2,True,True,False
helpsteer2:07723,train,-1,"lower-bound Pareto dominance: coherence, correctness",-2,-1,-2,True,True,False
helpsteer2:07724,train,0,equivalent within epsilon,0,-1,-1,False,False,False
helpsteer2:07725,train,0,equivalent within epsilon,0,1,1,False,False,False
helpsteer2:07726,train,0,equivalent within epsilon,0,0,0,False,False,False
helpsteer2:07727,train,-1,"lower-bound Pareto dominance: coherence, correctness",-4,-1,-3,True,True,False
helpsteer2:07728,train,0,equivalent within epsilon,0,1,1,False,False,False
helpsteer2:07729,train,0,equivalent within epsilon,0,0,0,False,False,False
helpsteer2:07730,train,1,lower-bound Pareto dominance: correctness,2,-1,-2,True,True,False
helpsteer2:07731,train,-1,lower-bound Pareto dominance: correctness,-2,-1,-2,True,True,False
helpsteer2:07732,train,1,lower-bound Pareto dominance: correctness,2,1,2,True,True,False
helpsteer2:07733,train,-1,"lower-bound Pareto dominance: coherence, correctness",-1,-1,-1,True,True,False
helpsteer2:07734,train,-1,"lower-bound Pareto dominance: coherence, correctness",-2,-1,-2,True,True,False
helpsteer2:07735,train,1,"lower-bound Pareto dominance: coherence, correctness",3,1,2,True,True,False
helpsteer2:07736,train,1,lower-bound Pareto dominance: coherence,0,1,1,False,False,False
helpsteer2:07737,train,1,"lower-bound Pareto dominance: coherence, correctness",3,1,3,True,True,False
helpsteer2:07738,train,1,"lower-bound Pareto dominance: coherence, correctness",3,1,2,True,True,False
helpsteer2:07739,train,0,equivalent within epsilon,0,-1,-1,False,False,False
helpsteer2:07740,train,0,equivalent within epsilon,-2,1,1,False,True,False
helpsteer2:07741,train,0,equivalent within epsilon,0,1,1,False,False,False
helpsteer2:07742,train,0,cross-objective tradeoff,-4,-1,-3,False,True,False
helpsteer2:07743,train,1,lower-bound Pareto dominance: correctness,2,1,2,True,True,False
helpsteer2:07744,train,1,lower-bound Pareto dominance: correctness,1,1,1,True,True,False
helpsteer2:07745,train,1,"lower-bound Pareto dominance: coherence, correctness",1,1,1,True,True,False
helpsteer2:07746,train,0,cross-objective tradeoff,-3,-1,-3,False,True,False
helpsteer2:07747,train,-1,lower-bound Pareto dominance: correctness,-1,-1,-1,True,False,False
helpsteer2:07748,train,-1,"lower-bound Pareto dominance: coherence, correctness",-3,-1,-3,True,True,False
helpsteer2:07749,train,0,cross-objective tradeoff,2,1,3,False,True,False
helpsteer2:07750,train,0,equivalent within epsilon,-1,-1,-2,False,True,False
helpsteer2:07751,train,-1,"lower-bound Pareto dominance: coherence, correctness",-3,-1,-3,True,True,False
helpsteer2:07752,train,0,equivalent within epsilon,0,0,0,False,False,False
helpsteer2:07753,train,0,equivalent within epsilon,0,1,1,False,False,False
helpsteer2:07754,train,1,lower-bound Pareto dominance: correctness,1,1,2,True,True,False
helpsteer2:07755,train,-1,"lower-bound Pareto dominance: coherence, correctness",-2,-1,-2,True,True,False
helpsteer2:07756,train,0,equivalent within epsilon,0,0,0,False,False,False
helpsteer2:07757,train,-1,lower-bound Pareto dominance: correctness,0,0,0,False,False,False
helpsteer2:07758,train,0,equivalent within epsilon,0,1,1,False,False,False
helpsteer2:07759,train,0,equivalent within epsilon,0,0,0,False,False,False
helpsteer2:07760,train,-1,"lower-bound Pareto dominance: coherence, correctness",-1,-1,-1,True,True,False
helpsteer2:07761,train,-1,"lower-bound Pareto dominance: coherence, correctness",-1,-1,-1,True,True,False
helpsteer2:07762,train,-1,lower-bound Pareto dominance: correctness,-2,-1,-1,True,True,False
helpsteer2:07763,train,-1,lower-bound Pareto dominance: correctness,-3,-1,-2,True,True,False
helpsteer2:07764,train,0,equivalent within epsilon,0,0,0,False,False,False
helpsteer2:07765,train,1,lower-bound Pareto dominance: correctness,2,1,2,True,True,False
helpsteer2:07766,train,-1,"lower-bound Pareto dominance: coherence, correctness",0,-1,-1,False,False,False
helpsteer2:07767,train,-1,"lower-bound Pareto dominance: coherence, correctness",-3,-1,-3,True,True,False
helpsteer2:07768,train,1,lower-bound Pareto dominance: correctness,1,1,1,True,True,False
helpsteer2:07769,train,1,"lower-bound Pareto dominance: coherence, correctness",1,1,1,True,True,False
helpsteer2:07770,train,0,equivalent within epsilon,1,-1,-1,False,False,False
helpsteer2:07771,train,1,lower-bound Pareto dominance: correctness,2,1,2,True,True,False
helpsteer2:07772,train,1,"lower-bound Pareto dominance: coherence, correctness",3,1,3,True,True,False
helpsteer2:07773,train,-1,"lower-bound Pareto dominance: coherence, correctness",-2,-1,-2,True,True,False
helpsteer2:07774,train,1,"lower-bound Pareto dominance: coherence, correctness",2,1,2,True,True,False
helpsteer2:07775,train,1,lower-bound Pareto dominance: correctness,2,1,2,True,True,False
helpsteer2:07776,train,0,equivalent within epsilon,-1,0,0,False,True,False
helpsteer2:07777,train,-1,lower-bound Pareto dominance: correctness,-4,-1,-3,True,True,False
helpsteer2:07778,train,1,"lower-bound Pareto dominance: coherence, correctness",4,1,3,True,True,False
helpsteer2:07779,train,-1,"lower-bound Pareto dominance: coherence, correctness",-2,-1,-2,True,True,False
helpsteer2:07780,train,0,equivalent within epsilon,1,1,1,False,True,False
helpsteer2:07781,train,0,equivalent within epsilon,0,0,0,False,False,False
helpsteer2:07782,train,1,lower-bound Pareto dominance: correctness,4,1,3,True,True,False
helpsteer2:07783,train,-1,"lower-bound Pareto dominance: coherence, correctness",-4,-1,-3,True,True,False
helpsteer2:07784,train,-1,"lower-bound Pareto dominance: coherence, correctness",-3,-1,-3,True,True,False
helpsteer2:07785,train,1,"lower-bound Pareto dominance: coherence, correctness",1,1,1,True,True,False
helpsteer2:07786,train,-1,lower-bound Pareto dominance: correctness,1,0,0,True,True,False
helpsteer2:07787,train,0,equivalent within epsilon,0,-1,-1,False,False,False
helpsteer2:07788,train,1,lower-bound Pareto dominance: correctness,1,0,0,True,True,False
helpsteer2:07789,train,1,"lower-bound Pareto dominance: coherence, correctness",3,1,2,True,True,False
helpsteer2:07790,train,1,"lower-bound Pareto dominance: coherence, correctness",4,1,3,True,True,False
helpsteer2:07791,train,-1,"lower-bound Pareto dominance: coherence, correctness",-3,-1,-3,True,True,False
helpsteer2:07792,train,0,cross-objective tradeoff,-2,-1,-2,False,True,False
helpsteer2:07793,train,1,lower-bound Pareto dominance: correctness,2,1,2,True,True,False
helpsteer2:07794,train,0,equivalent within epsilon,0,1,1,False,False,False
helpsteer2:07795,train,0,equivalent within epsilon,0,0,0,False,False,False
helpsteer2:07796,train,1,lower-bound Pareto dominance: correctness,3,1,3,True,True,False
helpsteer2:07797,train,1,lower-bound Pareto dominance: correctness,1,1,1,True,True,False
helpsteer2:07798,train,-1,"lower-bound Pareto dominance: coherence, correctness",-1,-1,-1,True,True,False
helpsteer2:07799,train,1,lower-bound Pareto dominance: correctness,3,1,3,True,True,False
helpsteer2:07800,train,1,"lower-bound Pareto dominance: coherence, correctness",2,1,2,True,True,False
helpsteer2:07801,train,1,lower-bound Pareto dominance: correctness,2,1,2,True,True,False
helpsteer2:07802,train,-1,lower-bound Pareto dominance: correctness,-3,-1,-1,True,True,False
helpsteer2:07803,train,1,lower-bound Pareto dominance: correctness,1,1,1,True,True,False
helpsteer2:07804,train,0,equivalent within epsilon,0,1,2,False,False,False
helpsteer2:07805,train,1,"lower-bound Pareto dominance: coherence, correctness",2,1,2,True,True,False
helpsteer2:07806,train,1,lower-bound Pareto dominance: correctness,0,0,0,False,False,False
helpsteer2:07807,train,-1,"lower-bound Pareto dominance: coherence, correctness",-3,-1,-2,True,True,False
helpsteer2:07808,train,0,equivalent within epsilon,0,1,1,False,False,False
helpsteer2:07809,train,0,equivalent within epsilon,0,-1,-1,False,False,False
helpsteer2:07810,train,-1,lower-bound Pareto dominance: correctness,-1,0,0,True,True,False
helpsteer2:07811,train,-1,lower-bound Pareto dominance: correctness,-3,-1,-3,True,True,False
helpsteer2:07812,train,1,lower-bound Pareto dominance: correctness,1,1,1,True,True,False
helpsteer2:07813,train,-1,lower-bound Pareto dominance: correctness,-1,-1,-1,True,True,False
helpsteer2:07814,train,0,equivalent within epsilon,0,-1,-1,False,False,False
helpsteer2:07815,train,-1,"lower-bound Pareto dominance: coherence, correctness",-2,-1,-2,True,True,False
helpsteer2:07816,train,0,equivalent within epsilon,0,-1,-1,False,False,False
helpsteer2:07817,train,-1,lower-bound Pareto dominance: correctness,-2,-1,-2,True,True,False
helpsteer2:07818,train,-1,"lower-bound Pareto dominance: coherence, correctness",-2,-1,-3,True,True,False
helpsteer2:07819,train,1,"lower-bound Pareto dominance: coherence, correctness",1,1,1,True,True,False
helpsteer2:07820,train,1,"lower-bound Pareto dominance: coherence, correctness",1,1,1,True,True,False
helpsteer2:07821,train,0,equivalent within epsilon,0,-1,-1,False,False,False
helpsteer2:07822,train,0,equivalent within epsilon,0,0,0,False,False,False
helpsteer2:07823,train,1,lower-bound Pareto dominance: correctness,4,1,3,True,True,False
helpsteer2:07824,train,-1,"lower-bound Pareto dominance: coherence, correctness",-1,1,1,True,True,False
helpsteer2:07825,train,1,"lower-bound Pareto dominance: coherence, correctness",4,1,3,True,True,False
helpsteer2:07826,train,-1,lower-bound Pareto dominance: coherence,-1,-1,-1,True,True,False
helpsteer2:07827,train,1,lower-bound Pareto dominance: correctness,1,1,1,True,False,False
helpsteer2:07828,train,-1,"lower-bound Pareto dominance: coherence, correctness",-1,0,0,True,True,False
helpsteer2:07829,train,0,equivalent within epsilon,0,0,0,False,False,False
helpsteer2:07830,train,0,equivalent within epsilon,0,1,1,False,False,False
helpsteer2:07831,train,1,lower-bound Pareto dominance: correctness,2,1,2,True,True,False
helpsteer2:07832,train,-1,lower-bound Pareto dominance: correctness,-4,-1,-3,True,True,False
helpsteer2:07833,train,-1,lower-bound Pareto dominance: correctness,-4,-1,-3,True,True,False
helpsteer2:07834,train,1,lower-bound Pareto dominance: correctness,2,1,1,True,True,False
helpsteer2:07835,train,1,"lower-bound Pareto dominance: coherence, correctness",1,1,1,True,True,False
helpsteer2:07836,train,0,equivalent within epsilon,0,0,0,False,False,False
helpsteer2:07837,train,1,"lower-bound Pareto dominance: coherence, correctness",1,1,1,True,True,False
helpsteer2:07838,train,1,lower-bound Pareto dominance: correctness,3,1,2,True,True,False
helpsteer2:07839,train,0,equivalent within epsilon,-1,-1,-2,False,False,False
helpsteer2:07840,train,1,"lower-bound Pareto dominance: coherence, correctness",1,1,1,True,False,False
helpsteer2:07841,train,0,equivalent within epsilon,0,1,1,False,False,False
helpsteer2:07842,train,-1,"lower-bound Pareto dominance: coherence, correctness",-4,-1,-3,True,True,False
helpsteer2:07843,train,-1,lower-bound Pareto dominance: correctness,-4,-1,-2,True,True,False
helpsteer2:07844,train,0,equivalent within epsilon,0,-1,-1,False,False,False
helpsteer2:07845,train,1,"lower-bound Pareto dominance: coherence, correctness",3,1,2,True,True,False
helpsteer2:07846,train,0,equivalent within epsilon,0,-1,-2,False,False,False
helpsteer2:07847,train,-1,"lower-bound Pareto dominance: coherence, correctness",-2,-1,-2,True,True,False
helpsteer2:07848,train,1,lower-bound Pareto dominance: correctness,3,1,3,True,True,False
helpsteer2:07849,train,0,cross-objective tradeoff,1,1,2,False,True,False
helpsteer2:07850,train,0,equivalent within epsilon,0,0,0,False,False,False
helpsteer2:07851,train,1,"lower-bound Pareto dominance: coherence, correctness",2,1,2,True,True,False
helpsteer2:07852,train,0,equivalent within epsilon,0,0,0,False,False,False
helpsteer2:07853,train,0,equivalent within epsilon,0,0,0,False,False,False
helpsteer2:07854,train,-1,"lower-bound Pareto dominance: coherence, correctness",-3,-1,-3,True,True,False
helpsteer2:07855,train,-1,"lower-bound Pareto dominance: coherence, correctness",-2,-1,-2,True,True,False
helpsteer2:07856,train,0,equivalent within epsilon,0,-1,-1,False,False,False
helpsteer2:07857,train,1,lower-bound Pareto dominance: correctness,4,1,2,True,True,False
helpsteer2:07858,train,0,equivalent within epsilon,0,1,1,False,False,False
helpsteer2:07859,train,1,lower-bound Pareto dominance: correctness,3,1,1,True,True,False
helpsteer2:07860,train,-1,"lower-bound Pareto dominance: coherence, correctness",-1,-1,-2,True,True,False
helpsteer2:07861,train,1,lower-bound Pareto dominance: correctness,1,1,2,True,True,False
helpsteer2:07862,train,1,"lower-bound Pareto dominance: coherence, correctness",1,1,1,True,True,False
helpsteer2:07863,train,-1,"lower-bound Pareto dominance: coherence, correctness",-1,-1,-2,True,True,False
helpsteer2:07864,train,1,lower-bound Pareto dominance: correctness,4,1,3,True,True,False
helpsteer2:07865,train,1,"lower-bound Pareto dominance: coherence, correctness",1,1,1,True,True,False
helpsteer2:07866,train,1,lower-bound Pareto dominance: coherence,0,0,0,False,False,False
helpsteer2:07867,train,1,"lower-bound Pareto dominance: coherence, correctness",1,1,1,True,True,False
helpsteer2:07868,train,1,lower-bound Pareto dominance: correctness,3,1,3,True,True,False
helpsteer2:07869,train,1,lower-bound Pareto dominance: correctness,3,1,2,True,True,False
helpsteer2:07870,train,0,equivalent within epsilon,0,0,0,False,False,False
helpsteer2:07871,train,1,lower-bound Pareto dominance: correctness,2,1,3,True,True,False
helpsteer2:07872,train,-1,lower-bound Pareto dominance: correctness,-1,0,0,True,True,False
helpsteer2:07873,train,0,equivalent within epsilon,0,-1,-2,False,False,False
helpsteer2:07874,train,1,"lower-bound Pareto dominance: coherence, correctness",2,1,2,True,True,False
helpsteer2:07875,train,1,lower-bound Pareto dominance: correctness,3,1,3,True,True,False
helpsteer2:07876,train,-1,lower-bound Pareto dominance: correctness,-3,-1,-2,True,True,False
helpsteer2:07877,train,-1,lower-bound Pareto dominance: correctness,-1,0,0,True,True,False
helpsteer2:07878,train,1,"lower-bound Pareto dominance: coherence, correctness",1,-1,-1,True,True,False
helpsteer2:07879,train,1,lower-bound Pareto dominance: correctness,1,1,1,True,True,False
helpsteer2:07880,train,-1,"lower-bound Pareto dominance: coherence, correctness",-2,-1,-2,True,True,False
helpsteer2:07881,train,-1,"lower-bound Pareto dominance: coherence, correctness",-1,-1,-1,True,True,False
helpsteer2:07882,train,0,equivalent within epsilon,0,0,0,False,False,False
helpsteer2:07883,train,0,equivalent within epsilon,0,0,0,False,False,False
helpsteer2:07884,train,-1,lower-bound Pareto dominance: correctness,-3,-1,-1,True,True,False
helpsteer2:07885,train,0,equivalent within epsilon,0,0,0,False,False,False
helpsteer2:07886,train,0,equivalent within epsilon,0,0,0,False,False,False
helpsteer2:07887,train,1,"lower-bound Pareto dominance: coherence, correctness",3,1,3,True,True,False
helpsteer2:07888,train,-1,lower-bound Pareto dominance: correctness,-4,-1,-2,True,True,False
helpsteer2:07889,train,1,lower-bound Pareto dominance: correctness,1,1,1,True,True,False
helpsteer2:07890,train,1,lower-bound Pareto dominance: correctness,1,1,1,True,True,False
helpsteer2:07891,train,-1,lower-bound Pareto dominance: correctness,-3,-1,-3,True,True,False
helpsteer2:07892,train,-1,lower-bound Pareto dominance: correctness,2,1,2,True,True,False
helpsteer2:07893,train,1,"lower-bound Pareto dominance: coherence, correctness",2,1,2,True,True,False
helpsteer2:07894,train,-1,lower-bound Pareto dominance: coherence,-1,-1,-1,True,False,False
helpsteer2:07895,train,1,"lower-bound Pareto dominance: coherence, correctness",2,1,2,True,True,False
helpsteer2:07896,train,-1,lower-bound Pareto dominance: correctness,-1,-1,-1,True,True,False
helpsteer2:07897,train,0,equivalent within epsilon,1,0,0,False,True,False
helpsteer2:07898,train,1,"lower-bound Pareto dominance: coherence, correctness",2,1,2,True,True,False
helpsteer2:07899,train,1,lower-bound Pareto dominance: correctness,4,1,3,True,True,False
helpsteer2:07900,train,1,"lower-bound Pareto dominance: coherence, correctness",1,1,1,True,True,False
helpsteer2:07901,train,0,equivalent within epsilon,0,-1,-2,False,False,False
helpsteer2:07902,train,-1,lower-bound Pareto dominance: correctness,-2,-1,-1,True,True,False
helpsteer2:07903,train,-1,"lower-bound Pareto dominance: coherence, correctness",-3,-1,-3,True,True,False
helpsteer2:07904,train,0,equivalent within epsilon,0,0,0,False,False,False
helpsteer2:07905,train,0,cross-objective tradeoff,2,1,2,False,True,False
helpsteer2:07906,train,0,equivalent within epsilon,0,0,0,False,False,False
helpsteer2:07907,train,0,equivalent within epsilon,0,0,0,False,False,False
helpsteer2:07908,train,-1,"lower-bound Pareto dominance: coherence, correctness",-2,-1,-2,True,True,False
helpsteer2:07909,train,1,"lower-bound Pareto dominance: coherence, correctness",2,1,2,True,True,False
helpsteer2:07910,train,1,lower-bound Pareto dominance: correctness,1,0,0,True,True,False
helpsteer2:07911,train,1,"lower-bound Pareto dominance: coherence, correctness",2,1,2,True,True,False
helpsteer2:07912,train,-1,"lower-bound Pareto dominance: coherence, correctness",-1,-1,-1,True,True,False
helpsteer2:07913,train,-1,lower-bound Pareto dominance: correctness,-4,-1,-3,True,True,False
helpsteer2:07914,train,1,lower-bound Pareto dominance: coherence,1,1,1,True,True,False
helpsteer2:07915,train,1,"lower-bound Pareto dominance: coherence, correctness",2,1,2,True,True,False
helpsteer2:07916,train,0,cross-objective tradeoff,1,1,2,False,True,False
helpsteer2:07917,train,-1,lower-bound Pareto dominance: correctness,-2,-1,-2,True,True,False
helpsteer2:07918,train,1,lower-bound Pareto dominance: correctness,1,1,1,True,True,False
helpsteer2:07919,train,0,equivalent within epsilon,-1,-1,-1,False,True,False
helpsteer2:07920,train,-1,lower-bound Pareto dominance: correctness,-1,0,0,True,True,False
helpsteer2:07921,train,1,"lower-bound Pareto dominance: coherence, correctness",2,1,2,True,True,False
helpsteer2:07922,train,1,lower-bound Pareto dominance: correctness,3,1,3,True,True,False
helpsteer2:07923,train,1,lower-bound Pareto dominance: coherence,1,1,1,True,True,False
helpsteer2:07924,train,-1,lower-bound Pareto dominance: coherence,-1,0,0,True,True,False
helpsteer2:07925,train,1,"lower-bound Pareto dominance: coherence, correctness",4,1,3,True,True,False
helpsteer2:07926,train,-1,lower-bound Pareto dominance: correctness,-1,-1,-1,True,True,False
helpsteer2:07927,train,-1,"lower-bound Pareto dominance: coherence, correctness",-2,-1,-2,True,True,False
helpsteer2:07928,train,0,cross-objective tradeoff,3,-1,-1,False,True,False
helpsteer2:07929,train,0,equivalent within epsilon,0,0,0,False,False,False
helpsteer2:07930,train,0,equivalent within epsilon,0,0,0,False,False,False
helpsteer2:07931,train,0,equivalent within epsilon,1,0,0,False,True,False
helpsteer2:07932,train,1,lower-bound Pareto dominance: coherence,0,0,0,False,False,False
helpsteer2:07933,train,-1,"lower-bound Pareto dominance: coherence, correctness",-1,-1,-1,True,False,False
helpsteer2:07934,train,1,lower-bound Pareto dominance: correctness,1,0,0,True,True,False
helpsteer2:07935,train,1,"lower-bound Pareto dominance: coherence, correctness",3,1,3,True,True,False
helpsteer2:07936,train,0,equivalent within epsilon,0,1,1,False,False,False
helpsteer2:07937,train,-1,lower-bound Pareto dominance: correctness,-4,-1,-3,True,True,False
helpsteer2:07938,train,1,"lower-bound Pareto dominance: coherence, correctness",3,1,3,True,True,False
helpsteer2:07939,train,-1,lower-bound Pareto dominance: coherence,-1,-1,-1,True,True,False
helpsteer2:07940,train,1,lower-bound Pareto dominance: correctness,1,1,2,True,True,False
helpsteer2:07941,train,1,lower-bound Pareto dominance: correctness,0,0,0,False,False,False
helpsteer2:07942,train,-1,lower-bound Pareto dominance: correctness,-3,-1,-3,True,True,False
helpsteer2:07943,train,0,equivalent within epsilon,0,0,0,False,False,False
helpsteer2:07944,train,0,equivalent within epsilon,0,-1,-1,False,False,False
helpsteer2:07945,train,0,equivalent within epsilon,0,0,0,False,False,False
helpsteer2:07946,train,-1,lower-bound Pareto dominance: correctness,-1,-1,-1,True,True,False
helpsteer2:07947,train,0,equivalent within epsilon,0,-1,-2,False,False,False
helpsteer2:07948,train,-1,lower-bound Pareto dominance: correctness,-4,-1,-1,True,True,False
helpsteer2:07949,train,1,"lower-bound Pareto dominance: coherence, correctness",2,1,2,True,True,False
helpsteer2:07950,train,1,"lower-bound Pareto dominance: coherence, correctness",1,1,1,True,True,False
helpsteer2:07951,train,0,equivalent within epsilon,1,1,2,False,True,False
helpsteer2:07952,train,1,lower-bound Pareto dominance: correctness,2,1,2,True,True,False
helpsteer2:07953,train,1,lower-bound Pareto dominance: correctness,2,1,2,True,True,False
helpsteer2:07954,train,1,lower-bound Pareto dominance: correctness,4,1,3,True,True,False
helpsteer2:07955,train,0,equivalent within epsilon,0,-1,-1,False,False,False
helpsteer2:07956,train,1,lower-bound Pareto dominance: correctness,1,1,2,True,False,False
helpsteer2:07957,train,-1,lower-bound Pareto dominance: correctness,-1,-1,-2,True,False,False
helpsteer2:07958,train,-1,lower-bound Pareto dominance: correctness,-4,-1,-3,True,True,False
helpsteer2:07959,train,0,equivalent within epsilon,-2,-1,-1,False,True,False
helpsteer2:07960,train,0,equivalent within epsilon,2,0,0,False,True,False
helpsteer2:07961,train,1,"lower-bound Pareto dominance: coherence, correctness",1,1,3,True,False,False
helpsteer2:07962,train,-1,lower-bound Pareto dominance: correctness,-1,0,0,True,True,False
helpsteer2:07963,train,-1,"lower-bound Pareto dominance: coherence, correctness",-2,-1,-2,True,True,False
helpsteer2:07964,train,1,"lower-bound Pareto dominance: coherence, correctness",1,1,1,True,False,False
helpsteer2:07965,train,-1,"lower-bound Pareto dominance: coherence, correctness",-4,-1,-3,True,True,False
helpsteer2:07966,train,0,equivalent within epsilon,0,1,1,False,False,False
helpsteer2:07967,train,-1,"lower-bound Pareto dominance: coherence, correctness",-4,-1,-3,True,True,False
helpsteer2:07968,train,1,lower-bound Pareto dominance: correctness,4,1,3,True,True,False
helpsteer2:07969,train,0,equivalent within epsilon,3,1,3,False,True,False
helpsteer2:07970,train,1,lower-bound Pareto dominance: correctness,4,1,3,True,True,False
helpsteer2:07971,train,0,equivalent within epsilon,0,-1,-1,False,False,False
helpsteer2:07972,train,-1,"lower-bound Pareto dominance: coherence, correctness",-1,-1,-1,True,True,False
helpsteer2:07973,train,-1,lower-bound Pareto dominance: correctness,-1,0,0,True,True,False
helpsteer2:07974,train,1,lower-bound Pareto dominance: correctness,2,1,2,True,True,False
helpsteer2:07975,train,-1,"lower-bound Pareto dominance: coherence, correctness",-2,-1,-3,True,True,False
helpsteer2:07976,train,0,equivalent within epsilon,0,1,1,False,False,False
helpsteer2:07977,train,-1,lower-bound Pareto dominance: correctness,0,0,0,False,False,False
helpsteer2:07978,train,-1,lower-bound Pareto dominance: correctness,-1,-1,-1,True,True,False
helpsteer2:07979,train,1,lower-bound Pareto dominance: correctness,4,1,2,True,True,False
helpsteer2:07980,train,0,equivalent within epsilon,0,-1,-2,False,False,False
helpsteer2:07981,train,0,equivalent within epsilon,0,0,0,False,False,False
helpsteer2:07982,train,0,equivalent within epsilon,0,-1,-1,False,False,False
helpsteer2:07983,train,-1,lower-bound Pareto dominance: correctness,-3,-1,-3,True,True,False
helpsteer2:07984,train,0,equivalent within epsilon,0,0,0,False,False,False
helpsteer2:07985,train,1,lower-bound Pareto dominance: correctness,1,1,3,True,True,False
helpsteer2:07986,train,-1,lower-bound Pareto dominance: correctness,-1,0,0,True,False,False
helpsteer2:07987,train,0,equivalent within epsilon,0,1,2,False,False,False
helpsteer2:07988,train,1,lower-bound Pareto dominance: correctness,1,1,1,True,True,False
helpsteer2:07989,train,0,equivalent within epsilon,0,-1,-1,False,False,False
helpsteer2:07990,train,-1,lower-bound Pareto dominance: correctness,-1,-1,-1,True,True,False
helpsteer2:07991,train,-1,lower-bound Pareto dominance: correctness,-1,-1,-1,True,True,False
helpsteer2:07992,train,1,"lower-bound Pareto dominance: coherence, correctness",3,1,2,True,True,False
helpsteer2:07993,train,1,"lower-bound Pareto dominance: coherence, correctness",1,1,1,True,True,False
helpsteer2:07994,train,0,equivalent within epsilon,0,-1,-1,False,False,False
helpsteer2:07995,train,0,equivalent within epsilon,0,1,2,False,False,False
helpsteer2:07996,train,-1,"lower-bound Pareto dominance: coherence, correctness",-3,-1,-3,True,True,False
helpsteer2:07997,train,1,"lower-bound Pareto dominance: coherence, correctness",2,1,2,True,True,False
helpsteer2:07998,train,1,lower-bound Pareto dominance: correctness,3,1,2,True,True,False
helpsteer2:07999,train,-1,lower-bound Pareto dominance: correctness,-4,-1,-3,True,True,False
helpsteer2:08000,train,0,equivalent within epsilon,0,0,0,False,False,False
helpsteer2:08001,train,1,lower-bound Pareto dominance: correctness,3,1,2,True,True,False
helpsteer2:08002,train,-1,"lower-bound Pareto dominance: coherence, correctness",-2,-1,-2,True,True,False
helpsteer2:08003,train,-1,lower-bound Pareto dominance: correctness,-2,-1,-2,True,True,False
helpsteer2:08004,train,-1,"lower-bound Pareto dominance: coherence, correctness",0,-1,-2,False,False,False
helpsteer2:08005,train,-1,lower-bound Pareto dominance: correctness,-1,1,2,True,True,False
helpsteer2:08006,train,-1,"lower-bound Pareto dominance: coherence, correctness",-3,-1,-3,True,True,False
helpsteer2:08007,train,1,"lower-bound Pareto dominance: coherence, correctness",3,1,3,True,True,False
helpsteer2:08008,train,1,lower-bound Pareto dominance: correctness,4,1,3,True,True,False
helpsteer2:08009,train,1,"lower-bound Pareto dominance: coherence, correctness",4,1,3,True,True,False
helpsteer2:08010,train,-1,"lower-bound Pareto dominance: coherence, correctness",-2,-1,-1,True,True,False
helpsteer2:08011,train,-1,lower-bound Pareto dominance: correctness,-1,-1,-2,True,True,False
helpsteer2:08012,train,0,equivalent within epsilon,1,1,1,False,False,False
helpsteer2:08013,train,1,"lower-bound Pareto dominance: coherence, correctness",3,1,3,True,True,False
helpsteer2:08014,train,-1,lower-bound Pareto dominance: correctness,-1,-1,-1,True,False,False
helpsteer2:08015,train,1,lower-bound Pareto dominance: correctness,1,1,1,True,True,False
helpsteer2:08016,train,1,lower-bound Pareto dominance: correctness,1,1,1,True,True,False
helpsteer2:08017,train,1,"lower-bound Pareto dominance: coherence, correctness",1,1,1,True,False,False
helpsteer2:08018,train,1,"lower-bound Pareto dominance: coherence, correctness",1,1,1,True,True,False
helpsteer2:08019,train,1,"lower-bound Pareto dominance: coherence, correctness",2,1,2,True,True,False
helpsteer2:08020,train,0,equivalent within epsilon,0,-1,-2,False,False,False
helpsteer2:08021,train,-1,"lower-bound Pareto dominance: coherence, correctness",-2,-1,-2,True,True,False
helpsteer2:08022,train,1,lower-bound Pareto dominance: coherence,2,1,2,True,True,False
helpsteer2:08023,train,-1,lower-bound Pareto dominance: correctness,-2,1,1,True,True,False
helpsteer2:08024,train,1,lower-bound Pareto dominance: correctness,1,1,1,True,True,False
helpsteer2:08025,train,0,equivalent within epsilon,0,-1,-1,False,False,False
helpsteer2:08026,train,0,equivalent within epsilon,0,-1,-1,False,False,False
helpsteer2:08027,train,0,equivalent within epsilon,0,-1,-1,False,False,False
helpsteer2:08028,train,1,lower-bound Pareto dominance: correctness,3,1,2,True,True,False
helpsteer2:08029,train,1,"lower-bound Pareto dominance: coherence, correctness",1,1,1,True,True,False
helpsteer2:08030,train,-1,lower-bound Pareto dominance: correctness,-1,0,0,True,True,False
helpsteer2:08031,train,-1,lower-bound Pareto dominance: coherence,0,1,2,False,False,False
helpsteer2:08032,train,1,"lower-bound Pareto dominance: coherence, correctness",3,1,2,True,True,False
helpsteer2:08033,train,0,equivalent within epsilon,-1,1,2,False,True,False
helpsteer2:08034,train,0,equivalent within epsilon,0,0,0,False,False,False
helpsteer2:08035,train,1,lower-bound Pareto dominance: correctness,1,1,1,True,True,False
helpsteer2:08036,train,1,lower-bound Pareto dominance: correctness,4,1,3,True,True,False
helpsteer2:08037,train,1,"lower-bound Pareto dominance: coherence, correctness",2,1,2,True,True,False
helpsteer2:08038,train,1,lower-bound Pareto dominance: correctness,3,1,2,True,True,False
helpsteer2:08039,train,-1,lower-bound Pareto dominance: correctness,-3,-1,-2,True,True,False
helpsteer2:08040,train,-1,lower-bound Pareto dominance: correctness,-2,-1,-2,True,True,False
helpsteer2:08041,train,1,"lower-bound Pareto dominance: coherence, correctness",1,1,1,True,True,False
helpsteer2:08042,train,-1,lower-bound Pareto dominance: correctness,-1,-1,-1,True,True,False
helpsteer2:08043,train,0,equivalent within epsilon,0,0,0,False,False,False
helpsteer2:08044,train,0,equivalent within epsilon,0,0,0,False,False,False
helpsteer2:08045,train,-1,"lower-bound Pareto dominance: coherence, correctness",-3,-1,-2,True,True,False
helpsteer2:08046,train,-1,lower-bound Pareto dominance: correctness,-3,-1,-1,True,True,False
helpsteer2:08047,train,1,"lower-bound Pareto dominance: coherence, correctness",1,1,1,True,True,False
helpsteer2:08048,train,-1,"lower-bound Pareto dominance: coherence, correctness",-2,-1,-2,True,True,False
helpsteer2:08049,train,-1,"lower-bound Pareto dominance: coherence, correctness",-1,-1,-2,True,True,False
helpsteer2:08050,train,1,lower-bound Pareto dominance: correctness,4,1,3,True,True,False
helpsteer2:08051,train,-1,"lower-bound Pareto dominance: coherence, correctness",-2,-1,-3,True,True,False
helpsteer2:08052,train,1,"lower-bound Pareto dominance: coherence, correctness",1,1,1,True,True,False
helpsteer2:08053,train,0,equivalent within epsilon,-2,1,2,False,True,False
helpsteer2:08054,train,0,equivalent within epsilon,3,-1,-1,False,True,False
helpsteer2:08055,train,-1,lower-bound Pareto dominance: coherence,-1,-1,-1,True,False,False
helpsteer2:08056,train,1,lower-bound Pareto dominance: correctness,1,-1,-2,True,True,False
helpsteer2:08057,train,1,"lower-bound Pareto dominance: coherence, correctness",4,1,1,True,True,False
helpsteer2:08058,train,1,lower-bound Pareto dominance: correctness,1,1,1,True,True,False
helpsteer2:08059,train,0,equivalent within epsilon,1,1,1,False,True,False
helpsteer2:08060,train,-1,"lower-bound Pareto dominance: coherence, correctness",-2,-1,-1,True,True,False
helpsteer2:08061,train,-1,lower-bound Pareto dominance: correctness,-1,-1,-1,True,True,False
helpsteer2:08062,train,1,"lower-bound Pareto dominance: coherence, correctness",1,1,2,True,True,False
helpsteer2:08063,train,1,lower-bound Pareto dominance: correctness,4,1,1,True,True,False
helpsteer2:08064,train,-1,lower-bound Pareto dominance: correctness,-3,-1,-3,True,True,False
helpsteer2:08065,train,0,equivalent within epsilon,0,0,0,False,False,False
helpsteer2:08066,train,1,"lower-bound Pareto dominance: coherence, correctness",3,1,3,True,True,False
helpsteer2:08067,train,0,equivalent within epsilon,-1,0,0,False,True,False
helpsteer2:08068,train,1,"lower-bound Pareto dominance: coherence, correctness",3,1,3,True,True,False
helpsteer2:08069,train,1,lower-bound Pareto dominance: correctness,3,1,3,True,True,False
helpsteer2:08070,train,-1,lower-bound Pareto dominance: correctness,-4,-1,-3,True,True,False
helpsteer2:08071,train,-1,lower-bound Pareto dominance: coherence,-1,-1,-1,True,True,False
helpsteer2:08072,train,1,lower-bound Pareto dominance: correctness,2,1,1,True,True,False
helpsteer2:08073,train,-1,lower-bound Pareto dominance: correctness,-1,-1,-2,True,True,False
helpsteer2:08074,train,1,"lower-bound Pareto dominance: coherence, correctness",1,0,0,True,False,False
helpsteer2:08075,train,-1,lower-bound Pareto dominance: coherence,0,0,0,False,False,False
helpsteer2:08076,train,-1,lower-bound Pareto dominance: correctness,-1,-1,-1,True,True,False
helpsteer2:08077,train,0,equivalent within epsilon,0,0,0,False,False,False
helpsteer2:08078,train,0,equivalent within epsilon,0,0,0,False,False,False
helpsteer2:08079,train,1,"lower-bound Pareto dominance: coherence, correctness",1,1,1,True,False,False
helpsteer2:08080,train,1,"lower-bound Pareto dominance: coherence, correctness",4,1,3,True,True,False
helpsteer2:08081,train,-1,lower-bound Pareto dominance: correctness,0,0,0,False,False,False
helpsteer2:08082,train,-1,lower-bound Pareto dominance: coherence,0,-1,-1,False,False,False
helpsteer2:08083,train,-1,"lower-bound Pareto dominance: coherence, correctness",-3,-1,-2,True,True,False
helpsteer2:08084,train,1,"lower-bound Pareto dominance: coherence, correctness",4,1,3,True,True,False
helpsteer2:08085,train,-1,lower-bound Pareto dominance: correctness,-3,-1,-3,True,True,False
helpsteer2:08086,train,1,lower-bound Pareto dominance: correctness,2,1,2,True,True,False
helpsteer2:08087,train,1,lower-bound Pareto dominance: correctness,1,1,1,True,True,False
helpsteer2:08088,train,0,equivalent within epsilon,-1,-1,-1,False,True,False
helpsteer2:08089,train,0,equivalent within epsilon,0,-1,-2,False,False,False
helpsteer2:08090,train,-1,lower-bound Pareto dominance: coherence,0,0,0,False,False,False
helpsteer2:08091,train,-1,lower-bound Pareto dominance: correctness,-2,-1,-2,True,True,False
helpsteer2:08092,train,1,"lower-bound Pareto dominance: coherence, correctness",2,1,2,True,True,False
helpsteer2:08093,train,0,equivalent within epsilon,0,0,0,False,False,False
helpsteer2:08094,train,1,lower-bound Pareto dominance: coherence,0,0,0,False,False,False
helpsteer2:08095,train,1,lower-bound Pareto dominance: correctness,0,-1,-1,False,False,False
helpsteer2:08096,train,0,cross-objective tradeoff,0,1,1,False,False,False
helpsteer2:08097,train,1,"lower-bound Pareto dominance: coherence, correctness",2,1,2,True,True,False
helpsteer2:08098,train,0,equivalent within epsilon,0,0,0,False,False,False
helpsteer2:08099,train,1,"lower-bound Pareto dominance: coherence, correctness",2,1,2,True,True,False
helpsteer2:08100,train,0,equivalent within epsilon,0,1,1,False,False,False
helpsteer2:08101,train,-1,lower-bound Pareto dominance: correctness,-1,-1,-1,True,True,False
helpsteer2:08102,train,-1,lower-bound Pareto dominance: correctness,-4,-1,-2,True,True,False
helpsteer2:08103,train,1,lower-bound Pareto dominance: correctness,2,1,2,True,True,False
helpsteer2:08104,train,-1,lower-bound Pareto dominance: correctness,-4,-1,-3,True,True,False
helpsteer2:08105,train,-1,"lower-bound Pareto dominance: coherence, correctness",-2,-1,-2,True,True,False
helpsteer2:08106,train,0,equivalent within epsilon,0,0,0,False,False,False
helpsteer2:08107,train,1,lower-bound Pareto dominance: correctness,4,1,3,True,True,False
helpsteer2:08108,train,0,equivalent within epsilon,0,0,0,False,False,False
helpsteer2:08109,train,0,equivalent within epsilon,0,1,1,False,False,False
helpsteer2:08110,train,1,lower-bound Pareto dominance: correctness,1,0,0,True,True,False
helpsteer2:08111,train,-1,lower-bound Pareto dominance: correctness,-1,-1,-1,True,True,False
helpsteer2:08112,train,1,lower-bound Pareto dominance: coherence,0,1,2,False,False,False
helpsteer2:08113,train,-1,lower-bound Pareto dominance: coherence,-1,-1,-1,True,True,False
helpsteer2:08114,train,-1,lower-bound Pareto dominance: correctness,-3,-1,-1,True,True,False
helpsteer2:08115,train,-1,"lower-bound Pareto dominance: coherence, correctness",-1,-1,-1,True,True,False
helpsteer2:08116,train,1,"lower-bound Pareto dominance: coherence, correctness",1,1,1,True,True,False
helpsteer2:08117,train,0,equivalent within epsilon,0,-1,-2,False,False,False
helpsteer2:08118,train,1,lower-bound Pareto dominance: correctness,4,1,3,True,True,False
helpsteer2:08119,train,-1,"lower-bound Pareto dominance: coherence, correctness",-4,-1,-3,True,True,False
helpsteer2:08120,train,1,lower-bound Pareto dominance: correctness,1,-1,-2,True,True,False
helpsteer2:08121,train,-1,lower-bound Pareto dominance: correctness,-2,-1,-2,True,True,False
helpsteer2:08122,train,1,"lower-bound Pareto dominance: coherence, correctness",0,1,1,False,False,False
helpsteer2:08123,train,-1,"lower-bound Pareto dominance: coherence, correctness",-1,-1,-2,True,True,False
helpsteer2:08124,train,1,"lower-bound Pareto dominance: coherence, correctness",4,1,3,True,True,False
helpsteer2:08125,train,-1,"lower-bound Pareto dominance: coherence, correctness",-4,-1,-3,True,True,False
helpsteer2:08126,train,0,equivalent within epsilon,0,1,1,False,False,False
helpsteer2:08127,train,1,"lower-bound Pareto dominance: coherence, correctness",3,1,3,True,True,False
helpsteer2:08128,train,0,equivalent within epsilon,0,0,0,False,False,False
helpsteer2:08129,train,-1,"lower-bound Pareto dominance: coherence, correctness",-4,-1,-3,True,True,False
helpsteer2:08130,train,-1,lower-bound Pareto dominance: correctness,-1,-1,-1,True,True,False
helpsteer2:08131,train,-1,"lower-bound Pareto dominance: coherence, correctness",-2,-1,-1,True,True,False
helpsteer2:08132,train,1,lower-bound Pareto dominance: correctness,4,1,2,True,True,False
helpsteer2:08133,train,1,lower-bound Pareto dominance: correctness,4,1,3,True,True,False
helpsteer2:08134,train,-1,"lower-bound Pareto dominance: coherence, correctness",-1,-1,-2,True,True,False
helpsteer2:08135,train,1,"lower-bound Pareto dominance: coherence, correctness",3,1,3,True,True,False
helpsteer2:08136,train,1,"lower-bound Pareto dominance: coherence, correctness",2,1,2,True,True,False
helpsteer2:08137,train,-1,"lower-bound Pareto dominance: coherence, correctness",-1,-1,-1,True,False,False
helpsteer2:08138,train,1,"lower-bound Pareto dominance: coherence, correctness",2,1,2,True,True,False
helpsteer2:08139,train,1,"lower-bound Pareto dominance: coherence, correctness",2,1,2,True,True,False
helpsteer2:08140,train,1,lower-bound Pareto dominance: correctness,1,0,0,True,False,False
helpsteer2:08141,train,1,lower-bound Pareto dominance: correctness,1,1,1,True,True,False
helpsteer2:08142,train,-1,lower-bound Pareto dominance: correctness,-4,-1,-3,True,True,False
helpsteer2:08143,train,0,equivalent within epsilon,0,0,0,False,False,False
helpsteer2:08144,train,-1,lower-bound Pareto dominance: correctness,-1,-1,-2,True,False,False
helpsteer2:08145,train,-1,lower-bound Pareto dominance: correctness,-1,0,0,True,True,False
helpsteer2:08146,train,-1,lower-bound Pareto dominance: correctness,-2,-1,-2,True,True,False
helpsteer2:08147,train,0,equivalent within epsilon,0,0,0,False,False,False
helpsteer2:08148,train,1,"lower-bound Pareto dominance: coherence, correctness",2,1,1,True,True,False
helpsteer2:08149,train,0,equivalent within epsilon,0,0,0,False,False,False
helpsteer2:08150,train,1,"lower-bound Pareto dominance: coherence, correctness",1,1,1,True,True,False
helpsteer2:08151,train,1,lower-bound Pareto dominance: coherence,1,1,1,True,False,False
helpsteer2:08152,train,1,lower-bound Pareto dominance: correctness,3,1,3,True,True,False
helpsteer2:08153,train,1,lower-bound Pareto dominance: correctness,3,1,2,True,True,False
helpsteer2:08154,train,1,"lower-bound Pareto dominance: coherence, correctness",3,1,3,True,True,False
helpsteer2:08155,train,1,lower-bound Pareto dominance: correctness,2,1,1,True,True,False
helpsteer2:08156,train,0,equivalent within epsilon,0,0,0,False,False,False
helpsteer2:08157,train,-1,lower-bound Pareto dominance: correctness,-1,0,0,True,False,False
helpsteer2:08158,train,1,"lower-bound Pareto dominance: coherence, correctness",4,1,3,True,True,False
helpsteer2:08159,train,-1,"lower-bound Pareto dominance: coherence, correctness",-2,-1,-2,True,True,False
helpsteer2:08160,train,-1,"lower-bound Pareto dominance: coherence, correctness",-4,-1,-3,True,True,False
helpsteer2:08161,train,0,cross-objective tradeoff,1,1,1,False,True,False
helpsteer2:08162,train,1,lower-bound Pareto dominance: correctness,0,0,0,False,False,False
helpsteer2:08163,train,1,"lower-bound Pareto dominance: coherence, correctness",4,1,3,True,True,False
helpsteer2:08164,train,1,lower-bound Pareto dominance: correctness,1,1,1,True,True,False
helpsteer2:08165,train,1,lower-bound Pareto dominance: correctness,1,1,1,True,True,False
helpsteer2:08166,train,0,equivalent within epsilon,0,-1,-1,False,False,False
helpsteer2:08167,train,1,lower-bound Pareto dominance: correctness,1,0,0,True,True,False
helpsteer2:08168,train,1,lower-bound Pareto dominance: correctness,1,1,1,True,True,False
helpsteer2:08169,train,0,equivalent within epsilon,0,0,0,False,False,False
helpsteer2:08170,train,1,"lower-bound Pareto dominance: coherence, correctness",1,0,0,True,True,False
helpsteer2:08171,train,1,lower-bound Pareto dominance: correctness,3,1,3,True,True,False
helpsteer2:08172,train,-1,"lower-bound Pareto dominance: coherence, correctness",-2,-1,-2,True,True,False
helpsteer2:08173,train,-1,"lower-bound Pareto dominance: coherence, correctness",-3,-1,-3,True,True,False
helpsteer2:08174,train,1,"lower-bound Pareto dominance: coherence, correctness",1,1,1,True,True,False
helpsteer2:08175,train,0,equivalent within epsilon,0,-1,-1,False,False,False
helpsteer2:08176,train,1,lower-bound Pareto dominance: correctness,-2,-1,-1,True,True,False
helpsteer2:08177,train,-1,lower-bound Pareto dominance: correctness,-4,-1,-2,True,True,False
helpsteer2:08178,train,1,lower-bound Pareto dominance: coherence,0,0,0,False,False,False
helpsteer2:08179,train,-1,lower-bound Pareto dominance: coherence,-1,0,0,True,True,False
helpsteer2:08180,train,-1,"lower-bound Pareto dominance: coherence, correctness",-1,-1,-1,True,True,False
helpsteer2:08181,train,-1,"lower-bound Pareto dominance: coherence, correctness",-3,-1,-3,True,True,False
helpsteer2:08182,train,0,equivalent within epsilon,0,0,0,False,False,False
helpsteer2:08183,train,0,equivalent within epsilon,0,-1,-1,False,False,False
helpsteer2:08184,train,-1,lower-bound Pareto dominance: correctness,-4,-1,-3,True,True,False
helpsteer2:08185,train,1,"lower-bound Pareto dominance: coherence, correctness",3,1,2,True,True,False
helpsteer2:08186,train,1,lower-bound Pareto dominance: correctness,2,1,2,True,True,False
helpsteer2:08187,train,0,equivalent within epsilon,0,0,0,False,False,False
helpsteer2:08188,train,-1,lower-bound Pareto dominance: coherence,-1,-1,-1,True,False,False
helpsteer2:08189,train,-1,"lower-bound Pareto dominance: coherence, correctness",-2,-1,-2,True,True,False
helpsteer2:08190,train,0,equivalent within epsilon,-2,1,1,False,True,False
helpsteer2:08191,train,-1,"lower-bound Pareto dominance: coherence, correctness",-1,0,0,True,True,False
helpsteer2:08192,train,0,equivalent within epsilon,0,1,1,False,False,False
helpsteer2:08193,train,1,lower-bound Pareto dominance: correctness,1,0,0,True,True,False
helpsteer2:08194,train,1,"lower-bound Pareto dominance: coherence, correctness",3,1,3,True,True,False
helpsteer2:08195,train,1,"lower-bound Pareto dominance: coherence, correctness",1,1,1,True,True,False
helpsteer2:08196,train,1,lower-bound Pareto dominance: correctness,2,1,1,True,True,False
helpsteer2:08197,train,1,lower-bound Pareto dominance: correctness,2,1,2,True,True,False
helpsteer2:08198,train,-1,lower-bound Pareto dominance: correctness,0,0,0,False,False,False
helpsteer2:08199,train,0,equivalent within epsilon,1,-1,-1,False,True,False
helpsteer2:08200,train,-1,lower-bound Pareto dominance: coherence,-2,-1,-2,True,True,False
helpsteer2:08201,train,-1,lower-bound Pareto dominance: coherence,-1,0,0,True,False,False
helpsteer2:08202,train,1,"lower-bound Pareto dominance: coherence, correctness",2,1,1,True,True,False
helpsteer2:08203,train,1,lower-bound Pareto dominance: correctness,4,1,2,True,True,False
helpsteer2:08204,train,-1,"lower-bound Pareto dominance: coherence, correctness",-1,-1,-1,True,False,False
helpsteer2:08205,train,1,lower-bound Pareto dominance: correctness,2,1,1,True,True,False
helpsteer2:08206,train,0,cross-objective tradeoff,2,1,2,False,True,False
helpsteer2:08207,train,0,equivalent within epsilon,0,0,0,False,False,False
helpsteer2:08208,train,1,lower-bound Pareto dominance: correctness,3,1,2,True,True,False
helpsteer2:08209,train,1,lower-bound Pareto dominance: correctness,2,1,2,True,True,False
helpsteer2:08210,train,-1,"lower-bound Pareto dominance: coherence, correctness",-1,-1,-1,True,False,False
helpsteer2:08211,train,1,lower-bound Pareto dominance: correctness,1,1,1,True,True,False
helpsteer2:08212,train,1,"lower-bound Pareto dominance: coherence, correctness",4,1,2,True,True,False
helpsteer2:08213,train,1,"lower-bound Pareto dominance: coherence, correctness",1,1,1,True,False,False
helpsteer2:08214,train,-1,lower-bound Pareto dominance: correctness,-2,-1,-2,True,True,False
helpsteer2:08215,train,1,lower-bound Pareto dominance: correctness,1,0,0,True,True,False
helpsteer2:08216,train,1,"lower-bound Pareto dominance: coherence, correctness",3,1,2,True,True,False
helpsteer2:08217,train,-1,lower-bound Pareto dominance: correctness,0,-1,-1,False,False,False
helpsteer2:08218,train,1,lower-bound Pareto dominance: correctness,3,1,3,True,True,False
helpsteer2:08219,train,-1,"lower-bound Pareto dominance: coherence, correctness",-3,-1,-3,True,True,False
helpsteer2:08220,train,1,lower-bound Pareto dominance: correctness,2,1,2,True,True,False
helpsteer2:08221,train,1,"lower-bound Pareto dominance: coherence, correctness",2,1,1,True,True,False
helpsteer2:08222,train,1,"lower-bound Pareto dominance: coherence, correctness",4,1,3,True,True,False
helpsteer2:08223,train,-1,lower-bound Pareto dominance: coherence,0,-1,-2,False,False,False
helpsteer2:08224,train,-1,"lower-bound Pareto dominance: coherence, correctness",-2,-1,-2,True,True,False
helpsteer2:08225,train,1,lower-bound Pareto dominance: correctness,1,1,1,True,True,False
helpsteer2:08226,train,1,"lower-bound Pareto dominance: coherence, correctness",2,1,2,True,True,False
helpsteer2:08227,train,1,lower-bound Pareto dominance: correctness,1,1,2,True,False,False
helpsteer2:08228,train,-1,"lower-bound Pareto dominance: coherence, correctness",-2,-1,-2,True,True,False
helpsteer2:08229,train,1,"lower-bound Pareto dominance: coherence, correctness",3,1,3,True,True,False
helpsteer2:08230,train,1,lower-bound Pareto dominance: coherence,0,-1,-1,False,False,False
helpsteer2:08231,train,1,lower-bound Pareto dominance: coherence,0,1,1,False,False,False
helpsteer2:08232,train,1,"lower-bound Pareto dominance: coherence, correctness",3,1,1,True,True,False
helpsteer2:08233,train,-1,"lower-bound Pareto dominance: coherence, correctness",-4,-1,-3,True,True,False
helpsteer2:08234,train,0,equivalent within epsilon,1,-1,-1,False,True,False
helpsteer2:08235,train,1,lower-bound Pareto dominance: coherence,1,1,1,True,True,False
helpsteer2:08236,train,0,equivalent within epsilon,0,1,2,False,False,False
helpsteer2:08237,train,1,"lower-bound Pareto dominance: coherence, correctness",4,1,3,True,True,False
helpsteer2:08238,train,-1,"lower-bound Pareto dominance: coherence, correctness",-3,-1,-3,True,True,False
helpsteer2:08239,train,1,"lower-bound Pareto dominance: coherence, correctness",2,1,2,True,True,False
helpsteer2:08240,train,-1,lower-bound Pareto dominance: coherence,0,0,0,False,False,False
helpsteer2:08241,train,1,lower-bound Pareto dominance: correctness,1,1,2,True,False,False
helpsteer2:08242,train,0,equivalent within epsilon,0,0,0,False,False,False
helpsteer2:08243,train,1,lower-bound Pareto dominance: correctness,1,1,1,True,True,False
helpsteer2:08244,train,-1,lower-bound Pareto dominance: correctness,-2,-1,-2,True,True,False
helpsteer2:08245,train,0,cross-objective tradeoff,0,1,2,False,False,False
helpsteer2:08246,train,1,lower-bound Pareto dominance: correctness,3,1,2,True,True,False
helpsteer2:08247,train,-1,"lower-bound Pareto dominance: coherence, correctness",-2,-1,-2,True,True,False
helpsteer2:08248,train,-1,lower-bound Pareto dominance: correctness,-1,-1,-1,True,True,False
helpsteer2:08249,train,-1,lower-bound Pareto dominance: correctness,-4,-1,-2,True,True,False
helpsteer2:08250,train,-1,"lower-bound Pareto dominance: coherence, correctness",-1,-1,-1,True,True,False
helpsteer2:08251,train,1,lower-bound Pareto dominance: correctness,1,1,2,True,True,False
helpsteer2:08252,train,0,equivalent within epsilon,0,0,0,False,False,False
helpsteer2:08253,train,-1,lower-bound Pareto dominance: correctness,-2,-1,-2,True,True,False
helpsteer2:08254,train,1,lower-bound Pareto dominance: correctness,1,1,3,True,True,False
helpsteer2:08255,train,1,"lower-bound Pareto dominance: coherence, correctness",3,1,2,True,True,False
helpsteer2:08256,train,1,"lower-bound Pareto dominance: coherence, correctness",2,1,3,True,True,False
helpsteer2:08257,train,-1,lower-bound Pareto dominance: correctness,-1,1,2,True,True,False
helpsteer2:08258,train,1,"lower-bound Pareto dominance: coherence, correctness",1,1,2,True,True,False
helpsteer2:08259,train,-1,"lower-bound Pareto dominance: coherence, correctness",-1,-1,-2,True,True,False
helpsteer2:08260,train,0,equivalent within epsilon,0,1,2,False,False,False
helpsteer2:08261,train,0,equivalent within epsilon,-1,0,0,False,True,False
helpsteer2:08262,train,1,lower-bound Pareto dominance: correctness,3,1,2,True,True,False
helpsteer2:08263,train,1,"lower-bound Pareto dominance: coherence, correctness",3,1,3,True,True,False
helpsteer2:08264,train,-1,lower-bound Pareto dominance: correctness,-2,-1,-2,True,True,False
helpsteer2:08265,train,1,"lower-bound Pareto dominance: coherence, correctness",1,1,2,True,True,False
helpsteer2:08266,train,-1,lower-bound Pareto dominance: correctness,-3,-1,-1,True,True,False
helpsteer2:08267,train,-1,lower-bound Pareto dominance: correctness,0,-1,-2,False,False,False
helpsteer2:08268,train,-1,lower-bound Pareto dominance: coherence,0,-1,-1,False,False,False
helpsteer2:08269,train,1,lower-bound Pareto dominance: correctness,4,1,3,True,True,False
helpsteer2:08270,train,0,equivalent within epsilon,0,0,0,False,False,False
helpsteer2:08271,train,1,"lower-bound Pareto dominance: coherence, correctness",1,0,0,True,False,False
helpsteer2:08272,train,1,lower-bound Pareto dominance: coherence,0,1,1,False,False,False
helpsteer2:08273,train,0,equivalent within epsilon,0,1,1,False,False,False
helpsteer2:08274,train,0,equivalent within epsilon,0,-1,-1,False,False,False
helpsteer2:08275,train,-1,lower-bound Pareto dominance: correctness,2,0,0,True,True,False
helpsteer2:08276,train,0,equivalent within epsilon,0,0,0,False,False,False
helpsteer2:08277,train,1,"lower-bound Pareto dominance: coherence, correctness",4,1,3,True,True,False
helpsteer2:08278,train,-1,lower-bound Pareto dominance: correctness,0,-1,-1,False,False,False
helpsteer2:08279,train,1,lower-bound Pareto dominance: correctness,1,1,1,True,True,False
helpsteer2:08280,train,1,"lower-bound Pareto dominance: coherence, correctness",3,1,3,True,True,False
helpsteer2:08281,train,0,equivalent within epsilon,0,-1,-1,False,False,False
helpsteer2:08282,train,-1,"lower-bound Pareto dominance: coherence, correctness",-2,-1,-2,True,True,False
helpsteer2:08283,train,1,lower-bound Pareto dominance: correctness,1,1,2,True,False,False
helpsteer2:08284,train,0,equivalent within epsilon,0,0,0,False,False,False
helpsteer2:08285,train,-1,lower-bound Pareto dominance: coherence,-1,-1,-1,True,True,False
helpsteer2:08286,train,0,equivalent within epsilon,0,0,0,False,False,False
helpsteer2:08287,train,0,equivalent within epsilon,0,0,0,False,False,False
helpsteer2:08288,train,-1,"lower-bound Pareto dominance: coherence, correctness",-2,-1,-2,True,True,False
helpsteer2:08289,train,0,equivalent within epsilon,0,1,1,False,False,False
helpsteer2:08290,train,1,lower-bound Pareto dominance: correctness,3,1,3,True,True,False
helpsteer2:08291,train,-1,"lower-bound Pareto dominance: coherence, correctness",-3,-1,-3,True,True,False
helpsteer2:08292,train,-1,"lower-bound Pareto dominance: coherence, correctness",-2,-1,-1,True,True,False
helpsteer2:08293,train,0,equivalent within epsilon,0,1,1,False,False,False
helpsteer2:08294,train,-1,lower-bound Pareto dominance: correctness,-2,1,2,True,True,False
helpsteer2:08295,train,-1,lower-bound Pareto dominance: correctness,-3,-1,-3,True,True,False
helpsteer2:08296,train,1,lower-bound Pareto dominance: correctness,1,-1,-1,True,False,False
helpsteer2:08297,train,0,cross-objective tradeoff,1,0,0,False,True,False
helpsteer2:08298,train,0,equivalent within epsilon,3,1,2,False,True,False
helpsteer2:08299,train,-1,lower-bound Pareto dominance: coherence,0,-1,-1,False,False,False
helpsteer2:08300,train,0,equivalent within epsilon,0,-1,-1,False,False,False
helpsteer2:08301,train,0,equivalent within epsilon,0,1,1,False,False,False
helpsteer2:08302,train,-1,lower-bound Pareto dominance: correctness,1,1,1,True,True,False
helpsteer2:08303,train,0,equivalent within epsilon,0,0,0,False,False,False
helpsteer2:08304,train,-1,"lower-bound Pareto dominance: coherence, correctness",-2,-1,-2,True,True,False
helpsteer2:08305,train,-1,"lower-bound Pareto dominance: coherence, correctness",-2,-1,-2,True,True,False
helpsteer2:08306,train,-1,"lower-bound Pareto dominance: coherence, correctness",-1,-1,-3,True,True,False
helpsteer2:08307,train,0,equivalent within epsilon,0,-1,-1,False,False,False
helpsteer2:08308,train,-1,lower-bound Pareto dominance: correctness,-1,0,0,True,True,False
helpsteer2:08309,train,-1,lower-bound Pareto dominance: coherence,0,0,0,False,False,False
helpsteer2:08310,train,-1,"lower-bound Pareto dominance: coherence, correctness",-2,-1,-2,True,True,False
helpsteer2:08311,train,0,equivalent within epsilon,1,1,1,False,True,False
helpsteer2:08312,train,0,equivalent within epsilon,0,-1,-1,False,False,False
helpsteer2:08313,train,-1,lower-bound Pareto dominance: correctness,-3,-1,-2,True,True,False
helpsteer2:08314,train,-1,lower-bound Pareto dominance: correctness,-2,-1,-2,True,True,False
helpsteer2:08315,train,-1,lower-bound Pareto dominance: correctness,-1,-1,-1,True,True,False
helpsteer2:08316,train,0,equivalent within epsilon,0,0,0,False,False,False
helpsteer2:08317,train,-1,"lower-bound Pareto dominance: coherence, correctness",-2,-1,-2,True,True,False
helpsteer2:08318,train,-1,lower-bound Pareto dominance: correctness,-1,-1,-1,True,True,False
helpsteer2:08319,train,-1,"lower-bound Pareto dominance: coherence, correctness",-3,-1,-3,True,True,False
helpsteer2:08320,train,-1,lower-bound Pareto dominance: coherence,0,0,0,False,False,False
helpsteer2:08321,train,-1,"lower-bound Pareto dominance: coherence, correctness",-2,1,1,True,True,False
helpsteer2:08322,train,1,"lower-bound Pareto dominance: coherence, correctness",3,1,3,True,True,False
helpsteer2:08323,train,-1,lower-bound Pareto dominance: correctness,-3,-1,-3,True,True,False
helpsteer2:08324,train,1,lower-bound Pareto dominance: coherence,0,-1,-2,False,False,False
helpsteer2:08325,train,1,lower-bound Pareto dominance: correctness,1,1,1,True,True,False
helpsteer2:08326,train,-1,lower-bound Pareto dominance: coherence,0,-1,-2,False,False,False
helpsteer2:08327,train,0,cross-objective tradeoff,0,0,0,False,False,False
helpsteer2:08328,train,0,equivalent within epsilon,0,0,0,False,False,False
helpsteer2:08329,train,-1,"lower-bound Pareto dominance: coherence, correctness",-2,-1,-2,True,True,False
helpsteer2:08330,train,1,"lower-bound Pareto dominance: coherence, correctness",1,1,2,True,True,False
helpsteer2:08331,train,-1,lower-bound Pareto dominance: correctness,-3,-1,-2,True,True,False
helpsteer2:08332,train,0,equivalent within epsilon,0,1,2,False,False,False
helpsteer2:08333,train,1,"lower-bound Pareto dominance: coherence, correctness",1,1,2,True,False,False
helpsteer2:08334,train,-1,lower-bound Pareto dominance: correctness,0,-1,-1,False,False,False
helpsteer2:08335,train,-1,lower-bound Pareto dominance: correctness,-1,-1,-2,True,True,False
helpsteer2:08336,train,0,equivalent within epsilon,0,0,0,False,False,False
helpsteer2:08337,train,1,"lower-bound Pareto dominance: coherence, correctness",1,-1,-2,True,True,False
helpsteer2:08338,train,0,equivalent within epsilon,0,1,1,False,False,False
helpsteer2:08339,train,-1,"lower-bound Pareto dominance: coherence, correctness",-4,-1,-2,True,True,False
helpsteer2:08340,train,1,lower-bound Pareto dominance: correctness,2,1,2,True,True,False
helpsteer2:08341,train,0,equivalent within epsilon,0,0,0,False,False,False
helpsteer2:08342,train,-1,"lower-bound Pareto dominance: coherence, correctness",-3,-1,-2,True,True,False
helpsteer2:08343,train,-1,"lower-bound Pareto dominance: coherence, correctness",-1,0,0,True,True,False
helpsteer2:08344,train,0,equivalent within epsilon,0,1,1,False,False,False
helpsteer2:08345,train,1,lower-bound Pareto dominance: correctness,2,1,2,True,True,False
helpsteer2:08346,train,-1,"lower-bound Pareto dominance: coherence, correctness",-3,-1,-3,True,True,False
helpsteer2:08347,train,0,equivalent within epsilon,0,-1,-1,False,False,False
helpsteer2:08348,train,-1,lower-bound Pareto dominance: correctness,-1,-1,-1,True,True,False
helpsteer2:08349,train,1,"lower-bound Pareto dominance: coherence, correctness",3,1,3,True,True,False
helpsteer2:08350,train,1,"lower-bound Pareto dominance: coherence, correctness",1,1,1,True,True,False
helpsteer2:08351,train,1,lower-bound Pareto dominance: correctness,1,1,1,True,True,False
helpsteer2:08352,train,1,lower-bound Pareto dominance: correctness,3,1,3,True,True,False
helpsteer2:08353,train,1,lower-bound Pareto dominance: coherence,0,1,2,False,False,False
helpsteer2:08354,train,-1,"lower-bound Pareto dominance: coherence, correctness",-2,-1,-2,True,True,False
helpsteer2:08355,train,0,equivalent within epsilon,0,-1,-2,False,False,False
helpsteer2:08356,train,0,cross-objective tradeoff,1,1,2,False,False,False
helpsteer2:08357,train,0,equivalent within epsilon,0,1,2,False,False,False
helpsteer2:08358,train,1,"lower-bound Pareto dominance: coherence, correctness",1,1,1,True,True,False
helpsteer2:08359,train,-1,lower-bound Pareto dominance: correctness,0,0,0,False,False,False
helpsteer2:08360,train,0,equivalent within epsilon,0,0,0,False,False,False
helpsteer2:08361,train,0,equivalent within epsilon,0,-1,-1,False,False,False
helpsteer2:08362,train,0,cross-objective tradeoff,3,1,3,False,True,False
helpsteer2:08363,train,1,"lower-bound Pareto dominance: coherence, correctness",2,1,1,True,True,False
helpsteer2:08364,train,1,lower-bound Pareto dominance: correctness,2,1,2,True,True,False
helpsteer2:08365,train,-1,lower-bound Pareto dominance: coherence,0,0,0,False,False,False
helpsteer2:08366,train,0,equivalent within epsilon,0,0,0,False,False,False
helpsteer2:08367,train,0,equivalent within epsilon,0,-1,-1,False,False,False
helpsteer2:08368,train,-1,lower-bound Pareto dominance: correctness,-1,-1,-1,True,False,False
helpsteer2:08369,train,1,lower-bound Pareto dominance: correctness,3,1,3,True,True,False
helpsteer2:08370,train,1,"lower-bound Pareto dominance: coherence, correctness",3,1,3,True,True,False
helpsteer2:08371,train,1,"lower-bound Pareto dominance: coherence, correctness",1,1,2,True,True,False
helpsteer2:08372,train,0,equivalent within epsilon,0,0,0,False,False,False
helpsteer2:08373,train,0,equivalent within epsilon,0,1,1,False,False,False
helpsteer2:08374,train,0,cross-objective tradeoff,0,1,1,False,False,False
helpsteer2:08375,train,1,lower-bound Pareto dominance: coherence,1,1,2,True,True,False
helpsteer2:08376,train,1,lower-bound Pareto dominance: correctness,1,0,0,True,True,False
helpsteer2:08377,train,1,"lower-bound Pareto dominance: coherence, correctness",1,1,1,True,True,False
helpsteer2:08378,train,-1,lower-bound Pareto dominance: correctness,-2,-1,-2,True,True,False
helpsteer2:08379,train,0,equivalent within epsilon,1,0,0,False,True,False
helpsteer2:08380,train,-1,"lower-bound Pareto dominance: coherence, correctness",1,-1,-1,True,True,False
helpsteer2:08381,train,-1,lower-bound Pareto dominance: coherence,-1,-1,-1,True,True,False
helpsteer2:08382,train,1,"lower-bound Pareto dominance: coherence, correctness",4,1,3,True,True,False
helpsteer2:08383,train,-1,lower-bound Pareto dominance: correctness,-4,-1,-3,True,True,False
helpsteer2:08384,train,-1,lower-bound Pareto dominance: coherence,-1,0,0,True,True,False
helpsteer2:08385,train,-1,lower-bound Pareto dominance: correctness,-3,-1,-3,True,True,False
helpsteer2:08386,train,1,"lower-bound Pareto dominance: coherence, correctness",4,0,0,True,True,False
helpsteer2:08387,train,0,equivalent within epsilon,0,0,0,False,False,False
helpsteer2:08388,train,0,equivalent within epsilon,0,-1,-1,False,False,False
helpsteer2:08389,train,0,equivalent within epsilon,0,1,1,False,False,False
helpsteer2:08390,train,0,equivalent within epsilon,0,0,0,False,False,False
helpsteer2:08391,train,-1,lower-bound Pareto dominance: correctness,-2,-1,-2,True,True,False
helpsteer2:08392,train,-1,lower-bound Pareto dominance: correctness,-3,-1,-2,True,True,False
helpsteer2:08393,train,-1,lower-bound Pareto dominance: correctness,-4,-1,-3,True,True,False
helpsteer2:08394,train,-1,"lower-bound Pareto dominance: coherence, correctness",-1,-1,-1,True,True,False
helpsteer2:08395,train,1,"lower-bound Pareto dominance: coherence, correctness",3,1,3,True,True,False
helpsteer2:08396,train,-1,lower-bound Pareto dominance: coherence,0,0,0,False,False,False
helpsteer2:08397,train,0,equivalent within epsilon,0,-1,-1,False,False,False
helpsteer2:08398,train,1,"lower-bound Pareto dominance: coherence, correctness",3,1,2,True,True,False
helpsteer2:08399,train,0,cross-objective tradeoff,-2,-1,-2,False,True,False
helpsteer2:08400,train,1,lower-bound Pareto dominance: correctness,1,1,2,True,True,False
helpsteer2:08401,train,0,equivalent within epsilon,0,-1,-1,False,False,False
helpsteer2:08402,train,1,lower-bound Pareto dominance: correctness,1,1,1,True,True,False
helpsteer2:08403,train,0,equivalent within epsilon,0,0,0,False,False,False
helpsteer2:08404,train,1,lower-bound Pareto dominance: correctness,-1,-1,-2,True,True,False
helpsteer2:08405,train,1,"lower-bound Pareto dominance: coherence, correctness",1,0,0,True,True,False
helpsteer2:08406,train,-1,lower-bound Pareto dominance: correctness,2,1,2,True,True,False
helpsteer2:08407,train,0,cross-objective tradeoff,2,1,1,False,True,False
helpsteer2:08408,train,-1,lower-bound Pareto dominance: correctness,-2,-1,-2,True,True,False
helpsteer2:08409,train,0,equivalent within epsilon,0,1,1,False,False,False
helpsteer2:08410,train,1,lower-bound Pareto dominance: correctness,4,1,2,True,True,False
helpsteer2:08411,train,-1,lower-bound Pareto dominance: correctness,-1,-1,-1,True,True,False
helpsteer2:08412,train,1,lower-bound Pareto dominance: correctness,1,0,0,True,True,False
helpsteer2:08413,train,1,lower-bound Pareto dominance: correctness,1,1,2,True,True,False
helpsteer2:08414,train,-1,"lower-bound Pareto dominance: coherence, correctness",-2,-1,-2,True,True,False
helpsteer2:08415,train,0,equivalent within epsilon,0,1,1,False,False,False
helpsteer2:08416,train,0,equivalent within epsilon,0,0,0,False,False,False
helpsteer2:08417,train,1,lower-bound Pareto dominance: correctness,2,1,2,True,True,False
helpsteer2:08418,train,1,"lower-bound Pareto dominance: coherence, correctness",3,1,3,True,True,False
helpsteer2:08419,train,0,equivalent within epsilon,0,-1,-1,False,False,False
helpsteer2:08420,train,-1,lower-bound Pareto dominance: coherence,-1,1,1,True,True,False
helpsteer2:08421,train,1,lower-bound Pareto dominance: coherence,1,1,1,True,True,False
helpsteer2:08422,train,1,lower-bound Pareto dominance: correctness,2,1,2,True,True,False
helpsteer2:08423,train,1,"lower-bound Pareto dominance: coherence, correctness",4,1,3,True,True,False
helpsteer2:08424,train,1,"lower-bound Pareto dominance: coherence, correctness",4,1,1,True,True,False
helpsteer2:08425,train,1,"lower-bound Pareto dominance: coherence, correctness",1,1,2,True,False,False
helpsteer2:08426,train,0,equivalent within epsilon,0,1,1,False,False,False
helpsteer2:08427,train,1,"lower-bound Pareto dominance: coherence, correctness",4,1,3,True,True,False
helpsteer2:08428,train,1,"lower-bound Pareto dominance: coherence, correctness",0,1,1,False,False,False
helpsteer2:08429,train,-1,lower-bound Pareto dominance: correctness,-1,-1,-1,True,False,False
helpsteer2:08430,train,-1,lower-bound Pareto dominance: correctness,0,-1,-1,False,False,False
helpsteer2:08431,train,0,equivalent within epsilon,0,0,0,False,False,False
helpsteer2:08432,train,0,equivalent within epsilon,0,0,0,False,False,False
helpsteer2:08433,train,-1,"lower-bound Pareto dominance: coherence, correctness",-3,-1,-3,True,True,False
helpsteer2:08434,train,-1,lower-bound Pareto dominance: correctness,-1,-1,-1,True,True,False
helpsteer2:08435,train,1,"lower-bound Pareto dominance: coherence, correctness",1,1,2,True,True,False
helpsteer2:08436,train,-1,lower-bound Pareto dominance: correctness,-2,-1,-2,True,True,False
helpsteer2:08437,train,1,lower-bound Pareto dominance: correctness,2,-1,-1,True,True,False
helpsteer2:08438,train,0,equivalent within epsilon,0,-1,-1,False,False,False
helpsteer2:08439,train,1,lower-bound Pareto dominance: correctness,1,1,3,True,True,False
helpsteer2:08440,train,-1,"lower-bound Pareto dominance: coherence, correctness",-1,-1,-1,True,False,False
helpsteer2:08441,train,1,"lower-bound Pareto dominance: coherence, correctness",2,1,2,True,True,False
helpsteer2:08442,train,-1,lower-bound Pareto dominance: correctness,-1,-1,-2,True,True,False
helpsteer2:08443,train,-1,"lower-bound Pareto dominance: coherence, correctness",-1,-1,-1,True,True,False
helpsteer2:08444,train,1,lower-bound Pareto dominance: correctness,2,1,2,True,True,False
helpsteer2:08445,train,1,lower-bound Pareto dominance: correctness,4,1,3,True,True,False
helpsteer2:08446,train,-1,"lower-bound Pareto dominance: coherence, correctness",-3,-1,-3,True,True,False
helpsteer2:08447,train,-1,lower-bound Pareto dominance: correctness,-2,-1,-2,True,True,False
helpsteer2:08448,train,-1,"lower-bound Pareto dominance: coherence, correctness",-3,-1,-3,True,True,False
helpsteer2:08449,train,1,lower-bound Pareto dominance: correctness,3,1,3,True,True,False
helpsteer2:08450,train,0,equivalent within epsilon,0,-1,-1,False,False,False
helpsteer2:08451,train,-1,"lower-bound Pareto dominance: coherence, correctness",-4,-1,-3,True,True,False
helpsteer2:08452,train,-1,"lower-bound Pareto dominance: coherence, correctness",-1,-1,-2,True,True,False
helpsteer2:08453,train,-1,lower-bound Pareto dominance: correctness,-1,-1,-1,True,True,False
helpsteer2:08454,train,1,lower-bound Pareto dominance: correctness,3,1,2,True,True,False
helpsteer2:08455,train,1,lower-bound Pareto dominance: correctness,0,0,0,False,False,False
helpsteer2:08456,train,-1,lower-bound Pareto dominance: coherence,-1,0,0,True,True,False
helpsteer2:08457,train,1,lower-bound Pareto dominance: correctness,1,1,1,True,True,False
helpsteer2:08458,train,1,"lower-bound Pareto dominance: coherence, correctness",1,1,1,True,True,False
helpsteer2:08459,train,0,equivalent within epsilon,0,1,1,False,False,False
helpsteer2:08460,train,-1,lower-bound Pareto dominance: correctness,-2,1,1,True,True,False
helpsteer2:08461,train,-1,"lower-bound Pareto dominance: coherence, correctness",-3,-1,-2,True,True,False
helpsteer2:08462,train,-1,lower-bound Pareto dominance: coherence,0,0,0,False,False,False
helpsteer2:08463,train,0,equivalent within epsilon,0,1,1,False,False,False
helpsteer2:08464,train,-1,lower-bound Pareto dominance: correctness,-3,-1,-3,True,True,False
helpsteer2:08465,train,0,equivalent within epsilon,0,-1,-1,False,False,False
helpsteer2:08466,train,0,equivalent within epsilon,0,1,1,False,False,False
helpsteer2:08467,train,-1,lower-bound Pareto dominance: correctness,-2,-1,-2,True,True,False
helpsteer2:08468,train,1,lower-bound Pareto dominance: correctness,2,1,2,True,True,False
helpsteer2:08469,train,0,equivalent within epsilon,0,1,1,False,False,False
helpsteer2:08470,train,1,lower-bound Pareto dominance: correctness,1,1,1,True,True,False
helpsteer2:08471,train,-1,lower-bound Pareto dominance: correctness,-4,-1,-3,True,True,False
helpsteer2:08472,train,-1,"lower-bound Pareto dominance: coherence, correctness",-2,-1,-2,True,True,False
helpsteer2:08473,train,-1,"lower-bound Pareto dominance: coherence, correctness",-2,-1,-2,True,True,False
helpsteer2:08474,train,1,"lower-bound Pareto dominance: coherence, correctness",2,-1,-1,True,True,False
helpsteer2:08475,train,1,lower-bound Pareto dominance: correctness,1,1,1,True,True,False
helpsteer2:08476,train,-1,lower-bound Pareto dominance: correctness,-2,-1,-2,True,True,False
helpsteer2:08477,train,-1,lower-bound Pareto dominance: correctness,-1,-1,-1,True,True,False
helpsteer2:08478,train,-1,lower-bound Pareto dominance: correctness,-1,-1,-2,True,True,False
helpsteer2:08479,train,-1,lower-bound Pareto dominance: correctness,-3,-1,-3,True,True,False
helpsteer2:08480,train,0,equivalent within epsilon,-1,-1,-1,False,False,False
helpsteer2:08481,train,1,"lower-bound Pareto dominance: coherence, correctness",2,1,2,True,True,False
helpsteer2:08482,train,0,equivalent within epsilon,0,-1,-1,False,False,False
helpsteer2:08483,train,1,"lower-bound Pareto dominance: coherence, correctness",3,1,2,True,True,False
helpsteer2:08484,train,0,cross-objective tradeoff,0,1,2,False,False,False
helpsteer2:08485,train,-1,"lower-bound Pareto dominance: coherence, correctness",-3,-1,-3,True,True,False
helpsteer2:08486,train,1,lower-bound Pareto dominance: correctness,1,1,1,True,True,False
helpsteer2:08487,train,1,lower-bound Pareto dominance: correctness,1,1,1,True,False,False
helpsteer2:08488,train,-1,lower-bound Pareto dominance: correctness,-1,-1,-2,True,True,False
helpsteer2:08489,train,1,lower-bound Pareto dominance: coherence,-3,-1,-1,True,True,False
helpsteer2:08490,train,-1,lower-bound Pareto dominance: correctness,-1,-1,-1,True,True,False
helpsteer2:08491,train,-1,lower-bound Pareto dominance: correctness,-4,-1,-3,True,True,False
helpsteer2:08492,train,1,lower-bound Pareto dominance: correctness,0,0,0,False,False,False
helpsteer2:08493,train,1,"lower-bound Pareto dominance: coherence, correctness",1,1,2,True,True,False
helpsteer2:08494,train,1,"lower-bound Pareto dominance: coherence, correctness",1,1,1,True,True,False
helpsteer2:08495,train,0,equivalent within epsilon,0,1,1,False,False,False
helpsteer2:08496,train,-1,"lower-bound Pareto dominance: coherence, correctness",-3,-1,-3,True,True,False
helpsteer2:08497,train,1,lower-bound Pareto dominance: correctness,3,1,2,True,True,False
helpsteer2:08498,train,-1,"lower-bound Pareto dominance: coherence, correctness",-4,-1,-3,True,True,False
helpsteer2:08499,train,-1,"lower-bound Pareto dominance: coherence, correctness",-2,-1,-2,True,True,False
helpsteer2:08500,train,-1,"lower-bound Pareto dominance: coherence, correctness",-4,-1,-3,True,True,False
helpsteer2:08501,train,0,equivalent within epsilon,0,0,0,False,False,False
helpsteer2:08502,train,-1,lower-bound Pareto dominance: correctness,-4,-1,-3,True,True,False
helpsteer2:08503,train,1,lower-bound Pareto dominance: correctness,2,1,2,True,True,False
helpsteer2:08504,train,1,lower-bound Pareto dominance: coherence,2,1,2,True,True,False
helpsteer2:08505,train,1,"lower-bound Pareto dominance: coherence, correctness",1,0,0,True,True,False
helpsteer2:08506,train,-1,"lower-bound Pareto dominance: coherence, correctness",-1,-1,-1,True,False,False
helpsteer2:08507,train,0,equivalent within epsilon,0,1,1,False,False,False
helpsteer2:08508,train,-1,lower-bound Pareto dominance: correctness,-1,-1,-1,True,True,False
helpsteer2:08509,train,0,equivalent within epsilon,0,0,0,False,False,False
helpsteer2:08510,train,1,lower-bound Pareto dominance: correctness,1,1,2,True,True,False
helpsteer2:08511,train,1,lower-bound Pareto dominance: correctness,2,1,2,True,True,False
helpsteer2:08512,train,0,equivalent within epsilon,0,0,0,False,False,False
helpsteer2:08513,train,1,"lower-bound Pareto dominance: coherence, correctness",4,1,3,True,True,False
helpsteer2:08514,train,0,equivalent within epsilon,0,-1,-2,False,False,False
helpsteer2:08515,train,0,equivalent within epsilon,0,0,0,False,False,False
helpsteer2:08516,train,1,lower-bound Pareto dominance: correctness,1,1,1,True,True,False
helpsteer2:08517,train,1,lower-bound Pareto dominance: correctness,4,1,3,True,True,False
helpsteer2:08518,train,-1,lower-bound Pareto dominance: correctness,-2,-1,-2,True,True,False
helpsteer2:08519,train,-1,"lower-bound Pareto dominance: coherence, correctness",-2,-1,-1,True,True,False
helpsteer2:08520,train,-1,"lower-bound Pareto dominance: coherence, correctness",-1,-1,-1,True,True,False
helpsteer2:08521,train,1,"lower-bound Pareto dominance: coherence, correctness",2,1,2,True,True,False
helpsteer2:08522,train,-1,"lower-bound Pareto dominance: coherence, correctness",-1,-1,-1,True,True,False
helpsteer2:08523,train,-1,lower-bound Pareto dominance: correctness,-3,-1,-2,True,True,False
helpsteer2:08524,train,0,equivalent within epsilon,2,1,2,False,True,False
helpsteer2:08525,train,0,equivalent within epsilon,0,0,0,False,False,False
helpsteer2:08526,train,-1,lower-bound Pareto dominance: correctness,-3,-1,-3,True,True,False
helpsteer2:08527,train,-1,"lower-bound Pareto dominance: coherence, correctness",-1,-1,-1,True,True,False
helpsteer2:08528,train,1,lower-bound Pareto dominance: correctness,1,1,2,True,False,False
helpsteer2:08529,train,0,equivalent within epsilon,0,0,0,False,False,False
helpsteer2:08530,train,1,"lower-bound Pareto dominance: coherence, correctness",3,1,3,True,True,False
helpsteer2:08531,train,0,equivalent within epsilon,0,0,0,False,False,False
helpsteer2:08532,train,-1,lower-bound Pareto dominance: correctness,-1,-1,-2,True,True,False
helpsteer2:08533,train,-1,"lower-bound Pareto dominance: coherence, correctness",-4,-1,-3,True,True,False
helpsteer2:08534,train,-1,"lower-bound Pareto dominance: coherence, correctness",-1,0,0,True,False,False
helpsteer2:08535,train,-1,"lower-bound Pareto dominance: coherence, correctness",-4,-1,-3,True,True,False
helpsteer2:08536,train,1,lower-bound Pareto dominance: correctness,2,1,2,True,True,False
helpsteer2:08537,train,-1,lower-bound Pareto dominance: correctness,-1,-1,-1,True,True,False
helpsteer2:08538,train,0,cross-objective tradeoff,-1,0,0,False,False,False
helpsteer2:08539,train,1,"lower-bound Pareto dominance: coherence, correctness",-1,-1,-3,True,True,False
helpsteer2:08540,train,0,equivalent within epsilon,0,0,0,False,False,False
helpsteer2:08541,train,-1,"lower-bound Pareto dominance: coherence, correctness",-3,-1,-1,True,True,False
helpsteer2:08542,train,1,lower-bound Pareto dominance: correctness,1,1,2,True,True,False
helpsteer2:08543,train,0,equivalent within epsilon,-3,-1,-3,False,True,False
helpsteer2:08544,train,-1,"lower-bound Pareto dominance: coherence, correctness",-3,-1,-2,True,True,False
helpsteer2:08545,train,0,equivalent within epsilon,-1,-1,-1,False,False,False
helpsteer2:08546,train,1,"lower-bound Pareto dominance: coherence, correctness",2,1,2,True,True,False
helpsteer2:08547,train,-1,lower-bound Pareto dominance: correctness,-2,-1,-2,True,True,False
helpsteer2:08548,train,0,equivalent within epsilon,0,0,0,False,False,False
helpsteer2:08549,train,0,cross-objective tradeoff,1,0,0,False,True,False
helpsteer2:08550,train,0,cross-objective tradeoff,2,1,2,False,True,False
helpsteer2:08551,train,0,equivalent within epsilon,1,-1,-1,False,True,False
helpsteer2:08552,train,1,"lower-bound Pareto dominance: coherence, correctness",3,1,3,True,True,False
helpsteer2:08553,train,1,"lower-bound Pareto dominance: coherence, correctness",2,1,2,True,True,False
helpsteer2:08554,train,-1,lower-bound Pareto dominance: correctness,-1,-1,-2,True,True,False
helpsteer2:08555,train,-1,"lower-bound Pareto dominance: coherence, correctness",0,-1,-1,False,False,False
helpsteer2:08556,train,0,equivalent within epsilon,2,1,2,False,True,False
helpsteer2:08557,train,1,lower-bound Pareto dominance: correctness,4,1,3,True,True,False
helpsteer2:08558,train,-1,lower-bound Pareto dominance: correctness,-3,-1,-2,True,True,False
helpsteer2:08559,train,0,equivalent within epsilon,-2,0,0,False,True,False
helpsteer2:08560,train,-1,lower-bound Pareto dominance: correctness,-1,-1,-1,True,True,False
helpsteer2:08561,train,1,"lower-bound Pareto dominance: coherence, correctness",2,1,2,True,True,False
helpsteer2:08562,train,0,cross-objective tradeoff,1,0,0,False,False,False
helpsteer2:08563,train,-1,lower-bound Pareto dominance: correctness,-2,1,1,True,True,False
helpsteer2:08564,train,-1,"lower-bound Pareto dominance: coherence, correctness",-1,-1,-1,True,True,False
helpsteer2:08565,train,1,lower-bound Pareto dominance: correctness,1,1,1,True,True,False
helpsteer2:08566,train,1,"lower-bound Pareto dominance: coherence, correctness",2,1,2,True,True,False
helpsteer2:08567,train,1,lower-bound Pareto dominance: correctness,2,1,2,True,True,False
helpsteer2:08568,train,0,equivalent within epsilon,1,1,2,False,False,False
helpsteer2:08569,train,0,equivalent within epsilon,0,-1,-1,False,False,False
helpsteer2:08570,train,-1,lower-bound Pareto dominance: correctness,-3,-1,-3,True,True,False
helpsteer2:08571,train,-1,"lower-bound Pareto dominance: coherence, correctness",-2,-1,-2,True,True,False
helpsteer2:08572,train,1,"lower-bound Pareto dominance: coherence, correctness",3,1,3,True,True,False
helpsteer2:08573,train,-1,"lower-bound Pareto dominance: coherence, correctness",-2,-1,-2,True,True,False
helpsteer2:08574,train,1,"lower-bound Pareto dominance: coherence, correctness",2,1,2,True,True,False
helpsteer2:08575,train,-1,"lower-bound Pareto dominance: coherence, correctness",-1,-1,-1,True,True,False
helpsteer2:08576,train,-1,lower-bound Pareto dominance: correctness,-2,-1,-2,True,True,False
helpsteer2:08577,train,0,equivalent within epsilon,-1,0,0,False,True,False
helpsteer2:08578,train,1,lower-bound Pareto dominance: correctness,2,1,2,True,True,False
helpsteer2:08579,train,0,equivalent within epsilon,-1,-1,-1,False,True,False
helpsteer2:08580,train,1,lower-bound Pareto dominance: coherence,1,0,0,True,True,False
helpsteer2:08581,train,0,equivalent within epsilon,0,1,1,False,False,False
helpsteer2:08582,train,-1,lower-bound Pareto dominance: correctness,0,0,0,False,False,False
helpsteer2:08583,train,0,equivalent within epsilon,1,1,1,False,True,False
helpsteer2:08584,train,1,"lower-bound Pareto dominance: coherence, correctness",2,1,1,True,True,False
helpsteer2:08585,train,-1,lower-bound Pareto dominance: correctness,-4,-1,-3,True,True,False
helpsteer2:08586,train,1,lower-bound Pareto dominance: correctness,2,1,2,True,True,False
helpsteer2:08587,train,-1,lower-bound Pareto dominance: correctness,0,0,0,False,False,False
helpsteer2:08588,train,-1,"lower-bound Pareto dominance: coherence, correctness",-2,-1,-2,True,True,False
helpsteer2:08589,train,1,"lower-bound Pareto dominance: coherence, correctness",3,1,3,True,True,False
helpsteer2:08590,train,-1,"lower-bound Pareto dominance: coherence, correctness",-1,-1,-1,True,True,False
helpsteer2:08591,train,0,equivalent within epsilon,0,1,1,False,False,False
helpsteer2:08592,train,-1,lower-bound Pareto dominance: correctness,-3,-1,-3,True,True,False
helpsteer2:08593,train,1,lower-bound Pareto dominance: correctness,0,-1,-2,False,False,False
helpsteer2:08594,train,1,"lower-bound Pareto dominance: coherence, correctness",1,1,1,True,True,False
helpsteer2:08595,train,1,"lower-bound Pareto dominance: coherence, correctness",1,0,0,True,True,False
helpsteer2:08596,train,1,lower-bound Pareto dominance: correctness,4,1,2,True,True,False
helpsteer2:08597,train,-1,lower-bound Pareto dominance: correctness,-1,-1,-1,True,True,False
helpsteer2:08598,train,0,equivalent within epsilon,0,1,1,False,False,False
helpsteer2:08599,train,-1,"lower-bound Pareto dominance: coherence, correctness",-1,-1,-1,True,True,False
helpsteer2:08600,train,0,equivalent within epsilon,1,-1,-1,False,True,False
helpsteer2:08601,train,1,lower-bound Pareto dominance: coherence,0,0,0,False,False,False
helpsteer2:08602,train,0,cross-objective tradeoff,-1,-1,-2,False,True,False
helpsteer2:08603,train,1,lower-bound Pareto dominance: coherence,1,1,1,True,True,False
helpsteer2:08604,train,1,"lower-bound Pareto dominance: coherence, correctness",2,1,3,True,True,False
helpsteer2:08605,train,0,equivalent within epsilon,0,0,0,False,False,False
helpsteer2:08606,train,1,"lower-bound Pareto dominance: coherence, correctness",3,1,2,True,True,False
helpsteer2:08607,train,0,equivalent within epsilon,-3,-1,-2,False,True,False
helpsteer2:08608,train,1,lower-bound Pareto dominance: correctness,3,1,3,True,True,False
helpsteer2:08609,train,0,equivalent within epsilon,-1,1,2,False,True,False
helpsteer2:08610,train,-1,lower-bound Pareto dominance: correctness,-1,-1,-1,True,True,False
helpsteer2:08611,train,1,"lower-bound Pareto dominance: coherence, correctness",3,1,3,True,True,False
helpsteer2:08612,train,0,equivalent within epsilon,1,1,1,False,True,False
helpsteer2:08613,train,0,equivalent within epsilon,2,1,2,False,True,False
helpsteer2:08614,train,1,"lower-bound Pareto dominance: coherence, correctness",2,1,1,True,True,False
helpsteer2:08615,train,0,equivalent within epsilon,0,0,0,False,False,False
helpsteer2:08616,train,1,lower-bound Pareto dominance: correctness,4,1,3,True,True,False
helpsteer2:08617,train,-1,lower-bound Pareto dominance: coherence,-1,-1,-1,True,True,False
helpsteer2:08618,train,0,equivalent within epsilon,0,0,0,False,False,False
helpsteer2:08619,train,-1,lower-bound Pareto dominance: correctness,-1,-1,-2,True,False,False
helpsteer2:08620,train,-1,lower-bound Pareto dominance: correctness,0,-1,-2,False,False,False
helpsteer2:08621,train,0,equivalent within epsilon,1,1,1,False,True,False
helpsteer2:08622,train,1,"lower-bound Pareto dominance: coherence, correctness",3,1,3,True,True,False
helpsteer2:08623,train,1,lower-bound Pareto dominance: correctness,1,1,1,True,True,False
helpsteer2:08624,train,1,lower-bound Pareto dominance: correctness,1,1,1,True,True,False
helpsteer2:08625,train,0,equivalent within epsilon,0,0,0,False,False,False
helpsteer2:08626,train,1,lower-bound Pareto dominance: correctness,1,1,2,True,True,False
helpsteer2:08627,train,1,lower-bound Pareto dominance: coherence,1,1,1,True,True,False
helpsteer2:08628,train,0,equivalent within epsilon,0,0,0,False,False,False
helpsteer2:08629,train,1,lower-bound Pareto dominance: correctness,3,1,3,True,True,False
helpsteer2:08630,train,1,"lower-bound Pareto dominance: coherence, correctness",1,0,0,True,True,False
helpsteer2:08631,train,1,"lower-bound Pareto dominance: coherence, correctness",0,0,0,False,False,False
helpsteer2:08632,train,0,equivalent within epsilon,0,1,1,False,False,False
helpsteer2:08633,train,1,lower-bound Pareto dominance: correctness,0,1,1,False,False,False
helpsteer2:08634,train,1,"lower-bound Pareto dominance: coherence, correctness",2,1,2,True,True,False
helpsteer2:08635,train,1,"lower-bound Pareto dominance: coherence, correctness",1,0,0,True,True,False
helpsteer2:08636,train,0,equivalent within epsilon,0,1,1,False,False,False
helpsteer2:08637,train,1,"lower-bound Pareto dominance: coherence, correctness",3,1,2,True,True,False
helpsteer2:08638,train,-1,lower-bound Pareto dominance: correctness,-2,-1,-1,True,True,False
helpsteer2:08639,train,-1,lower-bound Pareto dominance: correctness,-1,-1,-2,True,True,False
helpsteer2:08640,train,0,equivalent within epsilon,0,0,0,False,False,False
helpsteer2:08641,train,-1,lower-bound Pareto dominance: correctness,-3,-1,-2,True,True,False
helpsteer2:08642,train,1,"lower-bound Pareto dominance: coherence, correctness",2,1,2,True,True,False
helpsteer2:08643,train,0,cross-objective tradeoff,-2,-1,-2,False,True,False
helpsteer2:08644,train,0,equivalent within epsilon,0,1,1,False,False,False
helpsteer2:08645,train,-1,lower-bound Pareto dominance: coherence,-1,-1,-2,True,True,False
helpsteer2:08646,train,1,"lower-bound Pareto dominance: coherence, correctness",2,1,2,True,True,False
helpsteer2:08647,train,1,lower-bound Pareto dominance: correctness,1,0,0,True,True,False
helpsteer2:08648,train,1,"lower-bound Pareto dominance: coherence, correctness",2,1,1,True,True,False
helpsteer2:08649,train,1,lower-bound Pareto dominance: correctness,1,1,1,True,True,False
helpsteer2:08650,train,0,equivalent within epsilon,0,0,0,False,False,False
helpsteer2:08651,train,0,equivalent within epsilon,0,0,0,False,False,False
helpsteer2:08652,train,-1,lower-bound Pareto dominance: correctness,-2,-1,-2,True,True,False
helpsteer2:08653,train,1,lower-bound Pareto dominance: correctness,1,1,1,True,True,False
helpsteer2:08654,train,1,"lower-bound Pareto dominance: coherence, correctness",1,1,2,True,True,False
helpsteer2:08655,train,1,lower-bound Pareto dominance: correctness,2,1,1,True,True,False
helpsteer2:08656,train,1,lower-bound Pareto dominance: coherence,1,1,1,True,True,False
helpsteer2:08657,train,0,equivalent within epsilon,0,0,0,False,False,False
helpsteer2:08658,train,0,equivalent within epsilon,0,0,0,False,False,False
helpsteer2:08659,train,-1,"lower-bound Pareto dominance: coherence, correctness",-2,-1,-2,True,True,False
helpsteer2:08660,train,1,lower-bound Pareto dominance: correctness,3,1,3,True,True,False
helpsteer2:08661,train,-1,lower-bound Pareto dominance: correctness,-2,-1,-2,True,True,False
helpsteer2:08662,train,0,equivalent within epsilon,0,0,0,False,False,False
helpsteer2:08663,train,-1,lower-bound Pareto dominance: correctness,-1,-1,-1,True,True,False
helpsteer2:08664,train,1,lower-bound Pareto dominance: coherence,0,-1,-1,False,False,False
helpsteer2:08665,train,1,"lower-bound Pareto dominance: coherence, correctness",4,1,3,True,True,False
helpsteer2:08666,train,1,"lower-bound Pareto dominance: coherence, correctness",3,1,1,True,True,False
helpsteer2:08667,train,1,"lower-bound Pareto dominance: coherence, correctness",1,1,1,True,True,False
helpsteer2:08668,train,1,lower-bound Pareto dominance: correctness,1,1,1,True,True,False
helpsteer2:08669,train,-1,lower-bound Pareto dominance: coherence,-1,0,0,True,True,False
helpsteer2:08670,train,0,equivalent within epsilon,0,0,0,False,False,False
helpsteer2:08671,train,1,"lower-bound Pareto dominance: coherence, correctness",3,1,3,True,True,False
helpsteer2:08672,train,0,equivalent within epsilon,0,1,1,False,False,False
helpsteer2:08673,train,-1,lower-bound Pareto dominance: correctness,-1,-1,-2,True,False,False
helpsteer2:08674,train,-1,"lower-bound Pareto dominance: coherence, correctness",-2,-1,-2,True,True,False
helpsteer2:08675,train,1,"lower-bound Pareto dominance: coherence, correctness",4,1,3,True,True,False
helpsteer2:08676,train,-1,lower-bound Pareto dominance: correctness,-1,-1,-1,True,True,False
helpsteer2:08677,validation,-1,lower-bound Pareto dominance: correctness,-1,1,1,True,True,False
helpsteer2:08678,validation,-1,"lower-bound Pareto dominance: coherence, correctness",-3,-1,-3,True,True,False
helpsteer2:08679,validation,1,"lower-bound Pareto dominance: coherence, correctness",1,1,1,True,True,False
helpsteer2:08680,validation,1,lower-bound Pareto dominance: correctness,3,1,3,True,True,False
helpsteer2:08681,validation,1,lower-bound Pareto dominance: correctness,2,1,2,True,True,False
helpsteer2:08682,validation,-1,"lower-bound Pareto dominance: coherence, correctness",-1,-1,-1,True,False,False
helpsteer2:08683,validation,-1,lower-bound Pareto dominance: correctness,-2,1,2,True,True,False
helpsteer2:08684,validation,1,lower-bound Pareto dominance: correctness,1,1,1,True,False,False
helpsteer2:08685,validation,1,"lower-bound Pareto dominance: coherence, correctness",1,1,1,True,True,False
helpsteer2:08686,validation,-1,lower-bound Pareto dominance: correctness,-1,-1,-1,True,True,False
helpsteer2:08687,validation,0,cross-objective tradeoff,1,-1,-1,False,True,False
helpsteer2:08688,validation,0,equivalent within epsilon,0,1,2,False,False,False
helpsteer2:08689,validation,-1,lower-bound Pareto dominance: coherence,0,-1,-1,False,False,False
helpsteer2:08690,validation,-1,lower-bound Pareto dominance: correctness,-3,-1,-2,True,True,False
helpsteer2:08691,validation,0,equivalent within epsilon,0,0,0,False,False,False
helpsteer2:08692,validation,-1,"lower-bound Pareto dominance: coherence, correctness",-3,-1,-3,True,True,False
helpsteer2:08693,validation,-1,"lower-bound Pareto dominance: coherence, correctness",-2,-1,-2,True,True,False
helpsteer2:08694,validation,-1,"lower-bound Pareto dominance: coherence, correctness",-3,-1,-3,True,True,False
helpsteer2:08695,validation,-1,"lower-bound Pareto dominance: coherence, correctness",-2,-1,-2,True,True,False
helpsteer2:08696,validation,0,equivalent within epsilon,0,0,0,False,False,False
helpsteer2:08697,validation,0,equivalent within epsilon,0,0,0,False,False,False
helpsteer2:08698,validation,1,lower-bound Pareto dominance: correctness,1,1,1,True,True,False
helpsteer2:08699,validation,0,equivalent within epsilon,0,1,1,False,False,False
helpsteer2:08700,validation,-1,"lower-bound Pareto dominance: coherence, correctness",-3,-1,-3,True,True,False
helpsteer2:08701,validation,0,equivalent within epsilon,0,0,0,False,False,False
helpsteer2:08702,validation,0,equivalent within epsilon,1,1,1,False,True,False
helpsteer2:08703,validation,-1,"lower-bound Pareto dominance: coherence, correctness",-2,-1,-3,True,True,False
helpsteer2:08704,validation,0,equivalent within epsilon,1,-1,-1,False,True,False
helpsteer2:08705,validation,0,equivalent within epsilon,0,0,0,False,False,False
helpsteer2:08706,validation,-1,lower-bound Pareto dominance: correctness,-1,-1,-2,True,True,False
helpsteer2:08707,validation,-1,lower-bound Pareto dominance: correctness,-2,-1,-2,True,True,False
helpsteer2:08708,validation,0,equivalent within epsilon,0,0,0,False,False,False
helpsteer2:08709,validation,-1,lower-bound Pareto dominance: correctness,-1,0,0,True,True,False
helpsteer2:08710,validation,1,lower-bound Pareto dominance: correctness,2,1,2,True,True,False
helpsteer2:08711,validation,0,equivalent within epsilon,-1,-1,-2,False,True,False
helpsteer2:08712,validation,1,lower-bound Pareto dominance: correctness,0,0,0,False,False,False
helpsteer2:08713,validation,0,equivalent within epsilon,0,1,1,False,False,False
helpsteer2:08714,validation,1,lower-bound Pareto dominance: correctness,2,1,2,True,True,False
helpsteer2:08715,validation,1,lower-bound Pareto dominance: correctness,1,1,1,True,True,False
helpsteer2:08716,validation,1,lower-bound Pareto dominance: correctness,1,1,1,True,True,False
helpsteer2:08717,validation,-1,"lower-bound Pareto dominance: coherence, correctness",-1,-1,-2,True,True,False
helpsteer2:08718,validation,0,equivalent within epsilon,0,-1,-1,False,False,False
helpsteer2:08719,validation,1,"lower-bound Pareto dominance: coherence, correctness",4,1,3,True,True,False
helpsteer2:08720,validation,1,lower-bound Pareto dominance: correctness,1,1,1,True,True,False
helpsteer2:08721,validation,1,lower-bound Pareto dominance: correctness,1,1,2,True,False,False
helpsteer2:08722,validation,0,equivalent within epsilon,0,0,0,False,False,False
helpsteer2:08723,validation,1,"lower-bound Pareto dominance: coherence, correctness",1,1,1,True,True,False
helpsteer2:08724,validation,1,lower-bound Pareto dominance: correctness,0,0,0,False,False,False
helpsteer2:08725,validation,0,equivalent within epsilon,0,0,0,False,False,False
helpsteer2:08726,validation,0,equivalent within epsilon,1,0,0,False,True,False
helpsteer2:08727,validation,-1,"lower-bound Pareto dominance: coherence, correctness",-3,-1,-3,True,True,False
helpsteer2:08728,validation,-1,lower-bound Pareto dominance: correctness,-2,-1,-2,True,True,False
helpsteer2:08729,validation,-1,lower-bound Pareto dominance: correctness,0,-1,-1,False,False,False
helpsteer2:08730,validation,-1,lower-bound Pareto dominance: correctness,-2,-1,-2,True,True,False
helpsteer2:08731,validation,1,"lower-bound Pareto dominance: coherence, correctness",3,1,2,True,True,False
helpsteer2:08732,validation,-1,"lower-bound Pareto dominance: coherence, correctness",-3,-1,-2,True,True,False
helpsteer2:08733,validation,1,"lower-bound Pareto dominance: coherence, correctness",2,1,2,True,True,False
helpsteer2:08734,validation,-1,lower-bound Pareto dominance: coherence,-1,0,0,True,True,False
helpsteer2:08735,validation,0,equivalent within epsilon,0,0,0,False,False,False
helpsteer2:08736,validation,0,equivalent within epsilon,0,-1,-1,False,False,False
helpsteer2:08737,validation,1,lower-bound Pareto dominance: coherence,1,0,0,True,True,False
helpsteer2:08738,validation,0,equivalent within epsilon,0,1,1,False,False,False
helpsteer2:08739,validation,-1,lower-bound Pareto dominance: correctness,-1,0,0,True,False,False
helpsteer2:08740,validation,0,equivalent within epsilon,0,0,0,False,False,False
helpsteer2:08741,validation,0,equivalent within epsilon,1,0,0,False,True,False
helpsteer2:08742,validation,1,lower-bound Pareto dominance: correctness,1,1,1,True,True,False
helpsteer2:08743,validation,1,"lower-bound Pareto dominance: coherence, correctness",2,1,2,True,True,False
helpsteer2:08744,validation,0,equivalent within epsilon,-1,-1,-1,False,True,False
helpsteer2:08745,validation,0,equivalent within epsilon,0,0,0,False,False,False
helpsteer2:08746,validation,-1,"lower-bound Pareto dominance: coherence, correctness",-1,-1,-2,True,True,False
helpsteer2:08747,validation,1,lower-bound Pareto dominance: correctness,1,1,2,True,True,False
helpsteer2:08748,validation,-1,lower-bound Pareto dominance: coherence,0,0,0,False,False,False
helpsteer2:08749,validation,-1,"lower-bound Pareto dominance: coherence, correctness",-1,-1,-1,True,True,False
helpsteer2:08750,validation,-1,"lower-bound Pareto dominance: coherence, correctness",-2,-1,-2,True,True,False
helpsteer2:08751,validation,1,lower-bound Pareto dominance: correctness,1,1,1,True,False,False
helpsteer2:08752,validation,0,equivalent within epsilon,0,-1,-2,False,False,False
helpsteer2:08753,validation,0,equivalent within epsilon,0,0,0,False,False,False
helpsteer2:08754,validation,1,lower-bound Pareto dominance: correctness,1,1,1,True,True,False
helpsteer2:08755,validation,-1,lower-bound Pareto dominance: correctness,-1,-1,-2,True,True,False
helpsteer2:08756,validation,1,lower-bound Pareto dominance: correctness,1,1,1,True,True,False
helpsteer2:08757,validation,1,lower-bound Pareto dominance: correctness,1,1,1,True,True,False
helpsteer2:08758,validation,0,equivalent within epsilon,0,0,0,False,False,False
helpsteer2:08759,validation,1,lower-bound Pareto dominance: correctness,0,0,0,False,False,False
helpsteer2:08760,validation,1,lower-bound Pareto dominance: correctness,1,0,0,True,False,False
helpsteer2:08761,validation,1,"lower-bound Pareto dominance: coherence, correctness",4,1,3,True,True,False
helpsteer2:08762,validation,1,"lower-bound Pareto dominance: coherence, correctness",3,1,2,True,True,False
helpsteer2:08763,validation,1,"lower-bound Pareto dominance: coherence, correctness",2,1,2,True,True,False
helpsteer2:08764,validation,-1,"lower-bound Pareto dominance: coherence, correctness",-1,-1,-2,True,True,False
helpsteer2:08765,validation,-1,lower-bound Pareto dominance: correctness,-2,-1,-2,True,True,False
helpsteer2:08766,validation,0,equivalent within epsilon,0,-1,-1,False,False,False
helpsteer2:08767,validation,1,"lower-bound Pareto dominance: coherence, correctness",1,1,1,True,True,False
helpsteer2:08768,validation,0,equivalent within epsilon,0,-1,-2,False,False,False
helpsteer2:08769,validation,1,"lower-bound Pareto dominance: coherence, correctness",2,1,2,True,True,False
helpsteer2:08770,validation,1,lower-bound Pareto dominance: correctness,2,1,2,True,True,False
helpsteer2:08771,validation,-1,lower-bound Pareto dominance: correctness,-2,-1,-1,True,True,False
helpsteer2:08772,validation,1,lower-bound Pareto dominance: correctness,4,1,3,True,True,False
helpsteer2:08773,validation,1,lower-bound Pareto dominance: correctness,1,1,1,True,True,False
helpsteer2:08774,validation,1,lower-bound Pareto dominance: correctness,3,1,2,True,True,False
helpsteer2:08775,validation,1,lower-bound Pareto dominance: correctness,1,1,1,True,True,False
helpsteer2:08776,validation,1,"lower-bound Pareto dominance: coherence, correctness",1,1,1,True,True,False
helpsteer2:08777,validation,0,equivalent within epsilon,0,-1,-2,False,False,False
helpsteer2:08778,validation,0,equivalent within epsilon,-1,-1,-1,False,True,False
helpsteer2:08779,validation,1,lower-bound Pareto dominance: correctness,1,0,0,True,True,False
helpsteer2:08780,validation,1,lower-bound Pareto dominance: correctness,1,1,1,True,True,False
helpsteer2:08781,validation,-1,lower-bound Pareto dominance: coherence,0,-1,-1,False,False,False
helpsteer2:08782,validation,1,"lower-bound Pareto dominance: coherence, correctness",1,1,1,True,True,False
helpsteer2:08783,validation,1,lower-bound Pareto dominance: correctness,1,1,1,True,True,False
helpsteer2:08784,validation,0,equivalent within epsilon,0,0,0,False,False,False
helpsteer2:08785,validation,0,equivalent within epsilon,0,0,0,False,False,False
helpsteer2:08786,validation,-1,"lower-bound Pareto dominance: coherence, correctness",-3,-1,-3,True,True,False
helpsteer2:08787,validation,1,lower-bound Pareto dominance: correctness,1,1,1,True,True,False
helpsteer2:08788,validation,-1,lower-bound Pareto dominance: correctness,-1,0,0,True,True,False
helpsteer2:08789,validation,1,lower-bound Pareto dominance: correctness,4,1,3,True,True,False
helpsteer2:08790,validation,-1,"lower-bound Pareto dominance: coherence, correctness",-2,-1,-2,True,True,False
helpsteer2:08791,validation,-1,lower-bound Pareto dominance: correctness,-2,-1,-3,True,True,False
helpsteer2:08792,validation,0,equivalent within epsilon,0,-1,-1,False,False,False
helpsteer2:08793,validation,0,equivalent within epsilon,1,0,0,False,True,False
helpsteer2:08794,validation,0,equivalent within epsilon,0,0,0,False,False,False
helpsteer2:08795,validation,-1,lower-bound Pareto dominance: coherence,-1,0,0,True,True,False
helpsteer2:08796,validation,-1,lower-bound Pareto dominance: coherence,-1,-1,-1,True,False,False
helpsteer2:08797,validation,1,lower-bound Pareto dominance: correctness,2,1,2,True,True,False
helpsteer2:08798,validation,0,equivalent within epsilon,0,0,0,False,False,False
helpsteer2:08799,validation,1,lower-bound Pareto dominance: correctness,2,1,2,True,True,False
helpsteer2:08800,validation,0,equivalent within epsilon,0,0,0,False,False,False
helpsteer2:08801,validation,1,lower-bound Pareto dominance: coherence,1,1,1,True,True,False
helpsteer2:08802,validation,0,cross-objective tradeoff,-3,-1,-2,False,True,False
helpsteer2:08803,validation,1,"lower-bound Pareto dominance: coherence, correctness",3,1,2,True,True,False
helpsteer2:08804,validation,-1,"lower-bound Pareto dominance: coherence, correctness",-2,-1,-2,True,True,False
helpsteer2:08805,validation,0,equivalent within epsilon,0,1,1,False,False,False
helpsteer2:08806,validation,-1,lower-bound Pareto dominance: correctness,-3,-1,-2,True,True,False
helpsteer2:08807,validation,-1,lower-bound Pareto dominance: correctness,-3,-1,-2,True,True,False
helpsteer2:08808,validation,1,lower-bound Pareto dominance: correctness,1,0,0,True,True,False
helpsteer2:08809,validation,0,equivalent within epsilon,0,0,0,False,False,False
helpsteer2:08810,validation,0,equivalent within epsilon,0,1,1,False,False,False
helpsteer2:08811,validation,1,lower-bound Pareto dominance: correctness,1,1,1,True,False,False
helpsteer2:08812,validation,-1,lower-bound Pareto dominance: correctness,-3,-1,-3,True,True,False
helpsteer2:08813,validation,-1,lower-bound Pareto dominance: coherence,0,-1,-1,False,False,False
helpsteer2:08814,validation,-1,lower-bound Pareto dominance: correctness,-2,-1,-2,True,True,False
helpsteer2:08815,validation,0,equivalent within epsilon,0,0,0,False,False,False
helpsteer2:08816,validation,1,"lower-bound Pareto dominance: coherence, correctness",3,1,3,True,True,False
helpsteer2:08817,validation,-1,lower-bound Pareto dominance: correctness,1,1,2,True,True,False
helpsteer2:08818,validation,0,equivalent within epsilon,0,-1,-1,False,False,False
helpsteer2:08819,validation,1,"lower-bound Pareto dominance: coherence, correctness",1,1,2,True,True,False
helpsteer2:08820,validation,1,lower-bound Pareto dominance: correctness,2,1,2,True,True,False
helpsteer2:08821,validation,-1,lower-bound Pareto dominance: correctness,-1,0,0,True,True,False
helpsteer2:08822,validation,1,lower-bound Pareto dominance: correctness,2,1,2,True,True,False
helpsteer2:08823,validation,0,equivalent within epsilon,0,0,0,False,False,False
helpsteer2:08824,validation,-1,"lower-bound Pareto dominance: coherence, correctness",-2,-1,-2,True,True,False
helpsteer2:08825,validation,-1,lower-bound Pareto dominance: correctness,-3,-1,-3,True,True,False
helpsteer2:08826,validation,-1,lower-bound Pareto dominance: correctness,-1,0,0,True,True,False
helpsteer2:08827,validation,1,lower-bound Pareto dominance: correctness,1,1,1,True,True,False
helpsteer2:08828,validation,1,lower-bound Pareto dominance: coherence,2,1,2,True,True,False
helpsteer2:08829,validation,1,"lower-bound Pareto dominance: coherence, correctness",2,1,2,True,True,False
helpsteer2:08830,validation,1,lower-bound Pareto dominance: coherence,1,1,1,True,True,False
helpsteer2:08831,validation,1,"lower-bound Pareto dominance: coherence, correctness",1,1,1,True,True,False
helpsteer2:08832,validation,-1,"lower-bound Pareto dominance: coherence, correctness",-1,-1,-1,True,False,False
helpsteer2:08833,validation,1,"lower-bound Pareto dominance: coherence, correctness",3,1,3,True,True,False
helpsteer2:08834,validation,-1,"lower-bound Pareto dominance: coherence, correctness",0,-1,-1,False,False,False
helpsteer2:08835,validation,-1,"lower-bound Pareto dominance: coherence, correctness",-1,-1,-1,True,True,False
helpsteer2:08836,validation,-1,lower-bound Pareto dominance: correctness,-4,-1,-3,True,True,False
helpsteer2:08837,validation,0,equivalent within epsilon,0,-1,-1,False,False,False
helpsteer2:08838,validation,1,lower-bound Pareto dominance: correctness,4,1,3,True,True,False
helpsteer2:08839,validation,0,equivalent within epsilon,0,0,0,False,False,False
helpsteer2:08840,validation,-1,lower-bound Pareto dominance: coherence,-1,0,0,True,True,False
helpsteer2:08841,validation,1,"lower-bound Pareto dominance: coherence, correctness",2,1,1,True,True,False
helpsteer2:08842,validation,-1,lower-bound Pareto dominance: coherence,0,-1,-1,False,False,False
helpsteer2:08843,validation,-1,lower-bound Pareto dominance: correctness,0,-1,-1,False,False,False
helpsteer2:08844,validation,0,equivalent within epsilon,1,1,1,False,False,False
helpsteer2:08845,validation,1,"lower-bound Pareto dominance: coherence, correctness",1,1,1,True,True,False
helpsteer2:08846,validation,1,"lower-bound Pareto dominance: coherence, correctness",3,1,2,True,True,False
helpsteer2:08847,validation,-1,"lower-bound Pareto dominance: coherence, correctness",-1,-1,-1,True,True,False
helpsteer2:08848,validation,1,lower-bound Pareto dominance: correctness,1,0,0,True,True,False
helpsteer2:08849,validation,1,lower-bound Pareto dominance: correctness,3,1,3,True,True,False
helpsteer2:08850,validation,-1,lower-bound Pareto dominance: correctness,-2,-1,-1,True,True,False
helpsteer2:08851,validation,0,equivalent within epsilon,1,1,1,False,True,False
helpsteer2:08852,validation,-1,lower-bound Pareto dominance: correctness,-4,-1,-3,True,True,False
helpsteer2:08853,validation,0,equivalent within epsilon,0,0,0,False,False,False
helpsteer2:08854,validation,1,lower-bound Pareto dominance: correctness,2,1,2,True,True,False
helpsteer2:08855,validation,1,"lower-bound Pareto dominance: coherence, correctness",2,1,2,True,True,False
helpsteer2:08856,validation,1,"lower-bound Pareto dominance: coherence, correctness",1,1,1,True,True,False
helpsteer2:08857,validation,0,equivalent within epsilon,0,0,0,False,False,False
helpsteer2:08858,validation,0,equivalent within epsilon,0,1,1,False,False,False
helpsteer2:08859,validation,0,equivalent within epsilon,0,1,1,False,False,False
helpsteer2:08860,validation,0,equivalent within epsilon,0,0,0,False,False,False
helpsteer2:08861,validation,1,lower-bound Pareto dominance: correctness,2,1,2,True,True,False
helpsteer2:08862,validation,0,equivalent within epsilon,0,0,0,False,False,False
helpsteer2:08863,validation,1,lower-bound Pareto dominance: correctness,1,1,1,True,True,False
helpsteer2:08864,validation,-1,"lower-bound Pareto dominance: coherence, correctness",-1,-1,-1,True,False,False
helpsteer2:08865,validation,0,equivalent within epsilon,0,0,0,False,False,False
helpsteer2:08866,validation,1,lower-bound Pareto dominance: coherence,0,0,0,False,False,False
helpsteer2:08867,validation,0,equivalent within epsilon,0,0,0,False,False,False
helpsteer2:08868,validation,0,equivalent within epsilon,0,0,0,False,False,False
helpsteer2:08869,validation,1,"lower-bound Pareto dominance: coherence, correctness",2,1,2,True,True,False
helpsteer2:08870,validation,-1,lower-bound Pareto dominance: correctness,-1,-1,-1,True,True,False
helpsteer2:08871,validation,-1,lower-bound Pareto dominance: correctness,-2,-1,-2,True,True,False
helpsteer2:08872,validation,-1,"lower-bound Pareto dominance: coherence, correctness",-2,-1,-2,True,True,False
helpsteer2:08873,validation,-1,lower-bound Pareto dominance: correctness,-1,-1,-1,True,True,False
helpsteer2:08874,validation,0,equivalent within epsilon,0,-1,-1,False,False,False
helpsteer2:08875,validation,-1,"lower-bound Pareto dominance: coherence, correctness",-2,-1,-2,True,True,False
helpsteer2:08876,validation,0,equivalent within epsilon,0,0,0,False,False,False
helpsteer2:08877,validation,1,lower-bound Pareto dominance: correctness,1,1,1,True,True,False
helpsteer2:08878,validation,-1,"lower-bound Pareto dominance: coherence, correctness",0,-1,-1,False,False,False
helpsteer2:08879,validation,1,"lower-bound Pareto dominance: coherence, correctness",1,1,2,True,True,False
helpsteer2:08880,validation,-1,lower-bound Pareto dominance: coherence,-1,-1,-2,True,True,False
helpsteer2:08881,validation,0,equivalent within epsilon,0,1,1,False,False,False
helpsteer2:08882,validation,1,lower-bound Pareto dominance: correctness,1,1,1,True,True,False
helpsteer2:08883,validation,1,"lower-bound Pareto dominance: coherence, correctness",1,1,1,True,False,False
helpsteer2:08884,validation,1,"lower-bound Pareto dominance: coherence, correctness",4,1,3,True,True,False
helpsteer2:08885,validation,1,lower-bound Pareto dominance: correctness,1,1,2,True,True,False
helpsteer2:08886,validation,1,lower-bound Pareto dominance: correctness,1,1,1,True,True,False
helpsteer2:08887,validation,0,equivalent within epsilon,1,0,0,False,True,False
helpsteer2:08888,validation,0,equivalent within epsilon,0,0,0,False,False,False
helpsteer2:08889,validation,0,equivalent within epsilon,0,0,0,False,False,False
helpsteer2:08890,validation,0,equivalent within epsilon,0,0,0,False,False,False
helpsteer2:08891,validation,-1,"lower-bound Pareto dominance: coherence, correctness",-3,-1,-3,True,True,False
helpsteer2:08892,validation,1,"lower-bound Pareto dominance: coherence, correctness",1,1,1,True,True,False
helpsteer2:08893,validation,-1,"lower-bound Pareto dominance: coherence, correctness",-3,-1,-2,True,True,False
helpsteer2:08894,validation,1,lower-bound Pareto dominance: correctness,2,1,3,True,True,False
helpsteer2:08895,validation,-1,"lower-bound Pareto dominance: coherence, correctness",-1,-1,-1,True,True,False
helpsteer2:08896,validation,-1,lower-bound Pareto dominance: correctness,0,0,0,False,False,False
helpsteer2:08897,validation,1,lower-bound Pareto dominance: correctness,0,1,2,False,False,False
helpsteer2:08898,validation,-1,lower-bound Pareto dominance: correctness,-1,-1,-1,True,False,False
helpsteer2:08899,validation,1,lower-bound Pareto dominance: correctness,3,1,3,True,True,False
helpsteer2:08900,validation,-1,lower-bound Pareto dominance: correctness,-2,-1,-2,True,True,False
helpsteer2:08901,validation,1,"lower-bound Pareto dominance: coherence, correctness",2,1,2,True,True,False
helpsteer2:08902,validation,1,"lower-bound Pareto dominance: coherence, correctness",3,1,3,True,True,False
helpsteer2:08903,validation,1,lower-bound Pareto dominance: correctness,0,0,0,False,False,False
helpsteer2:08904,validation,0,equivalent within epsilon,0,0,0,False,False,False
helpsteer2:08905,validation,0,equivalent within epsilon,-1,-1,-1,False,True,False
helpsteer2:08906,validation,0,equivalent within epsilon,0,1,1,False,False,False
helpsteer2:08907,validation,1,lower-bound Pareto dominance: coherence,1,1,1,True,True,False
helpsteer2:08908,validation,1,lower-bound Pareto dominance: correctness,2,1,1,True,True,False
helpsteer2:08909,validation,1,"lower-bound Pareto dominance: coherence, correctness",2,1,1,True,True,False
helpsteer2:08910,validation,-1,lower-bound Pareto dominance: correctness,-1,-1,-1,True,True,False
helpsteer2:08911,validation,1,"lower-bound Pareto dominance: coherence, correctness",4,1,3,True,True,False
helpsteer2:08912,validation,1,lower-bound Pareto dominance: coherence,1,1,2,True,True,False
helpsteer2:08913,validation,1,lower-bound Pareto dominance: correctness,1,1,3,True,True,False
helpsteer2:08914,validation,0,equivalent within epsilon,0,0,0,False,False,False
helpsteer2:08915,validation,-1,lower-bound Pareto dominance: correctness,0,0,0,False,False,False
helpsteer2:08916,validation,1,lower-bound Pareto dominance: correctness,4,1,3,True,True,False
helpsteer2:08917,validation,-1,lower-bound Pareto dominance: correctness,-3,-1,-3,True,True,False
helpsteer2:08918,validation,-1,lower-bound Pareto dominance: correctness,-4,-1,-3,True,True,False
helpsteer2:08919,validation,1,"lower-bound Pareto dominance: coherence, correctness",2,1,1,True,True,False
helpsteer2:08920,validation,-1,"lower-bound Pareto dominance: coherence, correctness",-1,-1,-1,True,True,False
helpsteer2:08921,validation,1,"lower-bound Pareto dominance: coherence, correctness",1,1,1,True,False,False
helpsteer2:08922,validation,-1,"lower-bound Pareto dominance: coherence, correctness",-2,-1,-3,True,True,False
helpsteer2:08923,validation,1,"lower-bound Pareto dominance: coherence, correctness",3,1,3,True,True,False
helpsteer2:08924,validation,-1,lower-bound Pareto dominance: correctness,-1,0,0,True,True,False
helpsteer2:08925,validation,1,lower-bound Pareto dominance: correctness,3,1,2,True,True,False
helpsteer2:08926,validation,1,"lower-bound Pareto dominance: coherence, correctness",1,1,1,True,False,False
helpsteer2:08927,validation,-1,lower-bound Pareto dominance: coherence,-1,0,0,True,False,False
helpsteer2:08928,validation,1,lower-bound Pareto dominance: correctness,2,1,2,True,True,False
helpsteer2:08929,validation,-1,"lower-bound Pareto dominance: coherence, correctness",-3,-1,-3,True,True,False
helpsteer2:08930,validation,-1,"lower-bound Pareto dominance: coherence, correctness",-3,-1,-3,True,True,False
helpsteer2:08931,validation,1,lower-bound Pareto dominance: correctness,0,-1,-1,False,False,False
helpsteer2:08932,validation,1,"lower-bound Pareto dominance: coherence, correctness",4,1,3,True,True,False
helpsteer2:08933,validation,0,equivalent within epsilon,0,-1,-1,False,False,False
helpsteer2:08934,validation,1,"lower-bound Pareto dominance: coherence, correctness",2,1,2,True,True,False
helpsteer2:08935,validation,-1,lower-bound Pareto dominance: correctness,-1,0,0,True,True,False
helpsteer2:08936,validation,-1,lower-bound Pareto dominance: correctness,0,0,0,False,False,False
helpsteer2:08937,validation,-1,lower-bound Pareto dominance: correctness,-3,-1,-2,True,True,False
helpsteer2:08938,validation,0,equivalent within epsilon,1,1,1,False,True,False
helpsteer2:08939,validation,1,lower-bound Pareto dominance: correctness,1,1,1,True,False,False
helpsteer2:08940,validation,0,equivalent within epsilon,0,-1,-1,False,False,False
helpsteer2:08941,validation,-1,"lower-bound Pareto dominance: coherence, correctness",-4,-1,-3,True,True,False
helpsteer2:08942,validation,1,"lower-bound Pareto dominance: coherence, correctness",2,1,2,True,True,False
helpsteer2:08943,validation,0,cross-objective tradeoff,-1,-1,-1,False,True,False
helpsteer2:08944,validation,1,lower-bound Pareto dominance: coherence,0,0,0,False,False,False
helpsteer2:08945,validation,1,lower-bound Pareto dominance: correctness,2,1,1,True,True,False
helpsteer2:08946,validation,0,equivalent within epsilon,0,0,0,False,False,False
helpsteer2:08947,validation,1,lower-bound Pareto dominance: correctness,1,0,0,True,True,False
helpsteer2:08948,validation,-1,lower-bound Pareto dominance: correctness,-4,-1,-3,True,True,False
helpsteer2:08949,validation,-1,"lower-bound Pareto dominance: coherence, correctness",-4,-1,-3,True,True,False
helpsteer2:08950,validation,-1,lower-bound Pareto dominance: correctness,0,-1,-2,False,False,False
helpsteer2:08951,validation,-1,lower-bound Pareto dominance: correctness,-2,-1,-1,True,True,False
helpsteer2:08952,validation,0,equivalent within epsilon,0,-1,-1,False,False,False
helpsteer2:08953,validation,-1,lower-bound Pareto dominance: correctness,-3,-1,-3,True,True,False
helpsteer2:08954,validation,1,lower-bound Pareto dominance: correctness,3,1,3,True,True,False
helpsteer2:08955,validation,1,"lower-bound Pareto dominance: coherence, correctness",4,1,3,True,True,False
helpsteer2:08956,validation,1,"lower-bound Pareto dominance: coherence, correctness",3,1,3,True,True,False
helpsteer2:08957,validation,1,"lower-bound Pareto dominance: coherence, correctness",2,1,1,True,True,False
helpsteer2:08958,validation,-1,lower-bound Pareto dominance: correctness,-1,-1,-1,True,True,False
helpsteer2:08959,validation,1,lower-bound Pareto dominance: correctness,4,1,3,True,True,False
helpsteer2:08960,validation,1,lower-bound Pareto dominance: correctness,2,1,2,True,True,False
helpsteer2:08961,validation,-1,"lower-bound Pareto dominance: coherence, correctness",-2,-1,-2,True,True,False
helpsteer2:08962,validation,0,equivalent within epsilon,0,1,1,False,False,False
helpsteer2:08963,validation,1,lower-bound Pareto dominance: correctness,2,1,2,True,True,False
helpsteer2:08964,validation,1,lower-bound Pareto dominance: coherence,3,1,3,True,True,False
helpsteer2:08965,validation,1,"lower-bound Pareto dominance: coherence, correctness",1,1,1,True,True,False
helpsteer2:08966,validation,-1,lower-bound Pareto dominance: correctness,-1,-1,-1,True,True,False
helpsteer2:08967,validation,1,"lower-bound Pareto dominance: coherence, correctness",1,1,1,True,True,False
helpsteer2:08968,validation,0,equivalent within epsilon,0,-1,-1,False,False,False
helpsteer2:08969,validation,-1,"lower-bound Pareto dominance: coherence, correctness",-4,-1,-3,True,True,False
helpsteer2:08970,validation,-1,lower-bound Pareto dominance: correctness,-1,-1,-1,True,True,False
helpsteer2:08971,validation,1,lower-bound Pareto dominance: correctness,0,-1,-1,False,False,False
helpsteer2:08972,validation,-1,"lower-bound Pareto dominance: coherence, correctness",-2,-1,-2,True,True,False
helpsteer2:08973,validation,-1,lower-bound Pareto dominance: correctness,1,1,2,True,True,False
helpsteer2:08974,validation,0,equivalent within epsilon,0,1,1,False,False,False
helpsteer2:08975,validation,1,"lower-bound Pareto dominance: coherence, correctness",0,0,0,False,False,False
helpsteer2:08976,validation,1,lower-bound Pareto dominance: coherence,1,1,1,True,True,False
helpsteer2:08977,validation,0,equivalent within epsilon,-1,0,0,False,True,False
helpsteer2:08978,validation,-1,"lower-bound Pareto dominance: coherence, correctness",-1,-1,-2,True,True,False
helpsteer2:08979,validation,0,cross-objective tradeoff,-2,0,0,False,True,False
helpsteer2:08980,validation,1,lower-bound Pareto dominance: correctness,2,1,2,True,True,False
helpsteer2:08981,validation,0,equivalent within epsilon,0,1,1,False,False,False
helpsteer2:08982,validation,1,lower-bound Pareto dominance: correctness,1,1,1,True,True,False
helpsteer2:08983,validation,1,"lower-bound Pareto dominance: coherence, correctness",3,1,2,True,True,False
helpsteer2:08984,validation,0,equivalent within epsilon,0,0,0,False,False,False
helpsteer2:08985,validation,0,equivalent within epsilon,-1,-1,-1,False,True,False
helpsteer2:08986,validation,-1,"lower-bound Pareto dominance: coherence, correctness",-1,0,0,True,True,False
helpsteer2:08987,validation,-1,lower-bound Pareto dominance: correctness,-1,-1,-1,True,True,False
helpsteer2:08988,validation,-1,lower-bound Pareto dominance: correctness,-1,0,0,True,True,False
helpsteer2:08989,validation,1,"lower-bound Pareto dominance: coherence, correctness",1,1,2,True,True,False
helpsteer2:08990,validation,-1,"lower-bound Pareto dominance: coherence, correctness",-4,-1,-3,True,True,False
helpsteer2:08991,validation,1,"lower-bound Pareto dominance: coherence, correctness",2,1,2,True,True,False
helpsteer2:08992,validation,1,"lower-bound Pareto dominance: coherence, correctness",3,1,2,True,True,False
helpsteer2:08993,validation,0,equivalent within epsilon,0,0,0,False,False,False
helpsteer2:08994,validation,1,lower-bound Pareto dominance: correctness,1,1,1,True,True,False
helpsteer2:08995,validation,1,"lower-bound Pareto dominance: coherence, correctness",2,1,2,True,True,False
helpsteer2:08996,validation,-1,"lower-bound Pareto dominance: coherence, correctness",-4,-1,-3,True,True,False
helpsteer2:08997,validation,0,equivalent within epsilon,0,0,0,False,False,False
helpsteer2:08998,validation,-1,"lower-bound Pareto dominance: coherence, correctness",-4,-1,-3,True,True,False
helpsteer2:08999,validation,1,lower-bound Pareto dominance: correctness,3,1,3,True,True,False
helpsteer2:09000,validation,-1,"lower-bound Pareto dominance: coherence, correctness",-1,-1,-1,True,True,False
helpsteer2:09001,validation,1,lower-bound Pareto dominance: correctness,3,1,3,True,True,False
helpsteer2:09002,validation,1,"lower-bound Pareto dominance: coherence, correctness",3,1,3,True,True,False
helpsteer2:09003,validation,-1,"lower-bound Pareto dominance: coherence, correctness",-4,-1,-3,True,True,False
helpsteer2:09004,validation,1,lower-bound Pareto dominance: correctness,4,1,3,True,True,False
helpsteer2:09005,validation,-1,"lower-bound Pareto dominance: coherence, correctness",-4,-1,-3,True,True,False
helpsteer2:09006,validation,1,"lower-bound Pareto dominance: coherence, correctness",3,1,3,True,True,False
helpsteer2:09007,validation,1,"lower-bound Pareto dominance: coherence, correctness",2,1,1,True,True,False
helpsteer2:09008,validation,-1,"lower-bound Pareto dominance: coherence, correctness",-2,-1,-2,True,True,False
helpsteer2:09009,validation,-1,lower-bound Pareto dominance: correctness,-1,-1,-2,True,True,False
helpsteer2:09010,validation,1,"lower-bound Pareto dominance: coherence, correctness",4,1,3,True,True,False
helpsteer2:09011,validation,1,"lower-bound Pareto dominance: coherence, correctness",3,1,3,True,True,False
helpsteer2:09012,validation,-1,lower-bound Pareto dominance: coherence,-1,0,0,True,True,False
helpsteer2:09013,validation,-1,"lower-bound Pareto dominance: coherence, correctness",-3,-1,-3,True,True,False
helpsteer2:09014,validation,1,"lower-bound Pareto dominance: coherence, correctness",2,1,2,True,True,False
helpsteer2:09015,validation,-1,"lower-bound Pareto dominance: coherence, correctness",-3,-1,-3,True,True,False
helpsteer2:09016,validation,1,lower-bound Pareto dominance: correctness,1,1,1,True,True,False
helpsteer2:09017,validation,1,"lower-bound Pareto dominance: coherence, correctness",2,1,2,True,True,False
helpsteer2:09018,validation,1,lower-bound Pareto dominance: correctness,3,1,3,True,True,False
helpsteer2:09019,validation,-1,"lower-bound Pareto dominance: coherence, correctness",-3,-1,-3,True,True,False
helpsteer2:09020,validation,1,"lower-bound Pareto dominance: coherence, correctness",1,1,1,True,True,False
helpsteer2:09021,validation,0,equivalent within epsilon,-1,0,0,False,False,False
helpsteer2:09022,validation,0,equivalent within epsilon,0,1,1,False,False,False
helpsteer2:09023,validation,-1,lower-bound Pareto dominance: coherence,-2,-1,-2,True,True,False
helpsteer2:09024,validation,1,lower-bound Pareto dominance: correctness,2,1,2,True,True,False
helpsteer2:09025,validation,0,equivalent within epsilon,0,-1,-2,False,False,False
helpsteer2:09026,validation,0,equivalent within epsilon,0,0,0,False,False,False
helpsteer2:09027,validation,-1,lower-bound Pareto dominance: correctness,-1,-1,-1,True,True,False
helpsteer2:09028,validation,0,equivalent within epsilon,0,0,0,False,False,False
helpsteer2:09029,validation,0,equivalent within epsilon,0,0,0,False,False,False
helpsteer2:09030,validation,-1,lower-bound Pareto dominance: coherence,-1,-1,-1,True,True,False
helpsteer2:09031,validation,-1,lower-bound Pareto dominance: correctness,-4,-1,-3,True,True,False
helpsteer2:09032,validation,-1,"lower-bound Pareto dominance: coherence, correctness",-3,-1,-3,True,True,False
helpsteer2:09033,validation,-1,"lower-bound Pareto dominance: coherence, correctness",-1,-1,-1,True,True,False
helpsteer2:09034,validation,1,lower-bound Pareto dominance: correctness,3,1,2,True,True,False
helpsteer2:09035,validation,0,cross-objective tradeoff,0,0,0,False,False,False
helpsteer2:09036,validation,-1,lower-bound Pareto dominance: coherence,0,0,0,False,False,False
helpsteer2:09037,validation,-1,lower-bound Pareto dominance: correctness,-1,-1,-1,True,True,False
helpsteer2:09038,validation,-1,lower-bound Pareto dominance: correctness,-2,-1,-2,True,True,False
helpsteer2:09039,validation,1,lower-bound Pareto dominance: correctness,4,1,3,True,True,False
helpsteer2:09040,validation,-1,"lower-bound Pareto dominance: coherence, correctness",-1,-1,-2,True,True,False
helpsteer2:09041,validation,0,equivalent within epsilon,0,0,0,False,False,False
helpsteer2:09042,validation,1,lower-bound Pareto dominance: correctness,2,1,2,True,True,False
helpsteer2:09043,validation,1,"lower-bound Pareto dominance: coherence, correctness",2,1,2,True,True,False
helpsteer2:09044,validation,1,"lower-bound Pareto dominance: coherence, correctness",1,1,2,True,True,False
helpsteer2:09045,validation,1,lower-bound Pareto dominance: correctness,1,1,1,True,False,False
helpsteer2:09046,validation,-1,lower-bound Pareto dominance: correctness,-3,-1,-3,True,True,False
helpsteer2:09047,validation,1,"lower-bound Pareto dominance: coherence, correctness",2,1,2,True,True,False
helpsteer2:09048,validation,-1,lower-bound Pareto dominance: correctness,-4,-1,-3,True,True,False
helpsteer2:09049,validation,0,equivalent within epsilon,0,0,0,False,False,False
helpsteer2:09050,validation,-1,lower-bound Pareto dominance: correctness,-1,-1,-1,True,True,False
helpsteer2:09051,validation,-1,lower-bound Pareto dominance: correctness,-1,-1,-1,True,True,False
helpsteer2:09052,validation,1,lower-bound Pareto dominance: correctness,2,1,2,True,True,False
helpsteer2:09053,validation,-1,"lower-bound Pareto dominance: coherence, correctness",-2,-1,-2,True,True,False
helpsteer2:09054,validation,1,lower-bound Pareto dominance: correctness,1,-1,-1,True,True,False
helpsteer2:09055,validation,1,"lower-bound Pareto dominance: coherence, correctness",3,1,2,True,True,False
helpsteer2:09056,validation,-1,lower-bound Pareto dominance: coherence,0,1,2,False,False,False
helpsteer2:09057,validation,-1,"lower-bound Pareto dominance: coherence, correctness",-2,-1,-2,True,True,False
helpsteer2:09058,validation,-1,"lower-bound Pareto dominance: coherence, correctness",-2,-1,-1,True,True,False
helpsteer2:09059,validation,1,"lower-bound Pareto dominance: coherence, correctness",2,1,2,True,True,False
helpsteer2:09060,validation,0,equivalent within epsilon,1,1,1,False,True,False
helpsteer2:09061,validation,-1,"lower-bound Pareto dominance: coherence, correctness",-1,-1,-1,True,True,False
helpsteer2:09062,validation,1,lower-bound Pareto dominance: correctness,4,1,3,True,True,False
helpsteer2:09063,validation,0,equivalent within epsilon,0,-1,-3,False,False,False
helpsteer2:09064,validation,1,"lower-bound Pareto dominance: coherence, correctness",1,1,1,True,True,False
helpsteer2:09065,validation,1,lower-bound Pareto dominance: coherence,2,1,1,True,True,False
helpsteer2:09066,validation,1,"lower-bound Pareto dominance: coherence, correctness",0,1,1,False,False,False
helpsteer2:09067,validation,-1,lower-bound Pareto dominance: correctness,-2,-1,-2,True,True,False
helpsteer2:09068,validation,-1,"lower-bound Pareto dominance: coherence, correctness",-1,-1,-1,True,True,False
helpsteer2:09069,validation,1,lower-bound Pareto dominance: correctness,1,0,0,True,True,False
helpsteer2:09070,validation,0,equivalent within epsilon,0,0,0,False,False,False
helpsteer2:09071,validation,1,lower-bound Pareto dominance: correctness,4,1,3,True,True,False
helpsteer2:09072,validation,0,equivalent within epsilon,0,-1,-1,False,False,False
helpsteer2:09073,validation,1,"lower-bound Pareto dominance: coherence, correctness",3,1,3,True,True,False
helpsteer2:09074,validation,1,lower-bound Pareto dominance: correctness,1,1,1,True,False,False
helpsteer2:09075,validation,0,equivalent within epsilon,0,1,1,False,False,False
helpsteer2:09076,validation,1,lower-bound Pareto dominance: correctness,1,0,0,True,True,False
helpsteer2:09077,validation,-1,lower-bound Pareto dominance: correctness,-2,-1,-2,True,True,False
helpsteer2:09078,validation,-1,lower-bound Pareto dominance: correctness,-1,-1,-1,True,True,False
helpsteer2:09079,validation,0,equivalent within epsilon,0,-1,-2,False,False,False
helpsteer2:09080,validation,1,"lower-bound Pareto dominance: coherence, correctness",3,1,3,True,True,False
helpsteer2:09081,validation,-1,lower-bound Pareto dominance: correctness,-1,-1,-1,True,True,False
helpsteer2:09082,validation,1,"lower-bound Pareto dominance: coherence, correctness",4,1,3,True,True,False
helpsteer2:09083,validation,1,lower-bound Pareto dominance: correctness,4,1,3,True,True,False
helpsteer2:09084,validation,0,equivalent within epsilon,0,0,0,False,False,False
helpsteer2:09085,validation,0,equivalent within epsilon,0,0,0,False,False,False
helpsteer2:09086,validation,-1,lower-bound Pareto dominance: correctness,-4,-1,-3,True,True,False
helpsteer2:09087,validation,-1,lower-bound Pareto dominance: correctness,-2,-1,-3,True,True,False
helpsteer2:09088,validation,-1,lower-bound Pareto dominance: correctness,-2,-1,-2,True,True,False
helpsteer2:09089,validation,1,"lower-bound Pareto dominance: coherence, correctness",4,1,3,True,True,False
helpsteer2:09090,validation,1,lower-bound Pareto dominance: correctness,4,1,3,True,True,False
helpsteer2:09091,validation,-1,lower-bound Pareto dominance: coherence,0,0,0,False,False,False
helpsteer2:09092,validation,-1,"lower-bound Pareto dominance: coherence, correctness",-1,-1,-2,True,False,False
helpsteer2:09093,validation,1,"lower-bound Pareto dominance: coherence, correctness",1,1,1,True,True,False
helpsteer2:09094,validation,1,lower-bound Pareto dominance: correctness,1,1,1,True,True,False
helpsteer2:09095,validation,0,equivalent within epsilon,0,-1,-1,False,False,False
helpsteer2:09096,validation,-1,"lower-bound Pareto dominance: coherence, correctness",-1,-1,-1,True,False,False
helpsteer2:09097,validation,1,lower-bound Pareto dominance: correctness,1,1,1,True,False,False
helpsteer2:09098,validation,1,"lower-bound Pareto dominance: coherence, correctness",2,1,1,True,True,False
helpsteer2:09099,validation,1,lower-bound Pareto dominance: correctness,1,1,2,True,True,False
helpsteer2:09100,validation,1,lower-bound Pareto dominance: correctness,3,1,3,True,True,False
helpsteer2:09101,validation,0,equivalent within epsilon,1,0,0,False,True,False
helpsteer2:09102,validation,-1,lower-bound Pareto dominance: correctness,-2,-1,-1,True,True,False
helpsteer2:09103,validation,0,cross-objective tradeoff,-2,-1,-1,False,True,False
helpsteer2:09104,validation,1,lower-bound Pareto dominance: correctness,1,1,1,True,True,False
helpsteer2:09105,validation,-1,lower-bound Pareto dominance: correctness,-3,-1,-3,True,True,False
helpsteer2:09106,validation,-1,lower-bound Pareto dominance: correctness,-1,-1,-1,True,True,False
helpsteer2:09107,validation,-1,lower-bound Pareto dominance: correctness,-2,-1,-1,True,True,False
helpsteer2:09108,validation,0,equivalent within epsilon,0,-1,-1,False,False,False
helpsteer2:09109,validation,1,lower-bound Pareto dominance: correctness,1,1,1,True,True,False
helpsteer2:09110,validation,1,lower-bound Pareto dominance: correctness,1,1,1,True,True,False
helpsteer2:09111,validation,-1,lower-bound Pareto dominance: correctness,-4,-1,-3,True,True,False
helpsteer2:09112,validation,-1,"lower-bound Pareto dominance: coherence, correctness",-2,-1,-2,True,True,False
helpsteer2:09113,validation,0,equivalent within epsilon,0,0,0,False,False,False
helpsteer2:09114,validation,1,"lower-bound Pareto dominance: coherence, correctness",2,1,1,True,True,False
helpsteer2:09115,validation,0,equivalent within epsilon,0,-1,-2,False,False,False
helpsteer2:09116,validation,-1,"lower-bound Pareto dominance: coherence, correctness",-1,0,0,True,True,False
helpsteer2:09117,validation,1,lower-bound Pareto dominance: correctness,1,1,1,True,True,False
helpsteer2:09118,validation,-1,lower-bound Pareto dominance: correctness,0,0,0,False,False,False
helpsteer2:09119,validation,1,lower-bound Pareto dominance: correctness,1,0,0,True,True,False
helpsteer2:09120,validation,1,"lower-bound Pareto dominance: coherence, correctness",1,1,1,True,True,False
helpsteer2:09121,validation,0,equivalent within epsilon,0,1,1,False,False,False
helpsteer2:09122,validation,1,"lower-bound Pareto dominance: coherence, correctness",3,1,3,True,True,False
helpsteer2:09123,validation,0,equivalent within epsilon,0,0,0,False,False,False
helpsteer2:09124,validation,-1,lower-bound Pareto dominance: correctness,-1,-1,-1,True,True,False
